3.783374567827558e+03 7.174068077053013e-16 5.806771949121942e-17
3.784245822318700e+03 7.391540490117826e-16 5.870186391560034e-17
3.785117277446696e+03 7.014393205901904e-16 5.766461720106406e-17
3.785988933257759e+03 7.804617675944258e-16 5.978232162915254e-17
3.786860789798094e+03 8.079198138945498e-16 5.940938491723609e-17
3.787732847113935e+03 7.193577036643345e-16 5.799147533071045e-17
3.788605105251510e+03 7.270906302593396e-16 5.783131932132577e-17
3.789477564257071e+03 7.446564324248614e-16 5.787864991411348e-17
3.790350224176869e+03 6.933806936726782e-16 5.667536479593084e-17
3.791223085057178e+03 7.927286273562035e-16 5.798687631795809e-17
3.792096146944270e+03 7.311153147523922e-16 5.657500318893958e-17
3.792969409884441e+03 5.730752782458209e-16 5.307437810577028e-17
3.793842873923981e+03 6.388598106911159e-16 5.356987547840882e-17
3.794716539109210e+03 6.760084782634708e-16 5.510736281566909e-17
3.795590405486441e+03 7.325495453510893e-16 5.846378372639728e-17
3.796464473102013e+03 7.575102752221869e-16 6.329083524237393e-17
3.797338742002259e+03 1.104587540441759e-15 7.190203739923820e-17
3.798213212233542e+03 1.575249543252030e-15 8.275396812628174e-17
3.799087883842216e+03 1.492843305507705e-15 8.366590451416574e-17
3.799962756874664e+03 1.175574413762780e-15 7.890921253256878e-17
3.800837831377262e+03 8.183548374993857e-16 7.163562475553357e-17
3.801713107396414e+03 6.303664606430488e-16 6.824446271092084e-17
3.802588584978522e+03 8.051896043816396e-16 7.010364806837007e-17
3.803464264170000e+03 8.034936168673514e-16 6.843458735131321e-17
3.804340145017282e+03 6.704460871500724e-16 6.512443304032685e-17
3.805216227566800e+03 6.981218053726439e-16 6.352490650841365e-17
3.806092511865010e+03 7.628371306956679e-16 6.278386753464606e-17
3.806968997958363e+03 6.895985335018013e-16 6.007647330263920e-17
3.807845685893340e+03 7.648242909723611e-16 5.815160166385287e-17
3.808722575716411e+03 8.409842685601263e-16 5.885304074661529e-17
3.809599667474077e+03 7.874842156520184e-16 5.748234597890687e-17
3.810476961212833e+03 7.724177240345635e-16 5.660849870405746e-17
3.811354456979200e+03 7.976378404410699e-16 5.796451807423079e-17
3.812232154819694e+03 7.742476586157591e-16 5.813721594483827e-17
3.813110054780857e+03 7.804541967670586e-16 5.920726344362985e-17
3.813988156909228e+03 7.811636135841586e-16 5.963047974626210e-17
3.814866461251369e+03 7.248912109800397e-16 5.802547277495498e-17
3.815744967853840e+03 7.126327567795153e-16 5.517676847338872e-17
3.816623676763226e+03 6.912265149640300e-16 5.421061637533194e-17
3.817502588026107e+03 7.019797602234707e-16 5.482537188437197e-17
3.818381701689091e+03 6.728300244098554e-16 5.565697465843232e-17
3.819261017798784e+03 9.253997233264232e-16 5.974974557580443e-17
3.820140536401800e+03 8.740967795114502e-16 5.916190346478603e-17
3.821020257544781e+03 7.932258622873240e-16 5.776529564550158e-17
3.821900181274360e+03 8.707887117502364e-16 5.820315825322362e-17
3.822780307637196e+03 8.539866050553846e-16 5.757290481335573e-17
3.823660636679947e+03 7.593682037652504e-16 5.561997570965647e-17
3.824541168449293e+03 7.958901815487113e-16 5.574281727119428e-17
3.825421902991913e+03 7.441388831459987e-16 5.455108490786659e-17
3.826302840354509e+03 7.632659245529250e-16 5.485468011024395e-17
3.827183980583779e+03 7.529020357366445e-16 5.436050425790446e-17
3.828065323726450e+03 7.482525348710432e-16 5.436582919122187e-17
3.828946869829241e+03 8.186357591672121e-16 5.640111408078481e-17
3.829828618938898e+03 7.614987865769784e-16 5.628096358532116e-17
3.830710571102164e+03 6.604604765400528e-16 5.334636358243065e-17
3.831592726365805e+03 6.723790893459907e-16 5.168551049520125e-17
3.832475084776586e+03 5.526003325224675e-16 4.879050819094634e-17
3.833357646381296e+03 7.358493804803985e-16 5.248854407583470e-17
3.834240411226720e+03 9.278108839053445e-16 5.741095931973550e-17
3.835123379359668e+03 1.711942162628941e-15 7.077617710296166e-17
3.836006550826948e+03 2.110316684115371e-15 7.889075681039326e-17
3.836889925675391e+03 1.737465522562393e-15 7.142317784833743e-17
3.837773503951829e+03 1.147370315899153e-15 6.014834037914158e-17
3.838657285703105e+03 7.867455215821829e-16 5.260632917036976e-17
3.839541270976084e+03 6.432993648134795e-16 4.855932290929449e-17
3.840425459817627e+03 6.295253766490616e-16 4.824182541377163e-17
3.841309852274618e+03 7.180485589872763e-16 4.986288408192008e-17
3.842194448393941e+03 6.577229503791938e-16 4.812867887822478e-17
3.843079248222505e+03 7.012753911090938e-16 4.875650001777364e-17
3.843964251807211e+03 6.364953845730102e-16 4.808600914629348e-17
3.844849459194989e+03 6.919867563379418e-16 4.928410339133677e-17
3.845734870432766e+03 7.539872690688831e-16 5.110648540440463e-17
3.846620485567492e+03 6.935411655946403e-16 5.148156870699776e-17
3.847506304646114e+03 6.786890042898131e-16 5.178174731758435e-17
3.848392327715605e+03 7.798707825187642e-16 5.393242011610160e-17
3.849278554822932e+03 6.746989096285813e-16 5.164371803281409e-17
3.850164986015092e+03 8.110622418747678e-16 5.361473080193326e-17
3.851051621339073e+03 6.893247988856405e-16 5.028497913902910e-17
3.851938460841892e+03 7.646441670437645e-16 5.078469310067697e-17
3.852825504570560e+03 7.566187384536637e-16 5.009881424090996e-17
3.853712752572117e+03 7.815801113908703e-16 4.955997298339730e-17
3.854600204893597e+03 7.995150807828026e-16 4.963658183166466e-17
3.855487861582050e+03 7.592031995276824e-16 4.905369354015054e-17
3.856375722684546e+03 7.663804957903054e-16 4.926721634614035e-17
3.857263788248150e+03 7.585487768787943e-16 4.947745994418266e-17
3.858152058319956e+03 7.283435955772422e-16 4.901018522503437e-17
3.859040532947049e+03 7.550449288964962e-16 4.980283362000766e-17
3.859929212176544e+03 7.332413554569958e-16 5.000892992437594e-17
3.860818096055551e+03 7.665369892005409e-16 5.092819538746090e-17
3.861707184631203e+03 7.377629296371340e-16 5.108202153914851e-17
3.862596477950633e+03 7.470497897702320e-16 5.154505607991789e-17
3.863485976060997e+03 8.115019910477979e-16 5.239525574935715e-17
3.864375679009449e+03 8.200094570207444e-16 5.216074357959069e-17
3.865265586843165e+03 7.592083683091185e-16 5.188314538841456e-17
3.866155699609323e+03 7.210017081294019e-16 5.161703377233180e-17
3.867046017355121e+03 1.135794138884475e-15 6.246733775948914e-17
3.867936540127756e+03 2.812877509821348e-15 9.273146650936446e-17
3.868827267974450e+03 5.887365165501119e-15 1.406250156403976e-16
3.869718200942420e+03 7.301582873148661e-15 1.707427061472055e-16
3.870609339078912e+03 5.472583973605559e-15 1.342820290079425e-16
3.871500682431164e+03 2.561043012472220e-15 8.503465916271479e-17
3.872392231046443e+03 9.929017921250705e-16 6.127389563674448e-17
3.873283984972014e+03 7.645003063495799e-16 5.301809749469709e-17
3.874175944255151e+03 7.497931954490739e-16 5.123227320380079e-17
3.875068108943154e+03 7.798497143568759e-16 5.050797542749971e-17
3.875960479083317e+03 7.205889820666062e-16 4.822606644631530e-17
3.876853054722961e+03 7.444517480178588e-16 4.775986285998358e-17
3.877745835909400e+03 7.102479217906365e-16 4.702178482623627e-17
3.878638822689978e+03 6.922918978121185e-16 4.694120398893526e-17
3.879532015112030e+03 7.274758301698790e-16 4.828107549127858e-17
3.880425413222923e+03 7.436724175169712e-16 4.932777337525979e-17
3.881319017070013e+03 6.812258866006122e-16 4.855588189490955e-17
3.882212826700689e+03 6.369276648105833e-16 4.784441922030633e-17
3.883106842162329e+03 7.087375682457563e-16 4.871670201478649e-17
3.884001063502344e+03 5.556268035040862e-16 4.531876121262804e-17
3.884895490768133e+03 7.063440488374389e-16 4.886913575265512e-17
3.885790124007129e+03 6.603426928455290e-16 4.834199627423615e-17
3.886684963266754e+03 6.292396410321153e-16 5.014042738696633e-17
3.887580008594462e+03 1.122235315297322e-15 5.988310007608141e-17
3.888475260037696e+03 2.467078367811626e-15 8.318078698539012e-17
3.889370717643932e+03 3.980090228963282e-15 1.118256924650641e-16
3.890266381460642e+03 4.083590716144365e-15 1.115083442255637e-16
3.891162251535309e+03 2.379277939348101e-15 8.302696452448462e-17
3.892058327915438e+03 1.028185051070302e-15 5.691948714220981e-17
3.892954610648531e+03 7.003581909999991e-16 4.914348137643474e-17
3.893851099782116e+03 6.126279718169661e-16 4.642408264145365e-17
3.894747795363716e+03 5.966248159486489e-16 4.544099715210899e-17
3.895644697440880e+03 6.589463203673564e-16 4.581287857581238e-17
3.896541806061154e+03 7.134242935618077e-16 4.609256048788340e-17
3.897439121272109e+03 7.192163754988656e-16 4.578148670923505e-17
3.898336643121312e+03 7.059319261680348e-16 4.545668648073615e-17
3.899234371656357e+03 6.867990543636326e-16 4.456090759086940e-17
3.900132306924832e+03 6.761864370029474e-16 4.416054611915175e-17
3.901030448974354e+03 7.194535104618786e-16 4.494548685220089e-17
3.901928797852532e+03 6.790761377915658e-16 4.456240534852491e-17
3.902827353607004e+03 7.290837629250510e-16 4.523842685708704e-17
3.903726116285403e+03 8.110849258779556e-16 4.620748680155815e-17
3.904625085935388e+03 7.569881082986965e-16 4.513179229874518e-17
3.905524262604613e+03 6.656657345355481e-16 4.308485444237202e-17
3.906423646340761e+03 6.613178594381633e-16 4.316592123856426e-17
3.907323237191506e+03 7.014268545969397e-16 4.380988916146053e-17
3.908223035204554e+03 7.438432748198593e-16 4.475406511470920e-17
3.909123040427606e+03 7.786870323718039e-16 4.496205569259868e-17
3.910023252908375e+03 7.639651913275825e-16 4.397547806771029e-17
3.910923672694598e+03 8.318748218588039e-16 4.470603310076074e-17
3.911824299834006e+03 7.567821258113223e-16 4.350546036588286e-17
3.912725134374358e+03 7.813182663839835e-16 4.375326366332398e-17
3.913626176363407e+03 7.198123170193855e-16 4.314205088190494e-17
3.914527425848933e+03 7.466638810433831e-16 4.328619996872529e-17
3.915428882878712e+03 7.957653289207020e-16 4.406828015874456e-17
3.916330547500545e+03 6.151903311197637e-16 4.071461803081942e-17
3.917232419762231e+03 6.886617035540541e-16 4.173614499294375e-17
3.918134499711593e+03 7.398930983909259e-16 4.275824162585600e-17
3.919036787396451e+03 7.264722821534244e-16 4.206304020463750e-17
3.919939282864651e+03 6.772111085057374e-16 4.106802025695277e-17
3.920841986164036e+03 6.517509330093227e-16 4.037705472903331e-17
3.921744897342472e+03 6.767284624294952e-16 4.091693845874456e-17
3.922648016447824e+03 6.848965013230939e-16 4.130582441906512e-17
3.923551343527982e+03 6.943119656245179e-16 4.149179058565687e-17
3.924454878630831e+03 6.873717196758741e-16 4.097295644971383e-17
3.925358621804284e+03 6.436965249235923e-16 3.963766317348797e-17
3.926262573096249e+03 7.631507370753143e-16 4.236606387660120e-17
3.927166732554660e+03 6.956182030309993e-16 4.150042763452335e-17
3.928071100227450e+03 7.283548892438040e-16 4.246624053479059e-17
3.928975676162565e+03 7.553297799380001e-16 4.330903971124864e-17
3.929880460407972e+03 6.999946816365382e-16 4.266093658837415e-17
3.930785453011634e+03 7.149381710832687e-16 4.304710113252512e-17
3.931690654021540e+03 7.376220094946997e-16 4.317231393963402e-17
3.932596063485676e+03 6.686872324148845e-16 4.179675624312451e-17
3.933501681452053e+03 6.215811070267244e-16 4.084592052360889e-17
3.934407507968678e+03 6.774484492167171e-16 4.201776765209469e-17
3.935313543083586e+03 6.730503950711899e-16 4.234096417207405e-17
3.936219786844804e+03 6.442997811699204e-16 4.214767449743913e-17
3.937126239300391e+03 7.067125643442809e-16 4.333322851814967e-17
3.938032900498396e+03 6.940937272137649e-16 4.308925531353490e-17
3.938939770486897e+03 7.130700166252652e-16 4.283648582707923e-17
3.939846849313969e+03 6.924119305779761e-16 4.224664367039459e-17
3.940754137027712e+03 7.129446660050009e-16 4.252229840614082e-17
3.941661633676220e+03 8.066420235022017e-16 4.449724408920776e-17
3.942569339307618e+03 8.087632628697688e-16 4.476250933127746e-17
3.943477253970021e+03 7.340407642295147e-16 4.371930574284796e-17
3.944385377711575e+03 7.295551607062933e-16 4.397680157200132e-17
3.945293710580424e+03 7.940358558895797e-16 4.525523670379124e-17
3.946202252624723e+03 7.015619280248978e-16 4.402253097579694e-17
3.947111003892649e+03 7.731558676444496e-16 4.532413981013952e-17
3.948019964432377e+03 7.807587501245149e-16 4.523119008965887e-17
3.948929134292104e+03 6.598137307783001e-16 4.348510064140452e-17
3.949838513520027e+03 6.507774127178641e-16 4.311207789129351e-17
3.950748102164370e+03 7.608376873289763e-16 4.558478819771817e-17
3.951657900273348e+03 7.387133091882695e-16 4.583196198457827e-17
3.952567907895207e+03 7.180167954807280e-16 4.572717703857295e-17
3.953478125078186e+03 6.779281329239527e-16 4.508098782253497e-17
3.954388551870552e+03 6.491941212244495e-16 4.472605222494628e-17
3.955299188320566e+03 6.904902799505585e-16 4.494855730937788e-17
3.956210034476519e+03 6.886584981558476e-16 4.459326915571399e-17
3.957121090386693e+03 6.538164064850579e-16 4.382340477071179e-17
3.958032356099401e+03 6.751066279473752e-16 4.393789124597139e-17
3.958943831662948e+03 6.695159276827463e-16 4.352020656410834e-17
3.959855517125668e+03 6.455974672632018e-16 4.318112684595778e-17
3.960767412535890e+03 7.332668562781020e-16 4.459603174630073e-17
3.961679517941970e+03 6.320371595299786e-16 4.230174071292941e-17
3.962591833392258e+03 5.868060224642872e-16 4.114950805114636e-17
3.963504358935133e+03 6.635831301719906e-16 4.242597194022097e-17
3.964417094618971e+03 6.979611659785376e-16 4.287987999012760e-17
3.965330040492162e+03 7.784818563633160e-16 4.469115511513425e-17
3.966243196603115e+03 1.027214265012189e-15 5.001049139384170e-17
3.967156563000239e+03 1.669191001329959e-15 6.046790837810620e-17
3.968070139731966e+03 2.513811336614080e-15 7.589751014973358e-17
3.968983926846726e+03 3.034078583734376e-15 8.674967738603106e-17
3.969897924392975e+03 3.426156726590019e-15 9.363173415432555e-17
3.970812132419164e+03 3.959002049690881e-15 1.022227564519942e-16
3.971726550973771e+03 3.257628299185634e-15 8.857583213131731e-17
3.972641180105270e+03 1.743461315463939e-15 5.867141055672266e-17
3.973556019862162e+03 7.702164650684795e-16 4.053862009342181e-17
3.974471070292943e+03 5.819366859737756e-16 3.642223955257404e-17
3.975386331446134e+03 5.776800607270222e-16 3.584271563476729e-17
3.976301803370256e+03 5.931082004120757e-16 3.636128153529898e-17
3.977217486113852e+03 6.404731120997714e-16 3.720497644271375e-17
3.978133379725465e+03 6.017359847671228e-16 3.646880728879046e-17
3.979049484253660e+03 6.606215198493699e-16 3.691597434306485e-17
3.979965799747002e+03 6.702050070407111e-16 3.672515569461278e-17
3.980882326254080e+03 6.739562954523747e-16 3.681615957411434e-17
3.981799063823485e+03 7.297877934931323e-16 3.775738146293954e-17
3.982716012503815e+03 7.176388215313262e-16 3.765125262500739e-17
3.983633172343696e+03 6.655970276150013e-16 3.699848995391882e-17
3.984550543391745e+03 6.653517501709302e-16 3.689466490246383e-17
3.985468125696609e+03 6.503811232273526e-16 3.676514260176504e-17
3.986385919306929e+03 6.264840553292390e-16 3.641399991288890e-17
3.987303924271374e+03 7.002662847126047e-16 3.752016012085800e-17
3.988222140638607e+03 7.252357517246785e-16 3.767177748590104e-17
3.989140568457320e+03 6.678935027899982e-16 3.634142553396514e-17
3.990059207776198e+03 6.834089086027711e-16 3.615388663595414e-17
3.990978058643955e+03 7.219863764583791e-16 3.686096119902750e-17
3.991897121109298e+03 6.848018545579052e-16 3.628960156125557e-17
3.992816395220966e+03 6.402774932949306e-16 3.577649479550647e-17
3.993735881027686e+03 6.664866722068674e-16 3.677838336538903e-17
3.994655578578219e+03 7.270715690188332e-16 3.870203114969637e-17
3.995575487921317e+03 7.490211874597672e-16 3.998646230130067e-17
3.996495609105762e+03 7.090637033091517e-16 3.951544564439202e-17
3.997415942180329e+03 6.538888206216434e-16 3.798101633279136e-17
3.998336487193822e+03 7.372169953184822e-16 3.858576316531130e-17
3.999257244195037e+03 7.509730111708205e-16 3.810365980586014e-17
4.000178213232802e+03 6.763431785487696e-16 3.677352589755222e-17
4.001099394355941e+03 6.359631869560518e-16 3.584725048894781e-17
4.002020787613290e+03 6.541560842505356e-16 3.700532280978389e-17
4.002942393053708e+03 7.122319688745233e-16 3.809694217910252e-17
4.003864210726051e+03 7.051965256575145e-16 3.759706886319967e-17
4.004786240679200e+03 6.366206125597339e-16 3.619492116755699e-17
4.005708482962031e+03 6.344847281029266e-16 3.562149502910677e-17
4.006630937623449e+03 6.367290240282543e-16 3.531746718465285e-17
4.007553604712355e+03 6.736821144182838e-16 3.593576324486817e-17
4.008476484277674e+03 6.325270123749724e-16 3.592389570466671e-17
4.009399576368330e+03 7.331141367141602e-16 3.811359949899149e-17
4.010322881033270e+03 6.807370738037580e-16 3.811898209137034e-17
4.011246398321441e+03 6.757895704106751e-16 3.761184295968932e-17
4.012170128281814e+03 7.189694733744630e-16 3.796190254630161e-17
4.013094070963356e+03 7.472220977595051e-16 3.808913950113580e-17
4.014018226415061e+03 7.519282741458205e-16 3.783691526702991e-17
4.014942594685920e+03 7.037368732040054e-16 3.654100564974890e-17
4.015867175824949e+03 6.771631894733858e-16 3.632684748576240e-17
4.016791969881161e+03 6.401032485108353e-16 3.573869265355841e-17
4.017716976903596e+03 7.438349939723803e-16 3.771281178249309e-17
4.018642196941292e+03 6.870883824045008e-16 3.670677652676187e-17
4.019567630043300e+03 7.340318960796713e-16 3.737511690872953e-17
4.020493276258693e+03 6.877610157928033e-16 3.675171375598938e-17
4.021419135636540e+03 6.919280418195111e-16 3.686339586394707e-17
4.022345208225937e+03 7.476016086923610e-16 3.802961062858839e-17
4.023271494075975e+03 7.049522623639069e-16 3.728419744665147e-17
4.024197993235774e+03 6.894431209064149e-16 3.723827646867720e-17
4.025124705754447e+03 7.424745867718796e-16 3.825693306692524e-17
4.026051631681136e+03 9.143649141408838e-16 4.180483889019078e-17
4.026978771064977e+03 1.055115270404723e-15 4.424147270075179e-17
4.027906123955135e+03 9.086858916835758e-16 4.193187765634368e-17
4.028833690400767e+03 8.238160418943624e-16 4.046070631905255e-17
4.029761470451063e+03 7.519170529672016e-16 3.948826733328715e-17
4.030689464155203e+03 7.260486845505276e-16 3.917401086821590e-17
4.031617671562395e+03 7.216122744361959e-16 3.908746721944659e-17
4.032546092721846e+03 6.985194637754300e-16 3.881178965756489e-17
4.033474727682787e+03 7.113945559681808e-16 3.954129017028763e-17
4.034403576494446e+03 7.228886325793925e-16 4.129413385106202e-17
4.035332639206076e+03 7.300229364416480e-16 4.298892729779067e-17
4.036261915866929e+03 7.264737394895879e-16 4.213691464967503e-17
4.037191406526280e+03 6.859562189322661e-16 3.932693594142239e-17
4.038121111233407e+03 7.203185655099637e-16 3.890922563120922e-17
4.039051030037599e+03 6.821327275653068e-16 3.764902098515062e-17
4.039981162988165e+03 6.422672717276186e-16 3.705071221766297e-17
4.040911510134413e+03 6.601737807203003e-16 3.715738171757232e-17
4.041842071525678e+03 7.101513505398034e-16 3.790676294599206e-17
4.042772847211287e+03 7.428777802353940e-16 3.867668642904485e-17
4.043703837240599e+03 6.644231718193634e-16 3.734600206490621e-17
4.044635041662965e+03 5.929360979756426e-16 3.539269278605155e-17
4.045566460527764e+03 6.375871070284654e-16 3.677311067085687e-17
4.046498093884373e+03 6.469487421551448e-16 3.756136710613823e-17
4.047429941782192e+03 6.711952601466747e-16 3.890033378541918e-17
4.048362004270620e+03 7.015001323621898e-16 3.982618691307727e-17
4.049294281399082e+03 7.457607446993736e-16 3.984855347025345e-17
4.050226773216997e+03 7.286651369189301e-16 3.901870039908854e-17
4.051159479773814e+03 6.650834384808071e-16 3.750189899823479e-17
4.052092401118976e+03 6.846447412045913e-16 3.804836838327693e-17
4.053025537301954e+03 7.305147243889397e-16 3.932840907157655e-17
4.053958888372212e+03 6.232870895984405e-16 3.818883126938361e-17
4.054892454379245e+03 6.812085908138952e-16 3.957976357594532e-17
4.055826235372542e+03 6.567593639198746e-16 3.874053615903622e-17
4.056760231401619e+03 6.524138917307932e-16 3.766572685010785e-17
4.057694442515990e+03 7.239173389634642e-16 3.821224218040386e-17
4.058628868765183e+03 7.522228778576224e-16 3.796947727000983e-17
4.059563510198748e+03 7.470004302420014e-16 3.743393020058693e-17
4.060498366866232e+03 6.915984999192205e-16 3.666974683970901e-17
4.061433438817206e+03 6.332778909540771e-16 3.577091606605541e-17
4.062368726101241e+03 7.298842554479305e-16 3.772652907762755e-17
4.063304228767931e+03 7.374683898164424e-16 3.826559182904008e-17
4.064239946866868e+03 6.958607190983597e-16 3.726594006551217e-17
4.065175880447671e+03 7.193314883044114e-16 3.711764235220352e-17
4.066112029559954e+03 6.956346671162748e-16 3.635790852711104e-17
4.067048394253359e+03 7.408172265256703e-16 3.700082475357452e-17
4.067984974577523e+03 8.310768719493666e-16 3.919898024826857e-17
4.068921770582110e+03 1.020763097743946e-15 4.248754463257916e-17
4.069858782316780e+03 1.129893074846198e-15 4.449711086550278e-17
4.070796009831222e+03 9.986414104555555e-16 4.200684357992612e-17
4.071733453175117e+03 8.183474982422422e-16 3.825192220732608e-17
4.072671112398176e+03 6.547020156359638e-16 3.483221036392059e-17
4.073608987550105e+03 7.189162861071843e-16 3.601838867029018e-17
4.074547078680637e+03 7.318096747602374e-16 3.576585574777079e-17
4.075485385839504e+03 7.122433009222590e-16 3.525751202506131e-17
4.076423909076451e+03 7.221331780900565e-16 3.613821164014166e-17
4.077362648441245e+03 9.121092478086561e-16 3.939421231498277e-17
4.078301603983649e+03 8.312400036492936e-16 3.849108193283646e-17
4.079240775753455e+03 6.510880161783557e-16 3.587507087999641e-17
4.080180163800446e+03 6.635736621518156e-16 3.518073776613593e-17
4.081119768174437e+03 6.632854417943909e-16 3.439808225373229e-17
4.082059588925238e+03 7.190157234201297e-16 3.505943759204136e-17
4.082999626102683e+03 6.927404955246485e-16 3.467640695049144e-17
4.083939879756605e+03 6.872156402304488e-16 3.432420814337409e-17
4.084880349936865e+03 6.710958336048405e-16 3.465188544263769e-17
4.085821036693314e+03 6.450859419886794e-16 3.459503765535700e-17
4.086761940075837e+03 6.476976606050055e-16 3.481807694867948e-17
4.087703060134311e+03 6.911677541074465e-16 3.517657524292424e-17
4.088644396918641e+03 7.133509022196371e-16 3.493549920743460e-17
4.089585950478729e+03 6.641914939378010e-16 3.393623476821792e-17
4.090527720864502e+03 6.614368548577211e-16 3.393570800807184e-17
4.091469708125883e+03 7.687694030325645e-16 3.566542845592348e-17
4.092411912312824e+03 6.454858288807945e-16 3.350994315271153e-17
4.093354333475273e+03 6.893553224398981e-16 3.445207257763570e-17
4.094296971663202e+03 7.035861867590108e-16 3.444754794082935e-17
4.095239826926585e+03 6.351487656497609e-16 3.321051620828568e-17
4.096182899315409e+03 6.294882432537631e-16 3.272033538875235e-17
4.097126188879683e+03 6.090752029977362e-16 3.228795219637206e-17
4.098069695669408e+03 5.708948711856392e-16 3.203287995407441e-17
4.099013419734619e+03 5.787919988909295e-16 3.329590162738551e-17
4.099957361125341e+03 8.429436653816050e-16 3.897758514463047e-17
4.100901519891630e+03 2.053689245195058e-15 5.942745883503863e-17
4.101845896083537e+03 4.581896721737310e-15 1.064626575937392e-16
4.102790489751139e+03 6.129245367095618e-15 1.334431805602671e-16
4.103735300944509e+03 4.441555674780791e-15 1.029480009865332e-16
4.104680329713748e+03 1.914912953944272e-15 5.605093715571889e-17
4.105625576108952e+03 7.512759023626623e-16 3.729998954566421e-17
4.106571040180247e+03 6.212156921694217e-16 3.390042088584423e-17
4.107516721977751e+03 6.665506030279594e-16 3.359860747032012e-17
4.108462621551612e+03 5.984642123731573e-16 3.234616072179485e-17
4.109408738951972e+03 5.632947841035319e-16 3.149302534518532e-17
4.110355074229001e+03 6.015364666918124e-16 3.244058082737246e-17
4.111301627432864e+03 5.698643093427482e-16 3.214556714409107e-17
4.112248398613756e+03 6.784055122135042e-16 3.404805022486070e-17
4.113195387821866e+03 6.122143348925893e-16 3.309340410124609e-17
4.114142595107409e+03 6.602747695263463e-16 3.437522481568060e-17
4.115090020520600e+03 6.435186234316960e-16 3.441862662774755e-17
4.116037664111669e+03 6.754730172767705e-16 3.503337597735022e-17
4.116985525930867e+03 6.928513611416750e-16 3.505990834291724e-17
4.117933606028439e+03 6.929750816204039e-16 3.468908434357539e-17
4.118881904454661e+03 6.748722905849914e-16 3.432216562464629e-17
4.119830421259800e+03 6.786864249140293e-16 3.408607798266039e-17
4.120779156494156e+03 7.233441807281905e-16 3.443133701273325e-17
4.121728110208021e+03 6.198079381458739e-16 3.236536368973190e-17
4.122677282451717e+03 6.199189843188607e-16 3.237373593932821e-17
4.123626673275558e+03 6.389670366524500e-16 3.277114862370477e-17
4.124576282729888e+03 6.382135493235063e-16 3.271876797157027e-17
4.125526110865048e+03 6.770568278993228e-16 3.360147981035662e-17
4.126476157731404e+03 6.672571116179589e-16 3.383278937777908e-17
4.127426423379317e+03 6.598791076202912e-16 3.379988446434025e-17
4.128376907859180e+03 6.477402649847976e-16 3.326391530065163e-17
4.129327611221377e+03 6.097943827608836e-16 3.232073934741920e-17
4.130278533516321e+03 6.212138917992146e-16 3.172524790976281e-17
4.131229674794422e+03 6.613632017546293e-16 3.204500349005692e-17
4.132181035106116e+03 6.117542652784608e-16 3.098647963428570e-17
4.133132614501838e+03 6.768467239026132e-16 3.264360147775097e-17
4.134084413032038e+03 6.267964396067358e-16 3.197683237141081e-17
4.135036430747186e+03 6.434817953814350e-16 3.216151360428753e-17
4.135988667697750e+03 6.612930652979431e-16 3.278465086266034e-17
4.136941123934223e+03 6.826317995683745e-16 3.333049040977699e-17
4.137893799507098e+03 6.994153262021294e-16 3.355757418685782e-17
4.138846694466890e+03 6.802206392889662e-16 3.322222098597736e-17
4.139799808864113e+03 6.245541937452111e-16 3.216013963234853e-17
4.140753142749310e+03 5.901515538705205e-16 3.168094064280483e-17
4.141706696173016e+03 6.420937004830389e-16 3.245216077420745e-17
4.142660469185797e+03 6.961473127633983e-16 3.320283745273077e-17
4.143614461838210e+03 6.432459355406638e-16 3.223905083662342e-17
4.144568674180847e+03 6.791091585364104e-16 3.247809788087654e-17
4.145523106264288e+03 5.985850321954255e-16 3.123700131695516e-17
4.146477758139145e+03 6.143317880985068e-16 3.181799260586019e-17
4.147432629856025e+03 6.777567219102968e-16 3.339577943864291e-17
4.148387721465563e+03 6.708756706356526e-16 3.338439560899451e-17
4.149343033018387e+03 6.311183838589604e-16 3.244613676921929e-17
4.150298564565157e+03 6.347792799916237e-16 3.198420542229058e-17
4.151254316156529e+03 6.627302076370871e-16 3.189585997406996e-17
4.152210287843171e+03 6.478288342605690e-16 3.173110091192003e-17
4.153166479675779e+03 6.015114893615995e-16 3.103084694231622e-17
4.154122891705038e+03 6.771525459288297e-16 3.248431254659286e-17
4.155079523981664e+03 6.639458652242117e-16 3.271208141752722e-17
4.156036376556370e+03 6.534643605567319e-16 3.257664466896895e-17
4.156993449479896e+03 6.575710145244989e-16 3.281858501773815e-17
4.157950742802976e+03 6.455780175650837e-16 3.231043297871253e-17
4.158908256576373e+03 6.223717261464313e-16 3.160918390677768e-17
4.159865990850844e+03 6.406030912119418e-16 3.121647197138856e-17
4.160823945677178e+03 6.519134624811901e-16 3.120718250103292e-17
4.161782121106154e+03 5.968053489890205e-16 3.044606577261383e-17
4.162740517188583e+03 6.638648245996286e-16 3.183693280663770e-17
4.163699133975269e+03 6.558580578481481e-16 3.165469830247747e-17
4.164657971517046e+03 6.244281351052222e-16 3.093467673474601e-17
4.165617029864743e+03 5.779826285234034e-16 3.018862978189384e-17
4.166576309069215e+03 6.275094652383444e-16 3.068408308191202e-17
4.167535809181315e+03 6.359403636951536e-16 3.067293724194194e-17
4.168495530251922e+03 6.545787663356655e-16 3.116122437845472e-17
4.169455472331912e+03 6.517491975235167e-16 3.138491832402310e-17
4.170415635472188e+03 6.323423223999034e-16 3.146259133522702e-17
4.171376019723652e+03 6.681591106016804e-16 3.187078537434633e-17
4.172336625137221e+03 6.503132422768312e-16 3.145324585533787e-17
4.173297451763830e+03 5.672434579311638e-16 2.970077951204698e-17
4.174258499654416e+03 6.487315587784452e-16 3.098825678375362e-17
4.175219768859938e+03 6.281697860851457e-16 3.086193958209822e-17
4.176181259431356e+03 6.141406394994839e-16 3.055024406656641e-17
4.177142971419654e+03 6.755243264194366e-16 3.152891044718326e-17
4.178104904875813e+03 6.948431221429545e-16 3.156070170744038e-17
4.179067059850842e+03 6.332309355862893e-16 3.717568519034620e-17
4.180029436395746e+03 6.201477395851558e-16 3.695793158623679e-17
4.180992034561556e+03 6.550822564735244e-16 3.074339580453420e-17
4.181954854399301e+03 6.628841050863602e-16 3.057783932469113e-17
4.182917895960037e+03 6.756980707910740e-16 3.102589553077629e-17
4.183881159294813e+03 5.953214151804781e-16 2.963474773032870e-17
4.184844644454713e+03 6.647584026580315e-16 3.072842943452874e-17
4.185808351490807e+03 5.728508024997773e-16 2.898969631503397e-17
4.186772280454200e+03 6.231839609250088e-16 2.951521159876487e-17
4.187736431395991e+03 5.932128250122502e-16 2.942427298719826e-17
4.188700804367305e+03 6.238655080720556e-16 3.010756507769760e-17
4.189665399419266e+03 6.454322904530842e-16 3.044816600086066e-17
4.190630216603022e+03 6.191198040323439e-16 3.063524540836325e-17
4.191595255969723e+03 6.683967633016916e-16 3.152005087386694e-17
4.192560517570530e+03 7.170089544802699e-16 3.266505634568816e-17
4.193526001456631e+03 6.115729726422606e-16 3.086123937406139e-17
4.194491707679204e+03 6.433756011015192e-16 3.149546938153979e-17
4.195457636289458e+03 6.080624977826999e-16 3.084512789284835e-17
4.196423787338597e+03 6.683306973247645e-16 3.138835614908380e-17
4.197390160877856e+03 6.087363818990638e-16 2.999160839377211e-17
4.198356756958461e+03 5.829453145683621e-16 2.926110316234213e-17
4.199323575631669e+03 6.095708766589343e-16 2.946427514222979e-17
4.200290616948731e+03 6.161021045603608e-16 2.980327138208444e-17
4.201257880960927e+03 6.364411842279003e-16 3.031942851121449e-17
4.202225367719532e+03 6.420810627292696e-16 3.048868672232417e-17
4.203193077275850e+03 5.873396792530260e-16 2.960659990236359e-17
4.204161009681178e+03 5.815033486696995e-16 2.934700599889796e-17
4.205129164986845e+03 6.441594118036867e-16 3.001051236337407e-17
4.206097543244173e+03 6.284887276433872e-16 2.938902575003432e-17
4.207066144504512e+03 6.384109287758923e-16 2.955792978303522e-17
4.208034968819208e+03 6.238087732396152e-16 2.914463400709815e-17
4.209004016239636e+03 6.403836101615331e-16 2.937831953724727e-17
4.209973286817170e+03 6.104819244672964e-16 2.901690616052511e-17
4.210942780603193e+03 6.260241594693501e-16 2.959318011366013e-17
4.211912497649118e+03 6.615138255259053e-16 3.057595245357330e-17
4.212882438006350e+03 6.709580043206135e-16 3.095220647630183e-17
4.213852601726319e+03 6.580819476264399e-16 3.050477160622433e-17
4.214822988860459e+03 6.429569528177516e-16 2.999532187643873e-17
4.215793599460223e+03 6.965859440963537e-16 3.094359911340991e-17
4.216764433577066e+03 6.500646241944285e-16 3.043843256964787e-17
4.217735491262466e+03 6.295787858054835e-16 3.028379194632266e-17
4.218706772567903e+03 6.567602702958065e-16 3.071069955223114e-17
4.219678277544879e+03 6.297178434898246e-16 3.045147417433839e-17
4.220650006244896e+03 6.601654365541099e-16 3.084718919531371e-17
4.221621958719479e+03 6.409181064247014e-16 3.067732784679679e-17
4.222594135020155e+03 6.516155995725248e-16 3.034911039950780e-17
4.223566535198474e+03 6.426858366711778e-16 2.956063398789824e-17
4.224539159305986e+03 5.767907826770029e-16 2.823514710672940e-17
4.225512007394263e+03 6.109868864331283e-16 2.843525139439227e-17
4.226485079514880e+03 6.605129494168112e-16 2.939330883625239e-17
4.227458375719432e+03 6.747811500546387e-16 2.996419610994625e-17
4.228431896059519e+03 6.377210470407126e-16 2.956192383401772e-17
4.229405640586761e+03 6.028031819318518e-16 2.898345044495253e-17
4.230379609352782e+03 6.220951961304383e-16 2.949304949480941e-17
4.231353802409216e+03 6.165239472596894e-16 2.946905722775113e-17
4.232328219807723e+03 6.392251494223271e-16 2.965980424476792e-17
4.233302861599956e+03 6.265083609057435e-16 2.954370453055250e-17
4.234277727837599e+03 6.071064792994365e-16 2.959334697880467e-17
4.235252818572329e+03 6.336262965472220e-16 2.988767255722892e-17
4.236228133855855e+03 6.324765948167704e-16 2.949103680487091e-17
4.237203673739876e+03 5.873780957248256e-16 2.846499553126206e-17
4.238179438276124e+03 6.259874716401699e-16 2.900350928592763e-17
4.239155427516324e+03 6.246910963571390e-16 2.881695987592619e-17
4.240131641512231e+03 6.487307257930168e-16 2.924043947849762e-17
4.241108080315595e+03 6.269624386858868e-16 2.884732903043031e-17
4.242084743978192e+03 6.176616354897371e-16 2.874471455813308e-17
4.243061632551797e+03 6.502535281934937e-16 2.945074861745338e-17
4.244038746088211e+03 6.418569949147388e-16 2.996839204705595e-17
4.245016084639234e+03 6.743276420688422e-16 3.023669606695234e-17
4.245993648256688e+03 6.325844895375263e-16 3.555175513854755e-17
4.246971436992397e+03 5.706624425012031e-16 3.433093322781750e-17
4.247949450898208e+03 6.706897947494117e-16 2.933691379927603e-17
4.248927690025969e+03 5.652855864012137e-16 2.756559390297236e-17
4.249906154427551e+03 6.727239808592772e-16 2.947884837579256e-17
4.250884844154829e+03 6.328535804137979e-16 2.938302520641153e-17
4.251863759259686e+03 6.322290669513992e-16 3.838472950458123e-17
4.252842899794034e+03 6.194303375256401e-16 3.100514558403220e-17
4.253822265809775e+03 5.993584486008438e-16 2.858718283995535e-17
4.254801857358843e+03 6.067328473791649e-16 2.840376905046518e-17
4.255781674493168e+03 6.268322601560266e-16 2.865414676055209e-17
4.256761717264707e+03 6.138107210915255e-16 2.834649941233011e-17
4.257741985725411e+03 6.148300361926293e-16 2.853898956955042e-17
4.258722479927262e+03 6.304955640592397e-16 2.871338555064980e-17
4.259703199922236e+03 5.888195189064668e-16 2.819986479290324e-17
4.260684145762340e+03 6.470241635353990e-16 2.954099081957955e-17
4.261665317499573e+03 6.288095772474701e-16 2.936741864987573e-17
4.262646715185963e+03 5.946022973012857e-16 2.888308412545653e-17
4.263628338873536e+03 6.510775024217185e-16 2.988856020737521e-17
4.264610188614344e+03 6.174375640554191e-16 2.936363480195649e-17
4.265592264460436e+03 5.892792483966958e-16 2.888382498328421e-17
4.266574566463890e+03 6.253312230424564e-16 2.886088521183092e-17
4.267557094676777e+03 6.133826378261975e-16 2.855222848596431e-17
4.268539849151196e+03 6.024387584311551e-16 2.819828217910888e-17
4.269522829939252e+03 6.357370998861978e-16 2.924839954603426e-17
4.270506037093053e+03 6.095011202079843e-16 2.901941475588855e-17
4.271489470664740e+03 6.060316851935616e-16 2.907968780499413e-17
4.272473130706442e+03 6.193117991230322e-16 2.906880246587962e-17
4.273457017270322e+03 6.032394045373045e-16 2.850240207299252e-17
4.274441130408536e+03 6.669849863005808e-16 2.962519132156773e-17
4.275425470173268e+03 5.894730323143639e-16 3.434208927102657e-17
4.276410036616700e+03 6.183821381856550e-16 3.401096930877468e-17
4.277394829791039e+03 6.190158244273672e-16 2.787973298258344e-17
4.278379849748491e+03 6.055421101490959e-16 2.799780690986651e-17
4.279365096541289e+03 6.380595543513576e-16 2.868679661138675e-17
4.280350570221660e+03 6.986196087582684e-16 2.970121320095361e-17
4.281336270841863e+03 6.711169448836119e-16 2.897378996080782e-17
4.282322198454149e+03 5.653180850687628e-16 2.715365691970546e-17
4.283308353110800e+03 6.376233544955399e-16 2.833726637516716e-17
4.284294734864093e+03 6.574617453407388e-16 2.876022136929692e-17
4.285281343766333e+03 6.113534919645451e-16 2.800379233784099e-17
4.286268179869820e+03 5.808296797929446e-16 2.757443846761846e-17
4.287255243226884e+03 6.056242696531999e-16 2.796515811055814e-17
4.288242533889854e+03 6.424408952530323e-16 2.821821283284250e-17
4.289230051911069e+03 6.336316748568898e-16 2.790796117384482e-17
4.290217797342898e+03 6.045434593203106e-16 2.751564530243944e-17
4.291205770237700e+03 6.087728292795401e-16 2.768915169996141e-17
4.292193970647864e+03 6.096494065005265e-16 2.814282500453945e-17
4.293182398625776e+03 6.062615771106915e-16 2.824571081659955e-17
4.294171054223851e+03 6.219384111718186e-16 2.880241520396464e-17
4.295159937494495e+03 5.562385080275176e-16 2.774738976509406e-17
4.296149048490149e+03 6.308203971480789e-16 2.854105938902439e-17
4.297138387263244e+03 5.936735567161463e-16 2.736127896180395e-17
4.298127953866244e+03 6.168049577147369e-16 2.749964441875579e-17
4.299117748351605e+03 5.694150410364262e-16 2.647026547581376e-17
4.300107770771814e+03 5.616086898517711e-16 2.710124531026017e-17
4.301098021179353e+03 6.001589204776395e-16 2.901055473453400e-17
4.302088499626732e+03 5.793576745477342e-16 3.004264583311153e-17
4.303079206166456e+03 5.495603446401862e-16 2.936131122809671e-17
4.304070140851060e+03 5.834526315935940e-16 2.868707732962416e-17
4.305061303733075e+03 6.189638281344049e-16 2.843303089106891e-17
4.306052694865059e+03 5.984362824139265e-16 2.780035239126826e-17
4.307044314299567e+03 5.855641332830016e-16 2.768088646457241e-17
4.308036162089181e+03 6.360646155358299e-16 2.886695858973406e-17
4.309028238286483e+03 5.935864314296689e-16 2.817734008815041e-17
4.310020542944068e+03 5.752281724612835e-16 2.761937049705521e-17
4.311013076114557e+03 5.726453967920567e-16 2.726102704910458e-17
4.312005837850565e+03 6.214897333154165e-16 2.786798457096813e-17
4.312998828204732e+03 5.987102714054299e-16 2.766544750694250e-17
4.313992047229701e+03 5.728355328845340e-16 2.738732904429922e-17
4.314985494978137e+03 6.054715863118815e-16 2.723288316664529e-17
4.315979171502704e+03 6.289028399665054e-16 2.749376945804246e-17
4.316973076856095e+03 6.201143210613023e-16 2.744092046543411e-17
4.317967211090996e+03 6.301728175943728e-16 2.750670168669449e-17
4.318961574260125e+03 6.254192819585513e-16 2.745341087395481e-17
4.319956166416193e+03 6.210746713816158e-16 2.742945719614807e-17
4.320950987611940e+03 5.970785074357287e-16 2.718667090812336e-17
4.321946037900103e+03 5.674050033242102e-16 2.669547236916670e-17
4.322941317333445e+03 6.031054361386632e-16 2.761018678005032e-17
4.323936825964730e+03 6.470632938198861e-16 2.838426553805632e-17
4.324932563846744e+03 6.132277603714932e-16 2.782760552379646e-17
4.325928531032273e+03 6.027223600937570e-16 2.747462266826138e-17
4.326924727574130e+03 6.243991197052903e-16 2.764135841756759e-17
4.327921153525124e+03 5.974368507263092e-16 2.715059512680308e-17
4.328917808938093e+03 5.506994953060140e-16 2.632828227800473e-17
4.329914693865875e+03 5.635958854790455e-16 2.648673871455529e-17
4.330911808361319e+03 5.858396297558708e-16 2.678462320288525e-17
4.331909152477301e+03 5.805902934115415e-16 2.689388540251192e-17
4.332906726266688e+03 5.744684606820321e-16 2.667822596864597e-17
4.333904529782380e+03 5.233678433863238e-16 2.569547382808298e-17
4.334902563077270e+03 5.750219313425046e-16 2.636514237001861e-17
4.335900826204284e+03 5.250849900081659e-16 2.585936551526307e-17
4.336899319216338e+03 5.303395950630940e-16 2.644099559990907e-17
4.337898042166381e+03 5.561020841663905e-16 2.916647319753714e-17
4.338896995107355e+03 1.132111910675474e-15 3.936388592532183e-17
4.339896178092231e+03 4.321815422595380e-15 7.975450532563543e-17
4.340895591173978e+03 9.249388493971938e-15 1.705622468833151e-16
4.341895234405592e+03 1.041278136282711e-14 1.863685784698002e-16
4.342895107840064e+03 5.969827192003110e-15 1.042405989597307e-16
4.343895211530415e+03 1.736690761877291e-15 5.023861580758955e-17
4.344895545529660e+03 6.707440898660943e-16 3.210688194431729e-17
4.345896109890846e+03 5.477555601317106e-16 3.048709631311711e-17
4.346896904667013e+03 5.731361185302290e-16 2.987730258812039e-17
4.347897929911228e+03 5.493994772518105e-16 2.781903065726332e-17
4.348899185676563e+03 5.536248943462001e-16 2.677785468590319e-17
4.349900672016100e+03 5.577227158352231e-16 2.655508499847695e-17
4.350902388982943e+03 5.339147418567327e-16 2.634611830809092e-17
4.351904336630194e+03 5.268625280076357e-16 2.640983872803974e-17
4.352906515010985e+03 5.705187402905982e-16 2.712651137237672e-17
4.353908924178440e+03 6.030187906220363e-16 2.779233964574021e-17
4.354911564185715e+03 5.857533469453947e-16 2.743307794275887e-17
4.355914435085961e+03 6.106024749388867e-16 2.760726775453426e-17
4.356917536932358e+03 5.808027468289674e-16 2.686207100293553e-17
4.357920869778080e+03 6.080088309093932e-16 2.736225694762379e-17
4.358924433676331e+03 6.024797291011770e-16 2.738992550551811e-17
4.359928228680312e+03 6.454849688882854e-16 2.816836936817340e-17
4.360932254843250e+03 6.624280467720984e-16 2.866794875661437e-17
4.361936512218370e+03 7.773652559020267e-16 3.165237959679329e-17
4.362941000858924e+03 1.244024918871577e-15 3.861384766495940e-17
4.363945720818162e+03 1.619888425838742e-15 4.582717784156919e-17
4.364950672149361e+03 1.508026390089449e-15 4.355087752963301e-17
4.365955854905793e+03 1.035056018225331e-15 3.537245061773840e-17
4.366961269140762e+03 6.289526911437856e-16 2.878304930488786e-17
4.367966914907565e+03 6.202157312948154e-16 2.791962073196326e-17
4.368972792259528e+03 6.420932782027489e-16 2.793187233333037e-17
4.369978901249979e+03 6.258251169737718e-16 2.737647963875242e-17
4.370985241932254e+03 6.309372985937514e-16 2.745032139994547e-17
4.371991814359720e+03 5.406943598739044e-16 2.640298790895478e-17
4.372998618585733e+03 5.901767764855915e-16 2.736933066918047e-17
4.374005654663682e+03 5.946620219013224e-16 2.745544525401457e-17
4.375012922646952e+03 5.909257648625102e-16 2.701328837627896e-17
4.376020422588955e+03 5.817087897059039e-16 2.652930921768843e-17
4.377028154543098e+03 5.731648917723812e-16 2.615523913137495e-17
4.378036118562819e+03 5.849903198086558e-16 2.622211587307420e-17
4.379044314701551e+03 5.969954643072911e-16 2.663260018887095e-17
4.380052743012757e+03 5.898154746373191e-16 2.642173066875165e-17
4.381061403549893e+03 5.783329150533980e-16 2.612788436107110e-17
4.382070296366446e+03 5.901544947602444e-16 2.607849846039982e-17
4.383079421515898e+03 5.623837375691537e-16 2.594000822322935e-17
4.384088779051761e+03 5.517942521259119e-16 2.589437535984300e-17
4.385098369027540e+03 5.892206260113195e-16 2.652294764894363e-17
4.386108191496772e+03 6.016285230174641e-16 2.693956263542006e-17
4.387118246512988e+03 6.209601432853840e-16 2.726995524609746e-17
4.388128534129749e+03 6.549354565963874e-16 2.767466442949997e-17
4.389139054400610e+03 6.424195087059863e-16 2.755917126662676e-17
4.390149807379157e+03 6.040795415009537e-16 2.713194268338775e-17
4.391160793118976e+03 6.126003118122594e-16 2.731440303333803e-17
4.392172011673662e+03 6.505708267133349e-16 2.769903271498630e-17
4.393183463096838e+03 6.342309198111870e-16 2.725197291316666e-17
4.394195147442122e+03 5.654383473476105e-16 2.642707621476330e-17
4.395207064763161e+03 5.531136713262679e-16 2.614953629460130e-17
4.396219215113597e+03 6.041978585290417e-16 2.751524929871625e-17
4.397231598547101e+03 5.860881763082575e-16 2.735072727170013e-17
4.398244215117342e+03 5.836265722723062e-16 2.693481032543393e-17
4.399257064878015e+03 5.895857848667449e-16 2.664008534545115e-17
4.400270147882811e+03 5.988610191268697e-16 2.670996600392863e-17
4.401283464185453e+03 5.912419285622570e-16 2.658106284692414e-17
4.402297013839657e+03 5.805131472509168e-16 2.636332603806470e-17
4.403310796899167e+03 5.627236403570040e-16 2.633766966101524e-17
4.404324813417727e+03 5.781706490358073e-16 2.659616876260492e-17
4.405339063449105e+03 6.201519038092995e-16 2.713886383625822e-17
4.406353547047070e+03 5.960572686738843e-16 2.718186252936394e-17
4.407368264265415e+03 5.682020707637727e-16 2.749024393752799e-17
4.408383215157932e+03 5.929371717741007e-16 2.770566357861783e-17
4.409398399778440e+03 5.913569857589906e-16 2.660851386857800e-17
4.410413818180759e+03 5.845120704224348e-16 2.575601677767553e-17
4.411429470418722e+03 5.827338539862334e-16 2.585124718382579e-17
4.412445356546186e+03 6.197611358718517e-16 2.655569021378451e-17
4.413461476617004e+03 5.983542648501301e-16 2.636487437710612e-17
4.414477830685059e+03 5.937815940643965e-16 2.621161757463640e-17
4.415494418804226e+03 6.469583136545056e-16 2.672067213784864e-17
4.416511241028414e+03 6.654055504385212e-16 2.695076780514305e-17
4.417528297411524e+03 6.136766707168005e-16 2.618310619121912e-17
4.418545588007490e+03 5.733456183151044e-16 2.562400046495104e-17
4.419563112870237e+03 5.795777881502183e-16 2.576070418431555e-17
4.420580872053723e+03 5.740868283184933e-16 2.564841189713907e-17
4.421598865611900e+03 5.845521755449281e-16 2.556696401326963e-17
4.422617093598747e+03 5.859455595623140e-16 2.573367213914327e-17
4.423635556068245e+03 5.666204583754281e-16 2.533206169551030e-17
4.424654253074396e+03 5.680133887139947e-16 2.576824104781986e-17
4.425673184671205e+03 5.788008687635087e-16 2.656149967218433e-17
4.426692350912704e+03 5.600934124283481e-16 2.643374712215757e-17
4.427711751852916e+03 5.624774353849144e-16 2.630187037752669e-17
4.428731387545899e+03 5.749284297808143e-16 2.621658254937504e-17
4.429751258045711e+03 5.904115824638341e-16 2.628917274742638e-17
4.430771363406416e+03 5.925115957357457e-16 2.596069311404531e-17
4.431791703682109e+03 5.779979657543288e-16 2.542615686652854e-17
4.432812278926880e+03 5.635813139716018e-16 2.513103669512626e-17
4.433833089194847e+03 5.416047484449500e-16 2.508338966849605e-17
4.434854134540124e+03 5.509440077554281e-16 2.501448550006354e-17
4.435875415016852e+03 6.002902819527044e-16 2.600995436681152e-17
4.436896930679173e+03 5.986985547952476e-16 2.586223150203613e-17
4.437918681581255e+03 5.147015869767047e-16 2.424308333342639e-17
4.438940667777259e+03 5.453571234880426e-16 2.504735848954207e-17
4.439962889321379e+03 5.671733746752643e-16 2.578840004865950e-17
4.440985346267806e+03 5.496657737738697e-16 2.542818789308326e-17
4.442008038670756e+03 5.598039907212349e-16 2.525637529048325e-17
4.443030966584442e+03 5.507570961910859e-16 2.486187407349176e-17
4.444054130063110e+03 5.524671154931862e-16 2.454498168622066e-17
4.445077529160995e+03 5.446575121404504e-16 2.440697453514731e-17
4.446101163932368e+03 5.239394349307742e-16 2.426888427342458e-17
4.447125034431490e+03 5.620108887064443e-16 2.499725879807184e-17
4.448149140712657e+03 5.598081701344289e-16 2.520613216076281e-17
4.449173482830155e+03 5.445490900609303e-16 2.499945597854657e-17
4.450198060838304e+03 5.689572572269457e-16 2.521393331175156e-17
4.451222874791421e+03 5.711433016689351e-16 2.493264452842091e-17
4.452247924743835e+03 5.467805317769323e-16 2.481312192997642e-17
4.453273210749904e+03 5.518158034934043e-16 2.460693299603468e-17
4.454298732863977e+03 5.342009943929327e-16 2.433294068675240e-17
4.455324491140437e+03 5.440814859005944e-16 2.442971390608022e-17
4.456350485633658e+03 5.560305936957063e-16 2.480571341925098e-17
4.457376716398046e+03 5.904600441649149e-16 2.519229990687168e-17
4.458403183488003e+03 6.085950597978084e-16 2.542764831838501e-17
4.459429886957960e+03 5.620401923958374e-16 2.491309512563439e-17
4.460456826862342e+03 5.387759938948669e-16 2.443482297819671e-17
4.461484003255607e+03 5.802004711801468e-16 2.503538052733001e-17
4.462511416192204e+03 5.659562106296526e-16 2.480797039981685e-17
4.463539065726614e+03 5.386754808597084e-16 2.440755477386142e-17
4.464566951913315e+03 5.477839938325519e-16 2.443707139529233e-17
4.465595074806812e+03 5.418901563479294e-16 2.426883906740742e-17
4.466623434461606e+03 5.708192620151618e-16 2.484278628592875e-17
4.467652030932230e+03 5.505631007604659e-16 2.461956907828572e-17
4.468680864273208e+03 5.349598768859313e-16 2.442307894037681e-17
4.469709934539098e+03 5.154220376420210e-16 2.466171628045292e-17
4.470739241784451e+03 7.478559411597178e-16 2.834110546738621e-17
4.471768786063850e+03 1.188506381254554e-15 3.553991255583159e-17
4.472798567431875e+03 1.350779889618275e-15 3.884495439722844e-17
4.473828585943118e+03 1.060751138270485e-15 3.351162639917362e-17
4.474858841652201e+03 6.816338235950359e-16 2.752442126769534e-17
4.475889334613737e+03 5.463534563402875e-16 2.464472584069698e-17
4.476920064882370e+03 5.394004692376154e-16 2.443895628685659e-17
4.477951032512739e+03 5.483944944507401e-16 2.441696454963523e-17
4.478982237559516e+03 5.654175497760317e-16 2.446853166954916e-17
4.480013680077363e+03 5.633920602591513e-16 2.440273243905057e-17
4.481045360120977e+03 5.607087016994527e-16 2.437527050657500e-17
4.482077277745047e+03 5.827687508295989e-16 2.471137025489454e-17
4.483109433004293e+03 5.603791363420820e-16 2.443689918122138e-17
4.484141825953429e+03 5.543707567172132e-16 2.450186297343971e-17
4.485174456647203e+03 5.440994782076084e-16 2.447195009858444e-17
4.486207325140352e+03 5.477298423520240e-16 2.456815573302212e-17
4.487240431487648e+03 5.736165479870085e-16 2.473592669110873e-17
4.488273775743856e+03 5.799908495357994e-16 2.464270930862017e-17
4.489307357963773e+03 5.471488032928941e-16 2.416701445146095e-17
4.490341178202188e+03 5.368101299801061e-16 2.397152533764477e-17
4.491375236513923e+03 5.736377891062075e-16 2.466054857273931e-17
4.492409532953797e+03 5.457803380746970e-16 2.423201949695224e-17
4.493444067576645e+03 5.439430138807680e-16 2.422408516105435e-17
4.494478840437323e+03 5.485643212513485e-16 2.425135291286871e-17
4.495513851590687e+03 5.694310586630995e-16 2.467074062665202e-17
4.496549101091621e+03 5.509605185968882e-16 2.442333933367621e-17
4.497584588995003e+03 5.229861479997334e-16 2.387845972461135e-17
4.498620315355743e+03 5.422429992466040e-16 2.422373096251910e-17
4.499656280228745e+03 5.248462216155350e-16 2.401952092631461e-17
4.500692483668944e+03 5.406697272333173e-16 2.444997817497914e-17
4.501728925731270e+03 5.609017505524679e-16 2.484869228471221e-17
4.502765606470681e+03 5.493479980536782e-16 2.472296098786165e-17
4.503802525942133e+03 5.515315989294837e-16 2.479943026783565e-17
4.504839684200613e+03 5.819232722440237e-16 2.540629563245676e-17
4.505877081301099e+03 5.940391281726434e-16 2.556359745133967e-17
4.506914717298602e+03 5.357981646153200e-16 2.452118789482120e-17
4.507952592248129e+03 5.547610619530446e-16 2.464180373253461e-17
4.508990706204713e+03 5.491768560259096e-16 2.453760851753203e-17
4.510029059223388e+03 5.658954939765316e-16 2.464533482031683e-17
4.511067651359213e+03 5.005978820395407e-16 2.321915840797961e-17
4.512106482667245e+03 5.672905857477186e-16 2.425191298088488e-17
4.513145553202573e+03 5.694925659010083e-16 2.437407911556541e-17
4.514184863020279e+03 5.225258531119044e-16 2.377103914659515e-17
4.515224412175464e+03 5.348749003652177e-16 2.442493834444312e-17
4.516264200723253e+03 5.684673217049113e-16 2.604375398395614e-17
4.517304228718765e+03 5.740723472319021e-16 2.703468011492136e-17
4.518344496217149e+03 5.764721806283949e-16 2.646438023707144e-17
4.519385003273551e+03 5.560987821016361e-16 2.495963920753821e-17
4.520425749943147e+03 5.367936289531453e-16 2.426646191199691e-17
4.521466736281107e+03 6.030592072762574e-16 2.571808244377454e-17
4.522507962342632e+03 5.541026764251256e-16 2.561573498988959e-17
4.523549428182918e+03 5.469009047580878e-16 2.590284324779412e-17
4.524591133857191e+03 5.586030536545955e-16 2.523822047296854e-17
4.525633079420672e+03 5.672670342620090e-16 2.529084575171081e-17
4.526675264928615e+03 5.705678072063712e-16 2.542914719565102e-17
4.527717690436262e+03 5.270550807242910e-16 2.488107260696957e-17
4.528760355998896e+03 5.724478041805509e-16 2.588587692340066e-17
4.529803261671785e+03 5.576116774936154e-16 2.510661998882013e-17
4.530846407510233e+03 5.416865896433274e-16 2.440259953056253e-17
4.531889793569538e+03 5.673307510662461e-16 2.456805475277920e-17
4.532933419905027e+03 5.409327036499559e-16 2.478898445256818e-17
4.533977286572025e+03 5.296744491697034e-16 2.518541985245225e-17
4.535021393625885e+03 5.743207846369644e-16 2.536203466407519e-17
4.536065741121958e+03 5.620239782743323e-16 2.442422342622690e-17
4.537110329115613e+03 5.650963819941903e-16 2.406558408870371e-17
4.538155157662240e+03 5.158625089788065e-16 2.307095695962420e-17
4.539200226817225e+03 5.249437660556648e-16 2.356152830434248e-17
4.540245536635988e+03 5.323421216498020e-16 2.399264142955969e-17
4.541291087173940e+03 5.292068915219218e-16 2.399514782246673e-17
4.542336878486522e+03 5.471817102063818e-16 2.434624995570713e-17
4.543382910629175e+03 5.330828822077800e-16 2.401519607354864e-17
4.544429183657367e+03 5.348791127064211e-16 2.376002935214308e-17
4.545475697626560e+03 5.036522688244278e-16 2.301156391364385e-17
4.546522452592248e+03 5.488514833195230e-16 2.347683766920102e-17
4.547569448609921e+03 5.725520101035979e-16 2.382198365772985e-17
4.548616685735098e+03 5.329911887733464e-16 2.326293651398695e-17
4.549664164023294e+03 5.190922135655945e-16 2.282936511897135e-17
4.550711883530053e+03 5.260130632588981e-16 2.273678425527840e-17
4.551759844310918e+03 5.071651107464306e-16 2.245966021573278e-17
4.552808046421456e+03 5.261429815134284e-16 2.314023289725546e-17
4.553856489917235e+03 5.482408436542791e-16 2.389523957718268e-17
4.554905174853851e+03 5.144188703606675e-16 2.357234329373212e-17
4.555954101286899e+03 5.171439914461969e-16 2.344350795541716e-17
4.557003269271988e+03 5.431931209783912e-16 2.354069252042349e-17
4.558052678864753e+03 5.196264044795088e-16 2.272593331606418e-17
4.559102330120823e+03 5.300599336449399e-16 2.267999246295044e-17
4.560152223095860e+03 5.358156235466385e-16 2.278311071894078e-17
4.561202357845517e+03 5.897334272048530e-16 2.391804051115179e-17
4.562252734425482e+03 6.290957337776205e-16 2.537282929202752e-17
4.563303352891434e+03 6.507758940459446e-16 2.626325762167084e-17
4.564354213299087e+03 6.341985211431241e-16 2.569125905209496e-17
4.565405315704145e+03 5.769794060132353e-16 2.418087654628733e-17
4.566456660162348e+03 5.285444786937135e-16 2.298712966770741e-17
4.567508246729426e+03 5.297525177222589e-16 2.275335806050574e-17
4.568560075461144e+03 5.370776079635453e-16 2.322238927559547e-17
4.569612146413258e+03 5.241568365595917e-16 2.318898585094458e-17
4.570664459641558e+03 5.983413422377929e-16 2.460711871161326e-17
4.571717015201827e+03 6.073164681055396e-16 2.476680233783229e-17
4.572769813149880e+03 5.848859982926849e-16 2.458974395654743e-17
4.573822853541526e+03 5.628150362331794e-16 2.376865031622163e-17
4.574876136432605e+03 5.049869753753259e-16 2.247046570812533e-17
4.575929661878955e+03 5.307128634811571e-16 2.290120471831857e-17
4.576983429936431e+03 5.291471301393232e-16 2.309592107632974e-17
4.578037440660912e+03 5.479526123578722e-16 2.346667186133597e-17
4.579091694108268e+03 5.369628657309530e-16 2.319149799771755e-17
4.580146190334406e+03 5.123452887844030e-16 2.280016814767218e-17
4.581200929395226e+03 5.402188537018200e-16 2.297696624078043e-17
4.582255911346656e+03 5.290436881277143e-16 2.291884521383412e-17
4.583311136244623e+03 4.881474287650740e-16 2.244183938905413e-17
4.584366604145081e+03 5.166834471150611e-16 2.294052500817259e-17
4.585422315103982e+03 5.399191725076106e-16 2.325680273599159e-17
4.586478269177309e+03 5.293417279734968e-16 2.330739139434868e-17
4.587534466421035e+03 5.474543725581306e-16 2.349034867849149e-17
4.588590906891172e+03 5.428774993084558e-16 2.316737788982235e-17
4.589647590643719e+03 5.484441618715770e-16 2.326227993584752e-17
4.590704517734711e+03 5.306725752787813e-16 2.297243379347650e-17
4.591761688220176e+03 5.687634885303159e-16 2.334430101934767e-17
4.592819102156172e+03 5.035689260708509e-16 2.197777848876298e-17
4.593876759598754e+03 5.176425625334558e-16 2.227654969587078e-17
4.594934660604006e+03 5.192385062967318e-16 2.284516455692274e-17
4.595992805228009e+03 5.372638054379809e-16 2.357752443823293e-17
4.597051193526874e+03 5.262057178912534e-16 2.337234099023292e-17
4.598109825556705e+03 5.365175800098180e-16 2.321268872728036e-17
4.599168701373641e+03 5.424554477046940e-16 2.287142177007972e-17
4.600227821033815e+03 5.331044882335791e-16 2.251264842162391e-17
4.601287184593379e+03 5.315037122417473e-16 2.257811701935839e-17
4.602346792108506e+03 5.095791341646454e-16 2.244345238741449e-17
4.603406643635366e+03 5.274042586699493e-16 2.281076557334787e-17
4.604466739230163e+03 5.351246822544689e-16 2.274848101664870e-17
4.605527078949091e+03 5.183368506428021e-16 2.240755630085401e-17
4.606587662848377e+03 5.238707288457334e-16 2.225190467267150e-17
4.607648490984245e+03 5.600564117898124e-16 2.312175863742265e-17
4.608709563412947e+03 5.926756350362846e-16 2.398145412129232e-17
4.609770880190730e+03 5.424701377466657e-16 2.333334637515933e-17
4.610832441373875e+03 5.375073275593640e-16 2.306153595493856e-17
4.611894247018653e+03 5.122231998146427e-16 2.241015285083747e-17
4.612956297181372e+03 5.346471149027378e-16 2.263831561521580e-17
4.614018591918330e+03 5.496984871047507e-16 2.303752170461013e-17
4.615081131285858e+03 5.180354752784702e-16 2.297073337662715e-17
4.616143915340281e+03 5.347929315047218e-16 2.343391886658714e-17
4.617206944137958e+03 5.524299322309323e-16 2.395590224891004e-17
4.618270217735238e+03 5.365466725402701e-16 2.397054339642115e-17
4.619333736188506e+03 5.421911657855278e-16 2.402343435393362e-17
4.620397499554143e+03 5.326857341108952e-16 2.372500273236895e-17
4.621461507888544e+03 5.392002796468989e-16 2.342566863447285e-17
4.622525761248130e+03 5.576259323538191e-16 2.346010107051003e-17
4.623590259689320e+03 5.314703489709728e-16 2.294501401742803e-17
4.624655003268560e+03 5.502710588801814e-16 2.320284484565523e-17
4.625719992042293e+03 5.440268482741437e-16 2.283479565652025e-17
4.626785226066992e+03 5.018774088035803e-16 2.236362137822519e-17
4.627850705399126e+03 5.192526993251911e-16 2.270231324335370e-17
4.628916430095194e+03 5.411658865639341e-16 2.301598732337733e-17
4.629982400211692e+03 5.134304326815069e-16 2.219315377266291e-17
4.631048615805146e+03 5.328773919968689e-16 2.226168856478365e-17
4.632115076932074e+03 5.009554267791273e-16 2.186887800255762e-17
4.633181783649031e+03 5.099887977861101e-16 2.194792270094912e-17
4.634248736012561e+03 5.436318497281451e-16 2.259525851321484e-17
4.635315934079243e+03 5.513225504618867e-16 2.283493307026813e-17
4.636383377905649e+03 5.410417278075127e-16 2.286109368311040e-17
4.637451067548384e+03 5.243048385009100e-16 2.274151042127137e-17
4.638519003064046e+03 5.381504116806485e-16 2.299386350436452e-17
4.639587184509264e+03 5.563627007290088e-16 2.339899804905581e-17
4.640655611940670e+03 5.163246115589619e-16 2.260580453457644e-17
4.641724285414903e+03 5.317407072183994e-16 2.254331666892049e-17
4.642793204988635e+03 5.151753083718470e-16 2.233965871771075e-17
4.643862370718529e+03 5.432752886661189e-16 2.308321921620032e-17
4.644931782661280e+03 5.375327272349303e-16 2.285320613325875e-17
4.646001440873576e+03 5.341279356890882e-16 2.264012629584983e-17
4.647071345412142e+03 5.151541812902189e-16 2.253221589926166e-17
4.648141496333691e+03 5.585533615372288e-16 2.352936941068537e-17
4.649211893694973e+03 5.115786966473053e-16 2.291792018240746e-17
4.650282537552730e+03 5.274358656568769e-16 2.287900325705633e-17
4.651353427963732e+03 5.678458155867569e-16 2.323583255193533e-17
4.652424564984753e+03 5.480686899055874e-16 2.302903063228476e-17
4.653495948672588e+03 5.119130674904001e-16 2.267489373638168e-17
4.654567579084033e+03 5.290108799096280e-16 2.299757626142907e-17
4.655639456275915e+03 5.532655487524022e-16 2.381849481448400e-17
4.656711580305054e+03 5.800784533495720e-16 2.459100681342844e-17
4.657783951228302e+03 6.844328140579227e-16 2.587416311642988e-17
4.658856569102504e+03 7.727679563732923e-16 2.725937840010398e-17
4.659929433984542e+03 7.388637132700253e-16 2.647523464762363e-17
4.661002545931286e+03 5.978046733491920e-16 2.441619275778424e-17
4.662075904999642e+03 5.496150653221923e-16 2.372224875806941e-17
4.663149511246515e+03 5.634507155946900e-16 2.330111997543618e-17
4.664223364728819e+03 5.287528871455778e-16 2.202481815396971e-17
4.665297465503499e+03 5.411666027042087e-16 2.232129280507244e-17
4.666371813627493e+03 5.646925690570434e-16 2.286746188092055e-17
4.667446409157773e+03 5.035237834667795e-16 2.305660016794191e-17
4.668521252151301e+03 5.491063148040466e-16 2.352567943110937e-17
4.669596342665076e+03 5.513864260710780e-16 2.277272944214192e-17
4.670671680756088e+03 5.026159090626711e-16 2.165100051676503e-17
4.671747266481359e+03 5.366260672219962e-16 2.201028562415359e-17
4.672823099897906e+03 5.706329494134964e-16 2.257538463280308e-17
4.673899181062778e+03 5.242453528261342e-16 2.193274597322630e-17
4.674975510033019e+03 5.024819035729132e-16 2.190204390083045e-17
4.676052086865705e+03 5.365846044101896e-16 2.264617014548415e-17
4.677128911617903e+03 5.467247206556135e-16 2.313114646239696e-17
4.678205984346719e+03 5.492368540184804e-16 2.306009836880100e-17
4.679283305109243e+03 5.340767865973465e-16 2.260386436007915e-17
4.680360873962608e+03 5.112944990869423e-16 2.201329324921987e-17
4.681438690963933e+03 5.271868969821072e-16 2.229538964593035e-17
4.682516756170374e+03 5.336928469622624e-16 2.231147427698413e-17
4.683595069639077e+03 5.487017873235974e-16 2.255452602209143e-17
4.684673631427227e+03 5.561116565110884e-16 2.277432983899135e-17
4.685752441592000e+03 5.882331527690693e-16 2.339094298779314e-17
4.686831500190589e+03 6.337212865640948e-16 2.422957098795720e-17
4.687910807280214e+03 5.525549543757295e-16 2.322631764746548e-17
4.688990362918091e+03 5.237026688650622e-16 2.278008379221832e-17
4.690070167161465e+03 5.484327781296320e-16 2.266295222002763e-17
4.691150220067577e+03 5.280972106487424e-16 2.228960172788173e-17
4.692230521693699e+03 5.169176756847560e-16 2.222648320761488e-17
4.693311072097099e+03 5.321662940123468e-16 2.269689792841744e-17
4.694391871335077e+03 5.315168838291876e-16 2.316966197916419e-17
4.695472919464924e+03 5.440691399830523e-16 2.361479581865626e-17
4.696554216543967e+03 5.838432200896410e-16 2.471041204217204e-17
4.697635762629527e+03 5.970359489391550e-16 2.551531903775259e-17
4.698717557778953e+03 5.751510747627063e-16 2.363226913954607e-17
4.699799602049594e+03 5.465727730158596e-16 2.305736587054849e-17
4.700881895498826e+03 5.612200414696702e-16 2.326557907727630e-17
4.701964438184023e+03 5.723974626695244e-16 2.350258692389578e-17
4.703047230162590e+03 5.871411365092571e-16 2.373886321760477e-17
4.704130271491925e+03 5.911795349393258e-16 2.393413281439561e-17
4.705213562229460e+03 5.429207142884641e-16 2.301282739632241e-17
4.706297102432625e+03 5.034208561388489e-16 2.256969358524024e-17
4.707380892158863e+03 5.591553101465749e-16 2.354497396426220e-17
4.708464931465647e+03 5.228924572194519e-16 2.292524607442371e-17
4.709549220410439e+03 5.160195865027453e-16 2.282258665323225e-17
4.710633759050739e+03 4.972886548338817e-16 2.250284352598651e-17
4.711718547444038e+03 5.451530870608447e-16 2.326363088268883e-17
4.712803585647858e+03 6.119923509693223e-16 2.433469695773861e-17
4.713888873719720e+03 6.168319614136617e-16 2.463688697103939e-17
4.714974411717172e+03 6.004354478887492e-16 2.427823432371920e-17
4.716060199697760e+03 5.440214105307845e-16 2.306436830477058e-17
4.717146237719060e+03 5.015983640120162e-16 2.213586755360059e-17
4.718232525838645e+03 5.165582801992791e-16 2.199804990743717e-17
4.719319064114115e+03 4.915092582159966e-16 2.177878170236127e-17
4.720405852603071e+03 5.097345039755103e-16 2.231572810256643e-17
4.721492891363142e+03 5.306088111542076e-16 2.284171780586975e-17
4.722580180451951e+03 4.984144490341074e-16 2.208869663627334e-17
4.723667719927154e+03 4.981625298917238e-16 2.132405864644752e-17
4.724755509846405e+03 4.917010531831078e-16 2.100198557279893e-17
4.725843550267384e+03 5.198373579642328e-16 2.149956899503245e-17
4.726931841247774e+03 5.350179795653877e-16 2.194408146581502e-17
4.728020382845270e+03 5.217437036568616e-16 2.181190178997847e-17
4.729109175117596e+03 4.955296113257198e-16 2.123288979765303e-17
4.730198218122468e+03 4.961062786030003e-16 2.108498340393650e-17
4.731287511917636e+03 4.967370650600249e-16 2.122443630524825e-17
4.732377056560843e+03 4.809036825395827e-16 2.096262696352165e-17
4.733466852109867e+03 4.650930897873308e-16 2.111132035487403e-17
4.734556898622475e+03 5.427179005233707e-16 2.216479269441115e-17
4.735647196156473e+03 5.492242244437036e-16 2.216543609249065e-17
4.736737744769655e+03 5.024591221492974e-16 2.131694813517622e-17
4.737828544519853e+03 5.114931949090992e-16 2.108739530501214e-17
4.738919595464890e+03 5.115930771944226e-16 2.111094342744008e-17
4.740010897662621e+03 5.193480564944660e-16 2.145999525420465e-17
4.741102451170896e+03 5.631536576735629e-16 2.214826564097324e-17
4.742194256047598e+03 5.403197569841599e-16 2.212641580422112e-17
4.743286312350605e+03 5.419372654351905e-16 2.231113775467246e-17
4.744378620137825e+03 5.661492562971103e-16 2.238830988010499e-17
4.745471179467161e+03 5.200550294376235e-16 2.159227933544675e-17
4.746563990396550e+03 4.923368991675876e-16 2.098123957035994e-17
4.747657052983922e+03 5.160486177292668e-16 2.144612249921393e-17
4.748750367287239e+03 5.318986932469374e-16 2.184906195563757e-17
4.749843933364459e+03 4.963145342962098e-16 2.100323709283340e-17
4.750937751273571e+03 4.866496658070513e-16 2.091012607941087e-17
4.752031821072563e+03 5.086632211658719e-16 2.124867693271361e-17
4.753126142819435e+03 5.109324898428165e-16 2.139261763060940e-17
4.754220716572220e+03 5.095835751305364e-16 2.146923457123041e-17
4.755315542388938e+03 5.430911836696735e-16 2.195088621582278e-17
4.756410620327648e+03 5.195996242078114e-16 2.129596202691570e-17
4.757505950446398e+03 4.898780758313298e-16 2.072836873046363e-17
4.758601532803274e+03 5.277345085493868e-16 2.108747263261271e-17
4.759697367456350e+03 5.206135289530569e-16 2.124200370764012e-17
4.760793454463736e+03 4.943567230735166e-16 2.092989800802494e-17
4.761889793883537e+03 4.884487652894158e-16 2.086451324437489e-17
4.762986385773888e+03 4.813142739627614e-16 2.080144932637057e-17
4.764083230192921e+03 4.874896402633853e-16 2.100941388300296e-17
4.765180327198800e+03 4.870719210444352e-16 2.112380975304737e-17
4.766277676849681e+03 5.307597231856253e-16 2.170310603712744e-17
4.767375279203752e+03 4.998626169189068e-16 2.140367267142444e-17
4.768473134319201e+03 4.686050790824240e-16 2.041821851520235e-17
4.769571242254242e+03 5.232093301153728e-16 2.110237538139115e-17
4.770669603067087e+03 5.352496278831250e-16 2.125368163212415e-17
4.771768216815979e+03 4.966128824313429e-16 2.082727683871214e-17
4.772867083559162e+03 5.335056619968213e-16 2.169267074550721e-17
4.773966203354891e+03 5.152599128271697e-16 2.154824447967574e-17
4.775065576261450e+03 5.104514969129696e-16 2.135267615295942e-17
4.776165202337116e+03 4.771922027795812e-16 2.077278748074141e-17
4.777265081640201e+03 5.043070518044002e-16 2.116806600958330e-17
4.778365214229009e+03 5.109630570860776e-16 2.107353794521612e-17
4.779465600161878e+03 5.081662338782325e-16 2.073915403979803e-17
4.780566239497140e+03 5.042763654365284e-16 2.072451814448650e-17
4.781667132293160e+03 4.960667611893208e-16 2.057629605012415e-17
4.782768278608294e+03 4.870116343481300e-16 2.051886388068989e-17
4.783869678500936e+03 5.049686057435979e-16 2.067690847348038e-17
4.784971332029470e+03 5.097914896208101e-16 2.069003319541944e-17
4.786073239252314e+03 4.828629147516332e-16 2.053913201851069e-17
4.787175400227881e+03 5.027731643844401e-16 2.090914041246612e-17
4.788277815014618e+03 5.393904891161553e-16 2.556775084288414e-17
4.789380483670960e+03 5.064981900423991e-16 2.508481111501668e-17
4.790483406255382e+03 4.911201117391963e-16 2.467051672430595e-17
4.791586582826350e+03 5.038385287805552e-16 2.483717677659632e-17
4.792690013442361e+03 4.988195429883918e-16 2.470666984706179e-17
4.793793698161917e+03 4.662315557203638e-16 2.016481156235905e-17
4.794897637043525e+03 5.297926338764747e-16 2.163723732949199e-17
4.796001830145726e+03 5.441326754435011e-16 2.196842895924125e-17
4.797106277527054e+03 5.109035248065720e-16 2.113624188844240e-17
4.798210979246075e+03 4.839821207431036e-16 2.030366080777784e-17
4.799315935361350e+03 4.765128590571436e-16 2.012898790489814e-17
4.800421145931471e+03 4.686638000240137e-16 1.996274794973446e-17
4.801526611015028e+03 4.904886281317950e-16 2.048650744831762e-17
4.802632330670638e+03 5.508655303095927e-16 2.174381262922135e-17
4.803738304956917e+03 5.127765417767792e-16 2.114622211287484e-17
4.804844533932514e+03 4.979786593653408e-16 2.098592509279729e-17
4.805951017656067e+03 4.930051728056602e-16 2.093873480689778e-17
4.807057756186253e+03 4.769930909827556e-16 2.067751939064920e-17
4.808164749581740e+03 4.680136212834998e-16 2.064311139538220e-17
4.809271997901228e+03 5.023039707448721e-16 2.098717258886315e-17
4.810379501203414e+03 4.944489191832088e-16 2.086591362796107e-17
4.811487259547026e+03 4.686063072882789e-16 2.042184757541504e-17
4.812595272990787e+03 4.908340323245903e-16 2.062769444330563e-17
4.813703541593451e+03 5.012243131822244e-16 2.085699761889847e-17
4.814812065413767e+03 5.153898548009940e-16 2.108338181217222e-17
4.815920844510521e+03 5.232613782620089e-16 2.115772491797584e-17
4.817029878942492e+03 4.788903071468378e-16 2.084151605555844e-17
4.818139168768475e+03 5.080897852112256e-16 2.145815151538716e-17
4.819248714047294e+03 5.128727912949549e-16 2.172116530337113e-17
4.820358514837765e+03 5.135395732901495e-16 2.169173048198512e-17
4.821468571198739e+03 4.843028689116253e-16 2.112004824840031e-17
4.822578883189062e+03 5.192746772861985e-16 2.135298797062443e-17
4.823689450867609e+03 5.013802596552341e-16 2.086024325935320e-17
4.824800274293251e+03 5.009503938967411e-16 2.096496756408511e-17
4.825911353524894e+03 5.013501639621572e-16 2.123918592141846e-17
4.827022688621436e+03 4.561298168616378e-16 2.095718694667522e-17
4.828134279641809e+03 5.074593732609498e-16 2.186141461860763e-17
4.829246126644939e+03 4.992597695798946e-16 2.129471644688471e-17
4.830358229689784e+03 4.852566540272976e-16 2.081211145645452e-17
4.831470588835296e+03 4.932042468824636e-16 2.087760264275706e-17
4.832583204140463e+03 4.708712527741311e-16 2.073395142555456e-17
4.833696075664263e+03 4.622409742500168e-16 2.070449118280156e-17
4.834809203465710e+03 4.813493271554130e-16 2.111283741759829e-17
4.835922587603811e+03 4.760513417762998e-16 2.132698981106611e-17
4.837036228137607e+03 5.000475385858578e-16 2.179646978346871e-17
4.838150125126132e+03 4.985838380613726e-16 2.183280311567625e-17
4.839264278628451e+03 4.776465391260285e-16 2.133486594919412e-17
4.840378688703635e+03 4.877103557521286e-16 2.139805813786923e-17
4.841493355410760e+03 4.965210144997292e-16 2.167803584494502e-17
4.842608278808936e+03 4.897453722321560e-16 2.133872788645812e-17
4.843723458957264e+03 4.776675832827723e-16 2.100202809715498e-17
4.844838895914882e+03 4.968340169916464e-16 2.105984534162152e-17
4.845954589740918e+03 5.028994144625799e-16 2.115119729952269e-17
4.847070540494535e+03 4.600340521647830e-16 2.079126217229776e-17
4.848186748234889e+03 4.674779324997496e-16 2.184997135120500e-17
4.849303213021170e+03 4.707472094350098e-16 2.220640762507177e-17
4.850419934912564e+03 4.941828213951615e-16 2.200514126908815e-17
4.851536913968287e+03 4.792820262454734e-16 2.076019147981226e-17
4.852654150247549e+03 4.873482766458754e-16 2.072662584702934e-17
4.853771643809597e+03 4.442813411843528e-16 2.003736260199949e-17
4.854889394713668e+03 4.770745353125255e-16 2.097967865973733e-17
4.856007403019034e+03 4.697131420680188e-16 2.109633787192762e-17
4.857125668784960e+03 4.698445561816228e-16 2.141447570288686e-17
4.858244192070747e+03 5.102631105708178e-16 2.162170053375701e-17
4.859362972935687e+03 6.740080757382512e-16 2.942682840925045e-17
4.860482011439107e+03 4.870227663721880e-15 6.268151397879413e-17
4.861601307640332e+03 1.762032831169596e-14 2.353185198203900e-16
4.862720861598701e+03 2.344975394159044e-14 3.946919519867156e-16
4.863840673373582e+03 1.387017166353741e-14 2.123610861659395e-16
4.864960743024335e+03 3.903415990720149e-15 6.114028625212162e-17
4.866081070610357e+03 8.454768224903467e-16 2.989961143730641e-17
4.867201656191034e+03 5.317865010054990e-16 2.228406104180977e-17
4.868322499825791e+03 4.695246723435118e-16 2.059087525244764e-17
4.869443601574042e+03 4.770495004534281e-16 2.033239175671034e-17
4.870564961495238e+03 5.061847059193027e-16 2.058681536593204e-17
4.871686579648822e+03 4.966499645225393e-16 2.025747321115378e-17
4.872808456094271e+03 4.459601041161647e-16 1.968446362425227e-17
4.873930590891055e+03 4.861273796488072e-16 2.024265166408571e-17
4.875052984098678e+03 4.820242175973424e-16 2.023127737110983e-17
4.876175635776641e+03 4.790524620295236e-16 1.996809912202203e-17
4.877298545984473e+03 4.922139130917450e-16 2.007442788010249e-17
4.878421714781701e+03 4.631799624848248e-16 1.973900062241812e-17
4.879545142227884e+03 4.918999434684952e-16 2.012736717084295e-17
4.880668828382574e+03 5.252867524981647e-16 2.088689056868267e-17
4.881792773305359e+03 5.766755702260072e-16 2.175751706080217e-17
4.882916977055825e+03 5.643551952337860e-16 2.138926706097072e-17
4.884041439693568e+03 5.194431673460012e-16 2.038430821580939e-17
4.885166161278221e+03 4.364164724271186e-16 1.877711650795606e-17
4.886291141869399e+03 4.351884093859460e-16 1.868839370363634e-17
4.887416381526764e+03 4.980579587573748e-16 1.982162203502306e-17
4.888541880309960e+03 4.832504412353771e-16 1.956767143053633e-17
4.889667638278673e+03 4.697092407712049e-16 1.938811830203645e-17
4.890793655492577e+03 4.918888416031866e-16 2.002674792035252e-17
4.891919932011384e+03 4.838301862648342e-16 2.076964172904205e-17
4.893046467894797e+03 4.959955106235232e-16 2.128328423354978e-17
4.894173263202556e+03 4.937730518904374e-16 2.064275041434509e-17
4.895300317994390e+03 4.903399574716011e-16 1.990922212287211e-17
4.896427632330065e+03 4.992757685357006e-16 2.008255563004116e-17
4.897555206269340e+03 4.941922098445260e-16 2.069277559120267e-17
4.898683039872008e+03 5.040593039810751e-16 2.149272007943118e-17
4.899811133197857e+03 4.673740544529406e-16 2.114677687148663e-17
4.900939486306705e+03 4.706717760118398e-16 2.046094455622251e-17
4.902068099258368e+03 5.041379223675378e-16 2.021839595175017e-17
4.903196972112691e+03 4.813140086851951e-16 1.972084712859527e-17
4.904326104929520e+03 4.781541834504655e-16 1.958757480000371e-17
4.905455497768727e+03 4.986479604870342e-16 1.996933046898632e-17
4.906585150690184e+03 4.901472225918861e-16 1.998120401531047e-17
4.907715063753791e+03 4.890009533673717e-16 2.002990819781329e-17
4.908845237019451e+03 4.963749548242524e-16 2.022561742407153e-17
4.909975670547082e+03 4.945293481775880e-16 2.016794650004992e-17
4.911106364396624e+03 4.660477573203411e-16 1.969165127643208e-17
4.912237318628019e+03 4.684451217096394e-16 1.944898103942998e-17
4.913368533301238e+03 4.667238050587456e-16 1.929889353855772e-17
4.914500008476247e+03 5.027110795366859e-16 1.978381358562931e-17
4.915631744213044e+03 4.866855984253440e-16 1.976782050917728e-17
4.916763740571624e+03 4.623300089378623e-16 1.930502086140548e-17
4.917895997612015e+03 4.833647141974894e-16 1.965929948854227e-17
4.919028515394237e+03 4.918264852765532e-16 1.964528378000968e-17
4.920161293978344e+03 4.472404330747002e-16 1.880699318801812e-17
4.921294333424386e+03 5.170438524942493e-16 2.025473414757581e-17
4.922427633792446e+03 6.557442232307218e-16 2.304286256830377e-17
4.923561195142600e+03 6.838080778856956e-16 2.346267647592537e-17
4.924695017534958e+03 5.791744588315539e-16 2.133061457724746e-17
4.925829101029623e+03 5.168065630734131e-16 2.008916110174241e-17
4.926963445686735e+03 4.980702375422480e-16 1.965609715891417e-17
4.928098051566426e+03 4.974504771698458e-16 1.976441222023953e-17
4.929232918728860e+03 4.798616593667420e-16 1.952535525500139e-17
4.930368047234201e+03 4.977601160421046e-16 1.975966595509151e-17
4.931503437142630e+03 5.234672604525755e-16 2.016124163240471e-17
4.932639088514352e+03 5.050842583126489e-16 2.005580747268468e-17
4.933775001409568e+03 4.863922171342947e-16 1.972037784507927e-17
4.934911175888516e+03 4.923397029745712e-16 1.966075019824696e-17
4.936047612011420e+03 4.959775942507741e-16 1.982807351035135e-17
4.937184309838547e+03 5.115112814976397e-16 2.021456316953332e-17
4.938321269430151e+03 5.000572068192599e-16 2.043020350785217e-17
4.939458490846523e+03 4.918377277686735e-16 2.030110073929394e-17
4.940595974147948e+03 4.737517218624627e-16 1.980065010177045e-17
4.941733719394744e+03 4.728438803705222e-16 1.966237205535044e-17
4.942871726647222e+03 4.933621047864471e-16 1.985817695506473e-17
4.944009995965730e+03 4.648544030186936e-16 1.959659505436115e-17
4.945148527410606e+03 4.627177240988317e-16 1.949845004087308e-17
4.946287321042225e+03 4.525712895073891e-16 1.927685642752345e-17
4.947426376920954e+03 4.413750506854231e-16 1.890749437472948e-17
4.948565695107194e+03 4.979872550376521e-16 1.993060648712224e-17
4.949705275661342e+03 4.732808021106928e-16 1.989138508216189e-17
4.950845118643827e+03 4.528883997694287e-16 1.982093460253749e-17
4.951985224115076e+03 4.681944307244931e-16 2.002830039897652e-17
4.953125592135532e+03 4.796451858384469e-16 2.012397294269942e-17
4.954266222765667e+03 4.587370964859653e-16 1.975121135015058e-17
4.955407116065946e+03 4.939108846701663e-16 2.032007755360474e-17
4.956548272096867e+03 6.698896640956431e-16 2.486713405706460e-17
4.957689690918923e+03 3.077335768577491e-15 6.141556395123432e-17
4.958831372592640e+03 1.768988503170830e-14 2.846725646826537e-16
4.959973317178542e+03 3.306842622040449e-14 5.776030747099211e-16
4.961115524737182e+03 2.684880709884772e-14 4.605467367503902e-16
4.962257995329106e+03 8.654607732891742e-15 1.575337785789520e-16
4.963400729014901e+03 1.676315286200737e-15 4.020109130071513e-17
4.964543725855141e+03 6.002430443591140e-16 2.325081928032712e-17
4.965686985910437e+03 4.579013097366223e-16 2.010230351649071e-17
4.966830509241394e+03 4.729567905352814e-16 2.033015274952631e-17
4.967974295908651e+03 4.550057628324442e-16 1.993065283160968e-17
4.969118345972838e+03 4.463806765814602e-16 1.951225725579752e-17
4.970262659494623e+03 4.469181266833114e-16 1.935049175315283e-17
4.971407236534666e+03 4.667159535964507e-16 1.999597484526295e-17
4.972552077153663e+03 4.515103922807943e-16 1.993312569240622e-17
4.973697181412300e+03 4.706567047830748e-16 2.003172253982945e-17
4.974842549371300e+03 4.908659695521393e-16 2.037112016501207e-17
4.975988181091384e+03 4.625718856259010e-16 1.993064818314248e-17
4.977134076633288e+03 4.412766129925596e-16 1.920781468850800e-17
4.978280236057775e+03 4.575038374277240e-16 1.914381517534559e-17
4.979426659425605e+03 4.342484334860408e-16 1.898426260099691e-17
4.980573346797569e+03 4.638554722319669e-16 1.949442874905252e-17
4.981720298234452e+03 4.743809293970885e-16 1.999699679154469e-17
4.982867513797077e+03 4.823441699994978e-16 2.003104980000068e-17
4.984014993546255e+03 4.829299745249662e-16 1.990165783813024e-17
4.985162737542838e+03 5.133851711107197e-16 2.036988243977491e-17
4.986310745847664e+03 6.382525617247882e-16 2.213133523756855e-17
4.987459018521614e+03 6.719559195855633e-16 2.273391746649908e-17
4.988607555625554e+03 5.787106442494365e-16 2.127039374296684e-17
4.989756357220390e+03 4.978475688245131e-16 1.979224890685025e-17
4.990905423367020e+03 4.579667546363021e-16 1.923160435891640e-17
4.992054754126378e+03 4.439642686981963e-16 1.885076392246208e-17
4.993204349559387e+03 4.505646866858380e-16 1.888660456702607e-17
4.994354209727010e+03 4.375507522435608e-16 1.864300599986899e-17
4.995504334690200e+03 4.807619463713988e-16 1.950818288526560e-17
4.996654724509947e+03 4.630860421750655e-16 1.952346752800671e-17
4.997805379247232e+03 4.487672293037100e-16 1.945438963849831e-17
4.998956298963073e+03 4.912009157593470e-16 2.031050011187904e-17
5.000107483718484e+03 4.853703864881936e-16 2.038426057900515e-17
5.001258933574496e+03 4.524772883561159e-16 2.020178582965149e-17
5.002410648592166e+03 4.789098992255382e-16 2.108840605815916e-17
5.003562628832547e+03 5.581429828220852e-16 2.315660979251096e-17
5.004714874356730e+03 1.301293332475103e-15 3.592313553974824e-17
5.005867385225790e+03 1.319557292235940e-14 1.935738830151397e-16
5.007020161500845e+03 6.271029334298782e-14 9.897055152273766e-16
5.008173203243004e+03 1.008067368959603e-13 1.720753056883850e-15
5.009326510513409e+03 6.439946976981733e-14 1.057204242066318e-15
5.010480083373198e+03 1.711065029269127e-14 2.761949885994067e-16
5.011633921883542e+03 2.757577434518353e-15 5.767729262279240e-17
5.012788026105605e+03 8.021559149461273e-16 2.691223269968065e-17
5.013942396100590e+03 5.641703852080703e-16 2.216772630152688e-17
5.015097031929688e+03 6.210886722729512e-16 2.310442053276372e-17
5.016251933654126e+03 8.753661982450545e-16 2.699932355067281e-17
5.017407101335127e+03 9.058423058313558e-16 2.745184139331541e-17
5.018562535033947e+03 6.573828279064485e-16 2.325372613187906e-17
5.019718234811834e+03 5.212107268340271e-16 2.101598845586209e-17
5.020874200730075e+03 4.700613195894934e-16 2.032118254176313e-17
5.022030432849951e+03 4.817228495150835e-16 2.018693114862017e-17
5.023186931232760e+03 4.661730549580716e-16 1.933274552777889e-17
5.024343695939828e+03 4.838606305013307e-16 1.936979211209215e-17
5.025500727032476e+03 4.765407152188346e-16 1.939692350283317e-17
5.026658024572058e+03 4.413175148998841e-16 1.924725774204577e-17
5.027815588619922e+03 4.593961214681299e-16 1.946419351202134e-17
5.028973419237453e+03 4.971772651007993e-16 2.046742153222778e-17
5.030131516486026e+03 4.922483105535795e-16 1.985593345634461e-17
5.031289880427054e+03 4.503619060299404e-16 1.878056134242490e-17
5.032448511121941e+03 4.523295830152322e-16 1.865198183516312e-17
5.033607408632127e+03 4.674297752125328e-16 1.867671569325323e-17
5.034766573019044e+03 4.692709026092785e-16 1.854036499947781e-17
5.035926004344162e+03 4.518840753446811e-16 1.825710330026197e-17
5.037085702668942e+03 4.546215105985743e-16 1.828605187553198e-17
5.038245668054879e+03 4.570597801744855e-16 1.849248988676020e-17
5.039405900563465e+03 4.587580206052247e-16 1.888967486377274e-17
5.040566400256223e+03 5.039523232490652e-16 1.939293603386384e-17
5.041727167194672e+03 5.031719910647003e-16 1.910435711758309e-17
5.042888201440364e+03 4.843040929286793e-16 1.873572755307586e-17
5.044049503054852e+03 4.837852472116325e-16 1.866313870061563e-17
5.045211072099702e+03 4.456068563575916e-16 1.835326385356965e-17
5.046372908636507e+03 4.504324035535298e-16 1.841256331605163e-17
5.047535012726860e+03 4.648771859514299e-16 1.851726734957138e-17
5.048697384432382e+03 4.746866528314884e-16 1.860395787478011e-17
5.049860023814691e+03 4.712416054275077e-16 1.871907182168597e-17
5.051022930935440e+03 4.678817219622396e-16 1.877779460410455e-17
5.052186105856274e+03 4.441769937168168e-16 1.851962003202463e-17
5.053349548638875e+03 4.587666239376952e-16 1.839512002709983e-17
5.054513259344914e+03 4.107192725354906e-16 1.757486407557172e-17
5.055677238036104e+03 4.491752736416805e-16 1.809283013692372e-17
5.056841484774146e+03 4.863515595770747e-16 1.866397477300064e-17
5.058005999620776e+03 4.768681251559935e-16 1.854445331719164e-17
5.059170782637729e+03 4.676807465311745e-16 1.836525505623806e-17
5.060335833886767e+03 4.699910951412340e-16 1.868678744348697e-17
5.061501153429651e+03 4.985601766782465e-16 1.932019528395156e-17
5.062666741328175e+03 4.814046077527798e-16 1.905367369523310e-17
5.063832597644128e+03 4.630186064108764e-16 1.868272976819612e-17
5.064998722439333e+03 5.065436332984697e-16 1.914144169592600e-17
5.066165115775603e+03 4.824952152354728e-16 1.864461130244684e-17
5.067331777714795e+03 4.753347485936098e-16 1.860839711316292e-17
5.068498708318748e+03 5.199017709928366e-16 1.949461356448322e-17
5.069665907649346e+03 4.832916293142757e-16 1.898680507707905e-17
5.070833375768467e+03 4.685866513462346e-16 1.878515205902432e-17
5.072001112738001e+03 4.990165505350787e-16 1.963856965340538e-17
5.073169118619874e+03 4.420385925393915e-16 1.862628831398800e-17
5.074337393476000e+03 4.865278122824192e-16 1.901685651556068e-17
5.075505937368331e+03 4.840708292956482e-16 1.894558671143690e-17
5.076674750358811e+03 4.494058810850615e-16 1.819074067869323e-17
5.077843832509421e+03 4.606438192193771e-16 1.834477384590668e-17
5.079013183882133e+03 4.607275026461648e-16 1.839080946757701e-17
5.080182804538955e+03 4.849252883305232e-16 1.870241071414964e-17
5.081352694541888e+03 4.699403027850176e-16 1.842650353305161e-17
5.082522853952971e+03 4.611515256414371e-16 1.824465535162966e-17
5.083693282834233e+03 4.601771991042765e-16 1.831000776080173e-17
5.084863981247740e+03 4.869188349726137e-16 1.902651987902161e-17
5.086034949255551e+03 4.942918441677347e-16 1.909983380562583e-17
5.087206186919757e+03 4.603726242977289e-16 1.841527304845571e-17
5.088377694302450e+03 4.533221363116996e-16 1.826218100674389e-17
5.089549471465748e+03 4.662933943725632e-16 1.863155368297001e-17
5.090721518471771e+03 4.411190424827042e-16 1.839029476670467e-17
5.091893835382667e+03 4.631990540003412e-16 1.849331300208148e-17
5.093066422260588e+03 4.388907999663951e-16 1.772592643591376e-17
5.094239279167698e+03 4.211634743757319e-16 1.736469231490772e-17
5.095412406166190e+03 4.368881484043051e-16 1.772291072555993e-17
5.096585803318251e+03 4.652759968151906e-16 1.852913744216473e-17
5.097759470686106e+03 4.522370467480600e-16 1.821273119173040e-17
5.098933408331970e+03 4.090994458532816e-16 1.724222248552705e-17
5.100107616318094e+03 4.321620250561500e-16 1.752388533028267e-17
5.101282094706724e+03 4.415505856485607e-16 1.776640288545930e-17
5.102456843560139e+03 4.131825735131427e-16 1.755157187989398e-17
5.103631862940612e+03 4.437297882978604e-16 1.797603522382293e-17
5.104807152910455e+03 4.179450192255810e-16 1.739404592614493e-17
5.105982713531967e+03 4.099122962400306e-16 1.720709755342772e-17
5.107158544867485e+03 4.339205589741995e-16 1.756282885381913e-17
5.108334646979342e+03 4.560958415657671e-16 1.792431616844672e-17
5.109511019929904e+03 4.113571468822851e-16 1.740581723098349e-17
5.110687663781530e+03 4.066315835636788e-16 1.732595624029347e-17
5.111864578596616e+03 4.297716438341292e-16 1.767043797940771e-17
5.113041764437548e+03 4.466543614794752e-16 1.797434249215436e-17
5.114219221366752e+03 4.394465219103853e-16 1.762942770034996e-17
5.115396949446649e+03 4.177295832235540e-16 1.728572449942781e-17
5.116574948739677e+03 4.265452900228061e-16 1.736887092993661e-17
5.117753219308302e+03 4.143260030707627e-16 1.729310594048174e-17
5.118931761214983e+03 4.153745407491239e-16 1.741628888821784e-17
5.120110574522217e+03 4.357992839501772e-16 1.772357203027680e-17
5.121289659292494e+03 4.177450949260725e-16 1.739442525600839e-17
5.122469015588335e+03 4.107041528346927e-16 1.723086527997277e-17
5.123648643472261e+03 4.180962032655267e-16 1.741748969991487e-17
5.124828543006825e+03 4.144536677367504e-16 1.749929657964110e-17
5.126008714254573e+03 4.225465079849216e-16 1.791000712837509e-17
5.127189157278084e+03 4.285341544310114e-16 1.803912163707996e-17
5.128369872139938e+03 4.140004729275316e-16 1.749700217798426e-17
5.129550858902743e+03 4.213792520669820e-16 1.734318133713224e-17
5.130732117629104e+03 4.273754921477653e-16 1.755524379611490e-17
5.131913648381661e+03 4.238088759341417e-16 1.807312787432231e-17
5.133095451223047e+03 4.374431867394426e-16 1.859153873494981e-17
5.134277526215929e+03 4.405491364971857e-16 1.831985450930784e-17
5.135459873422971e+03 4.288204369609854e-16 1.766551385604125e-17
5.136642492906871e+03 4.096509341005521e-16 1.726848940502126e-17
5.137825384730321e+03 3.955436666168925e-16 1.718811567468746e-17
5.139008548956035e+03 4.021744682604981e-16 1.768865134873406e-17
5.140191985646747e+03 4.097921888629342e-16 1.814285705429164e-17
5.141375694865208e+03 4.097322699596142e-16 1.804698894183224e-17
5.142559676674169e+03 4.154866689763366e-16 1.760808894599953e-17
5.143743931136402e+03 4.115837157875225e-16 1.717746395996780e-17
5.144928458314704e+03 4.077425658118942e-16 1.725351436723956e-17
5.146113258271866e+03 4.263274461760528e-16 1.784540378984041e-17
5.147298331070717e+03 4.454565900733890e-16 1.804735908372954e-17
5.148483676774075e+03 4.352220866523624e-16 1.756325244552620e-17
5.149669295444799e+03 4.340326776862853e-16 1.735447258228111e-17
5.150855187145738e+03 4.224161658120755e-16 1.716629398940260e-17
5.152041351939778e+03 3.945405223357269e-16 1.677473785013656e-17
5.153227789889797e+03 4.274264188049717e-16 1.713602481230591e-17
5.154414501058709e+03 4.018060859828957e-16 1.681859790826205e-17
5.155601485509422e+03 3.922802651434897e-16 1.681800903577765e-17
5.156788743304879e+03 4.279225676736724e-16 1.740531693784790e-17
5.157976274508017e+03 4.353237808656965e-16 1.767584510785415e-17
5.159164079181809e+03 4.488399858566052e-16 1.795309816624202e-17
5.160352157389219e+03 4.554765320358599e-16 1.802050424278209e-17
5.161540509193249e+03 4.670265869995062e-16 1.803927122120274e-17
5.162729134656893e+03 4.310991277354319e-16 1.756832647674525e-17
5.163918033843182e+03 4.282175335308766e-16 1.745767093092446e-17
5.165107206815146e+03 4.312327969559607e-16 1.768854308341797e-17
5.166296653635826e+03 4.015827742747274e-16 1.722469105969671e-17
5.167486374368298e+03 4.073280802392074e-16 1.721435045015527e-17
5.168676369075629e+03 4.102743770526167e-16 1.703845545034848e-17
5.169866637820920e+03 4.026877141250667e-16 1.687048607102311e-17
5.171057180667269e+03 3.823731100487649e-16 1.684451183943477e-17
5.172247997677808e+03 3.880187309201419e-16 1.692051815873717e-17
5.173439088915660e+03 4.207605290464987e-16 1.746548472087434e-17
5.174630454443990e+03 3.707394423262876e-16 1.681383528136760e-17
5.175822094325949e+03 4.192652770677857e-16 1.731408781074377e-17
5.177014008624729e+03 4.285500634600178e-16 1.773428032883121e-17
5.178206197403512e+03 4.190504124107880e-16 1.766138336555931e-17
5.179398660725519e+03 4.221664880448633e-16 1.767989700737466e-17
5.180591398653961e+03 4.357579254642588e-16 1.814854211153409e-17
5.181784411252087e+03 4.173962358334609e-16 1.776823026247730e-17
5.182977698583139e+03 4.148088663815035e-16 1.739599300126574e-17
5.184171260710394e+03 4.008505394445180e-16 1.719519487660637e-17
5.185365097697122e+03 4.230641794435137e-16 1.756666741682948e-17
5.186559209606632e+03 4.126244356107474e-16 1.753855272559593e-17
5.187753596502228e+03 4.135553088903469e-16 1.747929342915248e-17
5.188948258447229e+03 4.277889421836272e-16 1.783846891711254e-17
5.190143195504987e+03 4.136779103962429e-16 1.744016730252314e-17
5.191338407738845e+03 4.008985875176635e-16 1.703762050188356e-17
5.192533895212181e+03 4.404433656028746e-16 1.734614488060378e-17
5.193729657988371e+03 4.311739692665720e-16 1.730690940149110e-17
5.194925696130822e+03 4.011448451592887e-16 1.690015983919274e-17
5.196122009702935e+03 4.263661237952830e-16 1.737827373639419e-17
5.197318598768150e+03 4.271817584916308e-16 1.760813796795310e-17
5.198515463389897e+03 5.126774020494849e-16 1.892443230423871e-17
5.199712603631644e+03 5.611397147212516e-16 1.965353216363287e-17
5.200910019556852e+03 5.157460767440478e-16 1.895102667153163e-17
5.202107711229016e+03 4.723372763421086e-16 1.807755915873108e-17
5.203305678711626e+03 4.133643060820120e-16 1.696474881022769e-17
5.204503922068208e+03 3.979737080267105e-16 1.669479567473251e-17
5.205702441362281e+03 3.902594594645781e-16 1.661148567824310e-17
5.206901236657401e+03 4.006417870913436e-16 1.681018247812740e-17
5.208100308017113e+03 4.032539527762220e-16 1.688534344013448e-17
5.209299655505005e+03 3.929318808772467e-16 1.684176570844614e-17
5.210499279184658e+03 4.183414540580946e-16 2.134398936930461e-17
5.211699179119670e+03 4.137300094322295e-16 2.077984079469281e-17
5.212899355373668e+03 4.139156768775071e-16 1.791919202931806e-17
5.214099808010275e+03 4.258668969452720e-16 1.713835378284733e-17
5.215300537093148e+03 4.180141443194868e-16 1.704787420776178e-17
5.216501542685936e+03 3.932106045975224e-16 1.664072902847610e-17
5.217702824852328e+03 3.980058977205668e-16 1.654426112576817e-17
5.218904383656004e+03 3.913643712320927e-16 1.648481147568258e-17
5.220106219160680e+03 4.049761965969636e-16 1.678815112316400e-17
5.221308331430063e+03 4.191163086285064e-16 1.714407124472706e-17
5.222510720527902e+03 4.002259837316942e-16 1.706626548039316e-17
5.223713386517934e+03 4.170568275642467e-16 1.764910131627070e-17
5.224916329463933e+03 4.244168384967248e-16 1.796596390915711e-17
5.226119549429668e+03 4.125085570385805e-16 1.752860913995258e-17
5.227323046478944e+03 3.798459152045517e-16 1.697175617728393e-17
5.228526820675557e+03 3.850329784609899e-16 1.680554298554081e-17
5.229730872083342e+03 4.065050189545742e-16 1.679198559881568e-17
5.230935200766125e+03 4.006538613265847e-16 1.658860698346721e-17
5.232139806787768e+03 4.014282139903846e-16 1.678453617304920e-17
5.233344690212130e+03 4.174207284552147e-16 1.721391315784168e-17
5.234549851103101e+03 3.864559608055128e-16 1.673766150328125e-17
5.235755289524567e+03 3.899745101546928e-16 1.660225079512484e-17
5.236961005540452e+03 4.294602292179437e-16 1.733449169139035e-17
5.238166999214674e+03 4.113256453711460e-16 1.714381631705673e-17
5.239373270611168e+03 4.098908379794079e-16 1.713453330647505e-17
5.240579819793902e+03 3.923960552013431e-16 1.687405917409252e-17
5.241786646826834e+03 4.012522632939148e-16 1.688541189317571e-17
5.242993751773960e+03 4.184779172865858e-16 1.706105828053930e-17
5.244201134699269e+03 4.353395856544462e-16 1.725196508925624e-17
5.245408795666784e+03 4.203596386562825e-16 1.714582541156949e-17
5.246616734740526e+03 3.997856401492846e-16 1.691912115648599e-17
5.247824951984549e+03 4.099413388232729e-16 1.684247245490398e-17
5.249033447462898e+03 4.001432713067599e-16 1.645432429408793e-17
5.250242221239659e+03 3.832849039270582e-16 1.614338516032219e-17
5.251451273378910e+03 3.858620459230083e-16 1.620890749134910e-17
5.252660603944762e+03 4.068873729193345e-16 1.667500061499063e-17
5.253870213001323e+03 4.068043610753253e-16 1.683777382017390e-17
5.255080100612739e+03 3.887512644848562e-16 1.670037433567154e-17
5.256290266843141e+03 3.938756880036830e-16 1.685842457257585e-17
5.257500711756705e+03 4.326768680606868e-16 1.740666022128096e-17
5.258711435417595e+03 4.040945675452730e-16 1.702890484971013e-17
5.259922437890013e+03 3.916291128516557e-16 1.688859141164049e-17
5.261133719238162e+03 4.066253786786024e-16 1.714149054053182e-17
5.262345279526256e+03 4.204858376345861e-16 1.717271542453889e-17
5.263557118818541e+03 4.396130161014766e-16 1.736485537602391e-17
5.264769237179258e+03 4.291148409466494e-16 1.712433738038328e-17
5.265981634672681e+03 4.058460983195549e-16 1.687365615442872e-17
5.267194311363082e+03 3.867569002451347e-16 1.675364872612674e-17
5.268407267314766e+03 3.911928749575883e-16 1.676076586606730e-17
5.269620502592030e+03 4.132739809801782e-16 1.706960095450393e-17
5.270834017259210e+03 4.768304684037294e-16 1.811969298896212e-17
5.272047811380636e+03 5.238086649362989e-16 1.895581297112768e-17
5.273261885020671e+03 4.940167045830359e-16 1.848169666025631e-17
5.274476238243675e+03 4.467873678108177e-16 1.764039645793640e-17
5.275690871114040e+03 4.374545373373150e-16 1.723704175391961e-17
5.276905783696157e+03 4.015940103581066e-16 1.664690165807000e-17
5.278120976054449e+03 3.835477336069529e-16 1.649621453006285e-17
5.279336448253332e+03 4.114515977901841e-16 1.698187921809584e-17
5.280552200357261e+03 3.943038402330444e-16 1.692184771696521e-17
5.281768232430684e+03 4.067536058582830e-16 1.685372598589088e-17
5.282984544538083e+03 4.043258935954616e-16 1.684726272119327e-17
5.284201136743942e+03 3.982811461825485e-16 1.679814229308734e-17
5.285418009112756e+03 3.875206678600310e-16 1.671254629850635e-17
5.286635161709055e+03 3.859773958729175e-16 1.678017461946164e-17
5.287852594597359e+03 4.133638897104768e-16 1.713777970521367e-17
5.289070307842227e+03 4.134389762574523e-16 1.694767750906351e-17
5.290288301508209e+03 3.893368827568706e-16 1.658212254922482e-17
5.291506575659893e+03 4.290555843238734e-16 1.714230148891572e-17
5.292725130361860e+03 4.222643736948111e-16 1.707833596687955e-17
5.293943965678728e+03 4.021670656092574e-16 1.672713608743023e-17
5.295163081675107e+03 4.139782870457346e-16 1.678624224795541e-17
5.296382478415643e+03 3.917890440375668e-16 1.649725930253355e-17
5.297602155964978e+03 3.729254895728600e-16 1.659613207954568e-17
5.298822114387788e+03 4.131660033100443e-16 1.722606911657655e-17
5.300042353748744e+03 4.167989194643256e-16 1.726834737124988e-17
5.301262874112552e+03 4.081090935220201e-16 1.704153336037053e-17
5.302483675543912e+03 4.222828867732398e-16 1.730417441117745e-17
5.303704758107559e+03 4.177156510955615e-16 1.774561978778869e-17
5.304926121868225e+03 3.940718791445347e-16 1.674072459592186e-17
5.306147766890676e+03 4.220163335610357e-16 1.689762079714802e-17
5.307369693239677e+03 4.049832055271081e-16 1.687723481228040e-17
5.308591900980006e+03 4.149591588715843e-16 1.725547715156058e-17
5.309814390176471e+03 3.658775076461662e-16 1.668394494607167e-17
5.311037160893890e+03 3.763969952363163e-16 1.659792468930172e-17
5.312260213197091e+03 4.188780570518221e-16 1.706010218853618e-17
5.313483547150910e+03 4.162876224905818e-16 1.681359975226084e-17
5.314707162820220e+03 4.283481282252738e-16 1.707617141556480e-17
5.315931060269885e+03 3.955883850713590e-16 1.663195887925583e-17
5.317155239564805e+03 3.715455088056539e-16 1.627254864670387e-17
5.318379700769874e+03 3.596406403822799e-16 1.597315668975140e-17
5.319604443950023e+03 3.957331613388968e-16 1.639345375404989e-17
5.320829469170174e+03 3.935175277408486e-16 1.627826785720723e-17
5.322054776495289e+03 3.815371523781102e-16 1.628460594188826e-17
5.323280365990321e+03 3.918228796933948e-16 1.668749880386879e-17
5.324506237720262e+03 3.484624084852178e-16 1.612226907357327e-17
5.325732391750094e+03 4.021408903069306e-16 1.734023675066453e-17
5.326958828144839e+03 4.261391142719541e-16 1.742182498790879e-17
5.328185546969507e+03 3.949469727044860e-16 1.664387176420807e-17
5.329412548289152e+03 3.594874845851296e-16 1.576705581369111e-17
5.330639832168816e+03 3.844428504098186e-16 1.626239462205065e-17
5.331867398673578e+03 3.789357156046347e-16 1.694099527087000e-17
5.333095247868514e+03 3.978076517718032e-16 1.724046943272513e-17
5.334323379818732e+03 3.927231264307794e-16 1.678425698898661e-17
5.335551794589343e+03 3.729608213027636e-16 1.603652256445289e-17
5.336780492245468e+03 3.985800756335770e-16 1.632343405218926e-17
5.338009472852265e+03 4.090251904504570e-16 1.666843224085207e-17
5.339238736474880e+03 4.112470195839847e-16 1.692000436046929e-17
5.340468283178500e+03 3.974974069205552e-16 1.671041988343231e-17
5.341698113028303e+03 3.976585485165232e-16 1.676411118792361e-17
5.342928226089504e+03 4.207161331919609e-16 1.728646356954617e-17
5.344158622427311e+03 4.061388172144067e-16 1.709059007713515e-17
5.345389302106971e+03 4.175898649063318e-16 1.714949573140995e-17
5.346620265193720e+03 4.171953644268020e-16 1.702480041542337e-17
5.347851511752834e+03 3.792941136843369e-16 1.645666476796435e-17
5.349083041849583e+03 3.896064067201274e-16 1.649138819673459e-17
5.350314855549272e+03 3.983928339420984e-16 1.654028669059927e-17
5.351546952917198e+03 3.953080637209328e-16 1.652270220817216e-17
5.352779334018697e+03 3.894358808069755e-16 1.621289380274247e-17
5.354011998919100e+03 3.823844505235517e-16 1.609351907926121e-17
5.355244947683769e+03 4.164169063480407e-16 1.704741067884942e-17
5.356478180378066e+03 4.152838235251240e-16 1.731988857012067e-17
5.357711697067383e+03 4.142428888976510e-16 1.692579188284129e-17
5.358945497817118e+03 3.850624169132625e-16 1.643799070014511e-17
5.360179582692679e+03 3.751817460976011e-16 1.637159835783008e-17
5.361413951759506e+03 4.047804028204743e-16 1.666604145281424e-17
5.362648605083034e+03 3.932117300897204e-16 1.668071897391444e-17
5.363883542728735e+03 3.796350302281462e-16 1.666283839870392e-17
5.365118764762071e+03 4.129959220770271e-16 1.706865343345286e-17
5.366354271248544e+03 3.937245070641946e-16 1.655239479538774e-17
5.367590062253649e+03 3.931691011388962e-16 1.628229756147215e-17
5.368826137842916e+03 3.947972266247914e-16 1.611834749358868e-17
5.370062498081871e+03 3.805638539344711e-16 1.595713811839998e-17
5.371299143036074e+03 3.856330262100031e-16 1.605849380653734e-17
5.372536072771081e+03 3.907639423569136e-16 1.638536720354186e-17
5.373773287352484e+03 3.753648201687394e-16 1.639186113769993e-17
5.375010786845866e+03 3.889543481123649e-16 1.689414158099921e-17
5.376248571316852e+03 3.914587201715142e-16 1.666007453994220e-17
5.377486640831054e+03 3.663336416506826e-16 1.597426040028572e-17
5.378724995454124e+03 3.835964860066405e-16 1.613759708143340e-17
5.379963635251710e+03 3.959370332935401e-16 1.627570527816240e-17
5.381202560289493e+03 3.895928074707008e-16 1.621139079706014e-17
5.382441770633154e+03 3.711849738858124e-16 1.623793576040463e-17
5.383681266348390e+03 3.757237088636409e-16 1.644808532145643e-17
5.384921047500927e+03 3.936372783187916e-16 1.655370787016385e-17
5.386161114156487e+03 3.940263501209806e-16 1.639327288616742e-17
5.387401466380829e+03 3.804121789198321e-16 1.612473196816906e-17
5.388642104239703e+03 3.986616322271828e-16 1.630819256368233e-17
5.389883027798897e+03 3.796965780407058e-16 1.598256748220039e-17
5.391124237124194e+03 3.707497534211010e-16 1.582114488227615e-17
5.392365732281412e+03 4.062198735176817e-16 1.650083165427939e-17
5.393607513336362e+03 3.957265995435359e-16 1.628202049067093e-17
5.394849580354894e+03 3.828971425271974e-16 1.602200203062092e-17
5.396091933402849e+03 3.458685726417387e-16 1.553117796857134e-17
5.397334572546108e+03 3.862528892240959e-16 1.647276483532939e-17
5.398577497850542e+03 3.722884477786383e-16 1.611532576058101e-17
5.399820709382061e+03 4.041785229220875e-16 1.650397283186346e-17
5.401064207206568e+03 3.653881920434380e-16 1.585304956799685e-17
5.402307991390004e+03 3.781604130984736e-16 1.592483395471260e-17
5.403552061998299e+03 3.754619232318928e-16 1.588272446914190e-17
5.404796419097427e+03 3.952980489249614e-16 1.625215001076055e-17
5.406041062753349e+03 3.699678883465444e-16 1.576893934530530e-17
5.407285993032068e+03 3.400765446172070e-16 1.524332964061985e-17
5.408531209999575e+03 3.603932823230476e-16 1.559637734960934e-17
5.409776713721904e+03 3.692700497377964e-16 1.570650192377110e-17
5.411022504265084e+03 3.518380637704543e-16 1.556894187784839e-17
5.412268581695159e+03 3.861828942089558e-16 1.616875608346049e-17
5.413514946078206e+03 3.999244528169178e-16 1.668446817517882e-17
5.414761597480296e+03 3.791719832121044e-16 1.627498782714999e-17
5.416008535967536e+03 3.688303220165302e-16 1.607627933199921e-17
5.417255761606025e+03 4.125664555595012e-16 1.656113828648881e-17
5.418503274461901e+03 4.116186646236648e-16 1.654819323756063e-17
5.419751074601297e+03 3.909721744178720e-16 1.624806329639145e-17
5.420999162090380e+03 3.914909216986975e-16 1.622669024402627e-17
5.422247536995309e+03 3.697819349063169e-16 1.601449946137521e-17
5.423496199382286e+03 3.774753064026304e-16 1.611545775273346e-17
5.424745149317501e+03 3.596757021540365e-16 1.577774263710383e-17
5.425994386867183e+03 3.422265102251321e-16 1.581213573878905e-17
5.427243912097555e+03 3.938176978438560e-16 1.694974170283962e-17
5.428493725074875e+03 3.742865234798712e-16 1.701833042350561e-17
5.429743825865399e+03 3.714824540896144e-16 1.675427596275128e-17
5.430994214535414e+03 3.945729002494364e-16 1.657988083196544e-17
5.432244891151205e+03 3.850750913479570e-16 1.611036422675702e-17
5.433495855779091e+03 3.711538514287594e-16 1.630199308322390e-17
5.434747108485393e+03 3.992100497258340e-16 1.667259128503296e-17
5.435998649336445e+03 3.845383889945188e-16 1.632112392628020e-17
5.437250478398614e+03 4.067585928994116e-16 1.675325759621903e-17
5.438502595738258e+03 3.947398272210057e-16 1.651215512436579e-17
5.439755001421776e+03 3.940459184501170e-16 1.664356676183684e-17
5.441007695515556e+03 3.727826984038177e-16 1.648962370386995e-17
5.442260678086029e+03 4.171529216203660e-16 1.737571243117913e-17
5.443513949199612e+03 4.269752927911889e-16 2.150102668444589e-17
5.444767508922767e+03 3.671224913582814e-16 2.284197772312858e-17
5.446021357321943e+03 3.725280915417553e-16 1.920118100543265e-17
5.447275494463627e+03 3.527294795448142e-16 1.803301470230263e-17
5.448529920414306e+03 3.705914669204592e-16 1.633626302112499e-17
5.449784635240495e+03 3.766895662516346e-16 1.619310334581618e-17
5.451039639008708e+03 3.600902615569844e-16 1.617792290967467e-17
5.452294931785497e+03 3.700649060701753e-16 1.623075935339653e-17
5.453550513637403e+03 3.841367938503664e-16 1.614554242115071e-17
5.454806384631008e+03 3.549140439367429e-16 1.570091125561868e-17
5.456062544832884e+03 3.721088774655985e-16 1.591385684161585e-17
5.457318994309645e+03 3.759107712924840e-16 1.604303741710380e-17
5.458575733127899e+03 3.624337877776089e-16 1.583147217392134e-17
5.459832761354273e+03 3.798766530138134e-16 1.622501331021864e-17
5.461090079055424e+03 3.741712734750476e-16 1.667178172538966e-17
5.462347686298002e+03 3.945322825834660e-16 1.725774846865454e-17
5.463605583148696e+03 3.647314524551303e-16 1.663506211925367e-17
5.464863769674186e+03 3.980042112941424e-16 1.640906748973870e-17
5.466122245941194e+03 3.671752131804624e-16 1.599058209063818e-17
5.467381012016428e+03 3.659496258229897e-16 1.620935332627144e-17
5.468640067966639e+03 3.719174073653263e-16 1.669723234023624e-17
5.469899413858571e+03 3.819348506235414e-16 1.636887647428732e-17
5.471159049759003e+03 3.690967939097322e-16 1.601180811141075e-17
5.472418975734709e+03 3.700712117149946e-16 1.591390761301768e-17
5.473679191852501e+03 3.715432914233078e-16 1.625427654913293e-17
5.474939698179182e+03 3.831041978627545e-16 1.665399272651227e-17
5.476200494781594e+03 3.615440489964178e-16 1.613075865258261e-17
5.477461581726572e+03 3.845391399044791e-16 1.619461794648759e-17
5.478722959080990e+03 3.932269140759528e-16 1.658817058658031e-17
5.479984626911712e+03 3.876457750050427e-16 1.672443366373591e-17
5.481246585285642e+03 3.789265666611112e-16 1.653553559721427e-17
5.482508834269684e+03 3.951962907750708e-16 1.667195649729592e-17
5.483771373930752e+03 3.555713787365784e-16 1.607346717224550e-17
5.485034204335793e+03 3.524023766418835e-16 1.581567813317766e-17
5.486297325551765e+03 3.727115912678707e-16 1.607921781058086e-17
5.487560737645634e+03 3.838281865886316e-16 1.626891183661921e-17
5.488824440684377e+03 3.727631525684779e-16 1.596145160681091e-17
5.490088434735006e+03 3.912433294162748e-16 1.619561794226882e-17
5.491352719864526e+03 3.839995910974271e-16 1.607840068496386e-17
5.492617296139978e+03 3.603367883508014e-16 1.591567302059226e-17
5.493882163628399e+03 3.763281014207642e-16 1.632424428794709e-17
5.495147322396862e+03 3.854776746008203e-16 1.675367234346510e-17
5.496412772512433e+03 3.706406152603983e-16 1.665760693857766e-17
5.497678514042214e+03 3.615616202453145e-16 1.622275191735918e-17
5.498944547053306e+03 3.498988454396619e-16 1.596180719133248e-17
5.500210871612840e+03 3.947499513170016e-16 1.651946155369844e-17
5.501477487787947e+03 4.051040130315769e-16 1.669512133178046e-17
5.502744395645793e+03 3.867588206076131e-16 1.611882282106824e-17
5.504011595253533e+03 3.452086265525526e-16 1.546008135695737e-17
5.505279086678369e+03 3.943174374189829e-16 1.642258838803002e-17
5.506546869987487e+03 3.880369029259364e-16 1.657158462894230e-17
5.507814945248118e+03 3.581256510027125e-16 1.617582474731367e-17
5.509083312527480e+03 3.546654924655671e-16 1.599543530698957e-17
5.510351971892834e+03 3.864860625085906e-16 1.661237359619483e-17
5.511620923411436e+03 3.660368284733538e-16 1.633846367354663e-17
5.512890167150558e+03 3.601891866885513e-16 1.607952160537346e-17
5.514159703177508e+03 3.820531837829105e-16 1.621239624426046e-17
5.515429531559583e+03 3.750964911317528e-16 1.593243309134088e-17
5.516699652364117e+03 3.819474196725403e-16 1.624611389051096e-17
5.517970065658443e+03 4.184557659541667e-16 1.710751227833906e-17
5.519240771509927e+03 4.499295995691368e-16 1.774947735647155e-17
5.520511769985927e+03 4.327453179904234e-16 1.730602764861026e-17
5.521783061153844e+03 3.814371111033023e-16 1.637024195153082e-17
5.523054645081069e+03 3.768894418825506e-16 1.636597828767442e-17
5.524326521835031e+03 3.861851988300463e-16 1.654365994661082e-17
5.525598691483151e+03 3.949524171657697e-16 1.665164963229666e-17
5.526871154092892e+03 3.789148686737228e-16 1.617507246262783e-17
5.528143909731704e+03 3.453745281996913e-16 1.559397641456490e-17
5.529416958467082e+03 3.563351467190367e-16 1.578979601212828e-17
5.530690300366508e+03 3.548661994835384e-16 1.605861320204791e-17
5.531963935497506e+03 3.515962013926051e-16 1.628797961484573e-17
5.533237863927591e+03 3.952731119039559e-16 1.679960218915671e-17
5.534512085724316e+03 3.634371712144573e-16 1.644741059487757e-17
5.535786600955235e+03 3.729206239424275e-16 1.644063116514431e-17
5.537061409687914e+03 3.921888403245763e-16 1.643896077495059e-17
5.538336511989954e+03 4.030879703701906e-16 1.644334021093106e-17
5.539611907928950e+03 4.095639672226073e-16 1.663799383999978e-17
5.540887597572531e+03 4.254690248773160e-16 1.714092977000092e-17
5.542163580988323e+03 3.623634092782080e-16 1.659244590056996e-17
5.543439858243987e+03 3.577022806290893e-16 1.675654033471702e-17
5.544716429407181e+03 3.835179272977991e-16 1.697950368603858e-17
5.545993294545598e+03 3.636455786834730e-16 1.638539601777292e-17
5.547270453726922e+03 3.303327279072891e-16 1.565729807316895e-17
5.548547907018883e+03 3.435693380903197e-16 1.583638438480915e-17
5.549825654489195e+03 3.884755827354936e-16 1.659769320253919e-17
5.551103696205615e+03 3.819158761037215e-16 1.647560034748091e-17
5.552382032235893e+03 3.770663972997769e-16 1.639731156180339e-17
5.553660662647817e+03 3.782046687978021e-16 1.655085844896924e-17
5.554939587509164e+03 3.700691233268487e-16 1.666874699357596e-17
5.556218806887757e+03 3.481453293977309e-16 1.634111262055351e-17
5.557498320851405e+03 3.589809428721079e-16 1.643474741545438e-17
5.558778129467959e+03 3.314912755805873e-16 2.274008031369640e-17
5.560058232805266e+03 3.798490629209490e-16 6.859031418187713e-17
5.561338630931192e+03 2.051047877276994e-16 1.168575687824901e-16
5.562619323913632e+03 3.245067009034005e-16 8.129272334981961e-17
5.563900311820476e+03 4.167472045505856e-16 5.016716985578152e-17
5.565181594719654e+03 3.782605121416174e-16 2.762266418729421e-17
5.566463172679084e+03 3.643343724902825e-16 1.864871880894077e-17
5.567745045766727e+03 3.585484020492300e-16 1.614971144170810e-17
5.569027214050536e+03 3.560275439524430e-16 1.582704316283366e-17
5.570309677598500e+03 3.659235481429440e-16 1.614728701973648e-17
5.571592436478603e+03 3.648106796820132e-16 1.609473229090355e-17
5.572875490758867e+03 3.730563487673501e-16 1.596025677245227e-17
5.574158840507307e+03 3.734027835231903e-16 1.592691813498856e-17
5.575442485791977e+03 3.445616144205146e-16 1.538998759513762e-17
5.576726426680922e+03 3.688780561138845e-16 1.574684566641892e-17
5.578010663242226e+03 3.888722184782026e-16 1.988877811257463e-17
5.579295195543969e+03 3.862275553746016e-16 2.001238199695271e-17
5.580580023654265e+03 3.937709751026011e-16 2.036403520961329e-17
5.581865147641223e+03 3.691822629727315e-16 2.008558311430327e-17
5.583150567572991e+03 3.700444568181856e-16 1.721853871482357e-17
5.584436283517709e+03 3.753991581495491e-16 1.603317089523512e-17
5.585722295543556e+03 3.598635766434471e-16 1.566965254346057e-17
5.587008603718704e+03 3.649576028618493e-16 1.577700525167109e-17
5.588295208111362e+03 3.872205291494569e-16 1.632898226185585e-17
5.589582108789740e+03 3.532449827742217e-16 1.600606985017120e-17
5.590869305822062e+03 3.489218230716888e-16 1.604148837032623e-17
5.592156799276583e+03 3.552318983694583e-16 1.586584209058266e-17
5.593444589221557e+03 3.503819777351142e-16 1.547920733425450e-17
5.594732675725271e+03 3.356363320065339e-16 1.524267958584759e-17
5.596021058856007e+03 3.606928934897731e-16 1.603721347865041e-17
5.597309738682083e+03 3.688432258845373e-16 1.633090352116062e-17
5.598598715271816e+03 3.577286504569871e-16 1.575456030245856e-17
5.599887988693555e+03 3.540761706527883e-16 1.571000535326804e-17
5.601177559015644e+03 3.738804035672341e-16 1.642119484290980e-17
5.602467426306467e+03 3.618502202503790e-16 1.636705924796113e-17
5.603757590634402e+03 3.637088487224342e-16 1.625641075092475e-17
5.605048052067860e+03 3.715168713739134e-16 1.602917443902752e-17
5.606338810675252e+03 3.586286247938770e-16 1.607822682579189e-17
5.607629866525021e+03 3.440488399506926e-16 1.615572829267328e-17
5.608921219685608e+03 3.535742431989746e-16 1.625911819112023e-17
5.610212870225491e+03 3.314677621662067e-16 1.576170895632115e-17
5.611504818213140e+03 3.331133887497905e-16 1.555974377034891e-17
5.612797063717062e+03 3.548742028467675e-16 1.552272083447760e-17
5.614089606805768e+03 3.493620154454743e-16 1.531408459173034e-17
5.615382447547780e+03 3.537637813855628e-16 1.550989959084690e-17
5.616675586011655e+03 3.354311866344808e-16 1.551469755509632e-17
5.617969022265943e+03 3.571946994175518e-16 1.595918298391548e-17
5.619262756379231e+03 3.448882264231066e-16 1.558347275212659e-17
5.620556788420101e+03 3.459276242463061e-16 1.555974553618782e-17
5.621851118457172e+03 3.416003533994731e-16 1.562087161453456e-17
5.623145746559056e+03 3.481330047364702e-16 1.562772788166166e-17
5.624440672794405e+03 3.722477628775729e-16 1.586110200295041e-17
5.625735897231864e+03 3.510496943754672e-16 1.549715502910194e-17
5.627031419940115e+03 3.661876016108907e-16 1.576115369256700e-17
5.628327240987835e+03 3.574118119857447e-16 1.573244688099290e-17
5.629623360443738e+03 3.570126804292522e-16 1.599038653779043e-17
5.630919778376529e+03 3.638941381475960e-16 1.617698370966073e-17
5.632216494854959e+03 3.824065636954853e-16 1.660708460920182e-17
5.633513509947762e+03 3.755236890189182e-16 1.657065087723982e-17
5.634810823723720e+03 3.791185000777648e-16 1.664383548751761e-17
5.636108436251601e+03 3.592835997391616e-16 1.653355232844607e-17
5.637406347600217e+03 3.488030334282832e-16 1.622008676071451e-17
5.638704557838375e+03 3.495518546500172e-16 1.602088261433258e-17
5.640003067034898e+03 3.500939673746506e-16 1.586281574812413e-17
5.641301875258645e+03 3.465440202009023e-16 1.577106150106716e-17
5.642600982578465e+03 3.286144864442949e-16 1.573495474863457e-17
5.643900389063247e+03 3.693691848386941e-16 1.620896305562889e-17
5.645200094781871e+03 3.444909895028348e-16 1.571250712840590e-17
5.646500099803261e+03 3.446701684695110e-16 1.590529094104985e-17
5.647800404196329e+03 3.519155565381040e-16 1.567142151773495e-17
5.649101008030026e+03 3.646455008110105e-16 1.581180870670251e-17
5.650401911373297e+03 3.655226011296306e-16 1.602965830799310e-17
5.651703114295129e+03 3.488431123873696e-16 1.600894867182205e-17
5.653004616864497e+03 3.560657551838965e-16 1.610172719605782e-17
5.654306419150416e+03 3.584838960674451e-16 1.611050928823547e-17
5.655608521221897e+03 3.228283016875729e-16 1.555003127033501e-17
5.656910923147986e+03 3.348091338634785e-16 1.564669554567902e-17
5.658213624997724e+03 3.757827216667364e-16 1.629341196109383e-17
5.659516626840190e+03 3.492609717431529e-16 1.613169125287244e-17
5.660819928744457e+03 3.557872261536846e-16 1.626436106665338e-17
5.662123530779635e+03 3.622000535219131e-16 1.644109245740161e-17
5.663427433014831e+03 3.637582303464444e-16 1.673747780834953e-17
5.664731635519184e+03 3.517387997009283e-16 1.673687134092690e-17
5.666036138361835e+03 3.349072741087491e-16 1.638893570752867e-17
5.667340941611953e+03 3.438700749921937e-16 1.688086153336512e-17
5.668646045338716e+03 3.653781836678870e-16 1.716498350916848e-17
5.669951449611312e+03 3.682914462885307e-16 1.735212127289044e-17
5.671257154498964e+03 3.707686932700548e-16 1.743333995061885e-17
5.672563160070888e+03 3.486823685218202e-16 1.715909027092914e-17
5.673869466396337e+03 3.236166037563536e-16 1.750499428254844e-17
5.675176073544560e+03 3.693322906046764e-16 1.885983825360592e-17
5.676482981584842e+03 3.635183814353166e-16 1.787494534264915e-17
5.677790190586465e+03 3.715243310025252e-16 1.694776497882600e-17
5.679097700618745e+03 3.740808098910405e-16 1.708460298981025e-17
5.680405511750995e+03 3.380559392571419e-16 1.666264861304695e-17
5.681713624052565e+03 3.416672901273264e-16 1.615435583829998e-17
5.683022037592797e+03 3.421214018254225e-16 1.593428837170107e-17
5.684330752441074e+03 3.386555942597174e-16 1.567616845377147e-17
5.685639768666771e+03 3.218397361804856e-16 1.528917511458099e-17
5.686949086339304e+03 3.248821106066545e-16 1.549142086620188e-17
5.688258705528078e+03 3.448350482642133e-16 1.589058014567130e-17
5.689568626302539e+03 3.264173588347578e-16 1.565569434602597e-17
5.690878848732129e+03 3.685856980432860e-16 1.624654451282290e-17
5.692189372886323e+03 3.421887656342637e-16 1.579167138993226e-17
5.693500198834599e+03 3.266452135339008e-16 1.561485507146016e-17
5.694811326646451e+03 3.405141828916297e-16 1.623694003892353e-17
5.696122756391404e+03 3.465311028412857e-16 1.619905325615647e-17
5.697434488138976e+03 3.397542267146464e-16 1.565105342799656e-17
5.698746521958727e+03 3.373728783907480e-16 1.550458595305269e-17
5.700058857920209e+03 3.323057027473706e-16 1.539583242519630e-17
5.701371496093009e+03 3.540508730959961e-16 1.581269908671899e-17
5.702684436546715e+03 3.542661595980625e-16 1.584333520456131e-17
5.703997679350944e+03 3.271456678721443e-16 1.549100442382673e-17
5.705311224575315e+03 3.468074355928129e-16 1.575223885742850e-17
5.706625072289481e+03 3.202212908629400e-16 1.537510288686843e-17
5.707939222563088e+03 3.176165903669631e-16 1.530849852063417e-17
5.709253675465826e+03 3.323950355177352e-16 1.552261378134243e-17
5.710568431067371e+03 3.229937550879182e-16 1.562763627472400e-17
5.711883489437443e+03 3.426068882884072e-16 1.602457614225237e-17
5.713198850645754e+03 3.243711059709305e-16 1.534125736792881e-17
5.714514514762054e+03 3.626229151165362e-16 1.599106814580950e-17
5.715830481856086e+03 3.454383878305805e-16 1.579609211198677e-17
5.717146751997634e+03 3.370524718614071e-16 1.546834174315368e-17
5.718463325256479e+03 3.260461690804147e-16 1.549356601441254e-17
5.719780201702418e+03 3.268446105193068e-16 1.559745930212072e-17
5.721097381405283e+03 3.405211675403019e-16 1.574425030959189e-17
5.722414864434897e+03 3.496129105494278e-16 1.600197534702343e-17
5.723732650861124e+03 3.585856318624282e-16 1.636563791618324e-17
5.725050740753820e+03 3.525536834885062e-16 1.661904112229052e-17
5.726369134182880e+03 3.385195970254515e-16 1.679347445384275e-17
5.727687831218192e+03 3.536381822996339e-16 1.692711027639765e-17
5.729006831929685e+03 3.560737921317149e-16 1.630123075793686e-17
5.730326136387278e+03 3.640127165781062e-16 1.608128447618332e-17
5.731645744660932e+03 3.236142357807153e-16 1.535953283755245e-17
5.732965656820598e+03 3.359085841147403e-16 1.562909063430860e-17
5.734285872936269e+03 3.303583248122632e-16 1.551391612560783e-17
5.735606393077930e+03 3.560651124256978e-16 1.601900115605384e-17
5.736927217315605e+03 3.390868676099631e-16 1.563761624906295e-17
5.738248345719312e+03 3.327032991011333e-16 1.544906516254355e-17
5.739569778359106e+03 3.447937875367778e-16 1.584463633200342e-17
5.740891515305038e+03 3.385517214469461e-16 1.609620225877426e-17
5.742213556627195e+03 3.465606837632565e-16 1.652536034898210e-17
5.743535902395666e+03 3.396914514600737e-16 1.641707505207746e-17
5.744858552680554e+03 3.248454294314614e-16 1.594925705338653e-17
5.746181507551996e+03 3.319647110854572e-16 1.582736944919324e-17
5.747504767080122e+03 3.498023077645354e-16 1.610472575230456e-17
5.748828331335102e+03 3.372917139909091e-16 1.599154635713069e-17
5.750152200387099e+03 3.255493781890913e-16 1.600608023382146e-17
5.751476374306313e+03 3.427193714717442e-16 1.706448056749731e-17
5.752800853162940e+03 3.666069702494685e-16 1.800683894155656e-17
5.754125637027214e+03 3.468552231168395e-16 1.753750753779894e-17
5.755450725969362e+03 3.622559585441085e-16 1.701495648318982e-17
5.756776120059651e+03 3.787770862028964e-16 1.716243742783722e-17
5.758101819368339e+03 3.719377394333737e-16 1.687308413229949e-17
5.759427823965726e+03 3.536523560039455e-16 1.640802183146716e-17
5.760754133922104e+03 3.408948376402235e-16 1.627035089432306e-17
5.762080749307803e+03 3.303988417418412e-16 1.631982888954625e-17
5.763407670193148e+03 3.294229887705694e-16 1.662028334101301e-17
5.764734896648502e+03 3.524925818820941e-16 1.686802293191152e-17
5.766062428744223e+03 3.600913319382053e-16 1.670656569808404e-17
5.767390266550707e+03 3.550945860412290e-16 1.640056897982798e-17
5.768718410138341e+03 3.417522199379463e-16 1.610656344279205e-17
5.770046859577554e+03 3.366869810460316e-16 1.659816704176494e-17
5.771375614938768e+03 3.270322802471278e-16 1.608407533540012e-17
5.772704676292445e+03 3.475848009215436e-16 1.725888022693724e-17
5.774034043709044e+03 3.715317578152472e-16 1.783401222107379e-17
5.775363717259039e+03 3.263988987380603e-16 1.738239687993159e-17
5.776693697012941e+03 3.464977009570804e-16 1.728639119351221e-17
5.778023983041253e+03 3.269890524494823e-16 1.670833986131620e-17
5.779354575414516e+03 3.452580654269425e-16 1.664586711905132e-17
5.780685474203266e+03 3.222496718758354e-16 1.698484031907305e-17
5.782016679478076e+03 3.455397885115611e-16 1.742204910999242e-17
5.783348191309517e+03 3.398480229277665e-16 1.695612053749090e-17
5.784680009768193e+03 3.453641086666229e-16 1.657601277248333e-17
5.786012134924703e+03 3.339650977536098e-16 1.625219303052097e-17
5.787344566849689e+03 3.356347318374402e-16 1.695888616688310e-17
5.788677305613783e+03 3.527117428656636e-16 1.752586112493210e-17
5.790010351287657e+03 3.236451400293682e-16 1.662057159044284e-17
5.791343703941975e+03 3.426290581890182e-16 1.658721279986509e-17
5.792677363647445e+03 3.310909383646803e-16 1.642507885418178e-17
5.794011330474759e+03 3.607847509177191e-16 1.719567346513257e-17
5.795345604494660e+03 3.249005508202156e-16 1.735020870422972e-17
5.796680185777874e+03 3.517753892061292e-16 2.089644723564723e-17
5.798015074395174e+03 3.724603136086538e-16 2.123761735332347e-17
5.799350270417325e+03 3.744705571083824e-16 1.781850156459934e-17
5.800685773915116e+03 3.549466316395434e-16 1.719680827503085e-17
5.802021584959362e+03 3.395975834259342e-16 1.702223928899789e-17
5.803357703620876e+03 3.561295043707412e-16 1.733826700110283e-17
5.804694129970511e+03 3.668722536750797e-16 1.702148132865387e-17
5.806030864079110e+03 3.326128623248632e-16 1.616886788283692e-17
5.807367906017556e+03 3.447122441771538e-16 1.635626034776349e-17
5.808705255856727e+03 3.467957512706046e-16 1.647218803645691e-17
5.810042913667540e+03 3.253327789582232e-16 1.701596477761353e-17
5.811380879520903e+03 3.598932962459387e-16 1.737627723973600e-17
5.812719153487767e+03 3.514116981691631e-16 1.727494552048975e-17
5.814057735639073e+03 3.287978065394322e-16 1.679739832926774e-17
5.815396626045805e+03 3.344148859272998e-16 1.670269889397159e-17
5.816735824778935e+03 3.595805290642826e-16 1.689837869574492e-17
5.818075331909478e+03 3.573478491993377e-16 1.691935286430510e-17
5.819415147508444e+03 3.320925409088425e-16 1.671125078949112e-17
5.820755271646879e+03 3.605648913715184e-16 1.697390863588679e-17
5.822095704395823e+03 3.386472549670460e-16 1.676085381128136e-17
5.823436445826356e+03 3.554214472113250e-16 1.679125687378421e-17
5.824777496009558e+03 3.260935155868880e-16 1.609619041740088e-17
5.826118855016523e+03 3.508504010445355e-16 1.637017711362638e-17
5.827460522918381e+03 3.560264956804190e-16 1.664164214284042e-17
5.828802499786253e+03 3.625081128216348e-16 1.664806009816267e-17
5.830144785691303e+03 3.558335351376960e-16 1.645939328759001e-17
5.831487380704683e+03 3.403804295320981e-16 1.623445310462181e-17
5.832830284897591e+03 3.435834310863414e-16 1.620809627740293e-17
5.834173498341213e+03 3.371305426064529e-16 1.614716135471711e-17
5.835517021106777e+03 3.384460348496059e-16 1.591708865239939e-17
5.836860853265503e+03 3.132449214839930e-16 1.577575700641464e-17
5.838204994888651e+03 3.234454288993348e-16 1.820259013962900e-17
5.839549446047475e+03 3.482627671836473e-16 1.830240862311703e-17
5.840894206813267e+03 3.429401519749639e-16 1.593836578685369e-17
5.842239277257316e+03 3.346888568295890e-16 1.568475981869258e-17
5.843584657450945e+03 3.381911977187223e-16 1.592659995651053e-17
5.844930347465474e+03 3.384975106794057e-16 1.574105627512408e-17
5.846276347372263e+03 3.291610771787936e-16 1.552800683599512e-17
5.847622657242661e+03 3.280238282933331e-16 1.564310963690067e-17
5.848969277148062e+03 3.316349787631764e-16 1.607566772747046e-17
5.850316207159851e+03 3.300047052421572e-16 1.626029625106946e-17
5.851663447349451e+03 3.296967321739102e-16 1.586400614726179e-17
5.853010997788279e+03 3.261663337919261e-16 1.532635085668133e-17
5.854358858547796e+03 3.477004618718158e-16 1.535516794265636e-17
5.855707029699455e+03 3.263309847283520e-16 1.512713783920562e-17
5.857055511314730e+03 3.167747134688513e-16 1.498383087700478e-17
5.858404303465128e+03 3.337120100601633e-16 1.523947045607155e-17
5.859753406222148e+03 3.494364448198770e-16 1.526784278964549e-17
5.861102819657331e+03 3.358976272433779e-16 1.486547933844677e-17
5.862452543842207e+03 3.274529009386189e-16 1.458040400829584e-17
5.863802578848354e+03 3.417066214702875e-16 1.461079451441893e-17
5.865152924747333e+03 3.263944893521925e-16 1.480704357847669e-17
5.866503581610751e+03 3.417306249243044e-16 1.528924649599038e-17
5.867854549510207e+03 3.235751088635331e-16 1.485964982195666e-17
5.869205828517342e+03 3.504043844319535e-16 1.483060064623136e-17
5.870557418703783e+03 3.257268663116448e-16 1.623280363327933e-17
5.871909320141205e+03 3.729489482624181e-16 2.252529266360396e-17
5.873261532901272e+03 2.839627120528954e-16 2.825643558493688e-17
5.874614057055688e+03 6.428699603700855e-16 3.228196908375003e-17
5.875966892676151e+03 1.825834883015132e-15 3.853777200017803e-17
5.877320039834400e+03 2.682257375916716e-15 4.624493400488683e-17
5.878673498602163e+03 1.862432607477564e-15 3.850176917498885e-17
5.880027269051214e+03 6.966809316600158e-16 2.581730021558258e-17
5.881381351253320e+03 3.647035975252011e-16 1.798696505898267e-17
5.882735745280269e+03 3.490133561015212e-16 1.504427399443296e-17
5.884090451203880e+03 3.584585108198948e-16 1.461597318569030e-17
5.885445469095966e+03 3.373974397727037e-16 1.396915940652116e-17
5.886800799028383e+03 3.327051469733123e-16 1.392014291102204e-17
5.888156441072976e+03 3.285919603305018e-16 1.497432945508666e-17
5.889512395301630e+03 3.288336634743816e-16 1.405751783196110e-17
5.890868661786228e+03 3.210495865403049e-16 1.348186336158114e-17
5.892225240598685e+03 3.122831888143180e-16 1.336033901985005e-17
5.893582131810917e+03 3.198425696607770e-16 1.343116958697727e-17
5.894939335494877e+03 3.141361079824230e-16 1.351493140796924e-17
5.896296851722508e+03 3.029617475142873e-16 1.345109421944191e-17
5.897654680565800e+03 2.998171375330885e-16 1.398633684927840e-17
5.899012822096728e+03 3.177240380448083e-16 1.409770237947122e-17
5.900371276387312e+03 3.193695464394612e-16 1.351543413813734e-17
5.901730043509566e+03 2.962106845415594e-16 1.346582549983020e-17
5.903089123535541e+03 3.550834783583743e-16 1.410405187959302e-17
5.904448516537281e+03 3.236588564702288e-16 1.431714871746877e-17
5.905808222586874e+03 3.169916613144906e-16 1.387680261562775e-17
5.907168241756402e+03 3.314607007612314e-16 1.411286054870930e-17
5.908528574117967e+03 3.115369990406198e-16 1.382511645866524e-17
5.909889219743704e+03 3.327117576310320e-16 1.401242924468499e-17
5.911250178705741e+03 3.280268134271925e-16 1.386556901526594e-17
5.912611451076248e+03 3.161722216788424e-16 1.357434773285314e-17
5.913973036927385e+03 3.164686474794579e-16 1.357724106633853e-17
5.915334936331354e+03 3.323176929669364e-16 1.391656608690853e-17
5.916697149360349e+03 3.114959797265840e-16 1.386960952890774e-17
5.918059676086606e+03 3.114511298455000e-16 1.354401396240791e-17
5.919422516582352e+03 3.133354658654234e-16 1.348057882025355e-17
5.920785670919857e+03 3.108727322140284e-16 1.345887151572937e-17
5.922149139171380e+03 3.123929119930389e-16 1.346751407037138e-17
5.923512921409224e+03 3.153782038456782e-16 1.348753085099981e-17
5.924877017705684e+03 3.137570304421633e-16 1.348597877193047e-17
5.926241428133093e+03 3.258204785554268e-16 1.355770675126679e-17
5.927606152763780e+03 3.361176976078300e-16 1.383271019921857e-17
5.928971191670114e+03 2.978297078401921e-16 1.391842355203400e-17
5.930336544924453e+03 3.196821802799291e-16 1.421073688912006e-17
5.931702212599202e+03 3.501559090819079e-16 1.430502049577586e-17
5.933068194766759e+03 3.298652477919042e-16 1.360680240890569e-17
5.934434491499543e+03 3.193565691460455e-16 1.365302604359048e-17
5.935801102869998e+03 3.176314078168406e-16 1.397823527944531e-17
5.937168028950586e+03 3.124463717731320e-16 1.388267188921933e-17
5.938535269813777e+03 3.184574494922106e-16 1.342137789227945e-17
5.939902825532051e+03 3.195290547009713e-16 1.306803993659487e-17
5.941270696177929e+03 3.095449306686062e-16 1.304192336485091e-17
5.942638881823919e+03 3.165519284859505e-16 1.288601833157857e-17
5.944007382542577e+03 2.997652830323650e-16 1.287951259310178e-17
5.945376198406445e+03 3.043318147063109e-16 1.329213019596971e-17
5.946745329488110e+03 3.370319272556027e-16 1.405004638762850e-17
5.948114775860147e+03 3.166987002308136e-16 1.328811130226509e-17
5.949484537595176e+03 3.056284965111848e-16 1.318130348122293e-17
5.950854614765810e+03 3.098474741952069e-16 1.329219753338392e-17
5.952225007444699e+03 3.125102066021163e-16 1.364477342398693e-17
5.953595715704490e+03 3.206644861032486e-16 1.365891213733516e-17
5.954966739617866e+03 3.289587951696828e-16 1.354174835767087e-17
5.956338079257506e+03 3.293758680620556e-16 1.339365855844601e-17
5.957709734696129e+03 3.306926202234470e-16 1.348964565779318e-17
5.959081706006449e+03 3.373723142966722e-16 1.407498352959668e-17
5.960453993261216e+03 3.555183292433420e-16 1.458325307223578e-17
5.961826596533176e+03 3.523110454948131e-16 1.401318941397790e-17
5.963199515895115e+03 2.935504416672738e-16 1.284581286989991e-17
5.964572751419818e+03 3.468352073218872e-16 1.325758795022420e-17
5.965946303180087e+03 3.259467853181916e-16 1.330934750208933e-17
5.967320171248756e+03 3.186272897594707e-16 1.338399199658062e-17
5.968694355698657e+03 3.244268056630937e-16 1.350871820978213e-17
5.970068856602658e+03 3.343959404785052e-16 1.346800424285528e-17
5.971443674033623e+03 3.336855610970523e-16 1.333629532050060e-17
5.972818808064455e+03 3.145350086762586e-16 1.297886041061488e-17
5.974194258768049e+03 3.096081746032772e-16 1.290556764933722e-17
5.975570026217343e+03 3.270828937654756e-16 1.315521856922652e-17
5.976946110485268e+03 3.223349074137573e-16 1.309797712313054e-17
5.978322511644793e+03 3.139991171431038e-16 1.315449841472859e-17
5.979699229768880e+03 3.555384264362310e-16 1.501517657912552e-17
5.981076264930536e+03 3.466414745264422e-16 1.459224041831271e-17
5.982453617202757e+03 3.372819187995224e-16 1.367413021397918e-17
5.983831286658580e+03 3.191121654106856e-16 1.301170828890510e-17
5.985209273371037e+03 3.157763521320438e-16 1.301158390171469e-17
5.986587577413199e+03 3.094647938754201e-16 1.313040305963824e-17
5.987966198858129e+03 3.284056311671188e-16 1.349073832191680e-17
5.989345137778934e+03 3.460827583646758e-16 1.359266083965367e-17
5.990724394248718e+03 3.186770320362869e-16 1.300315564973530e-17
5.992103968340599e+03 3.205004280790992e-16 1.289404677798181e-17
5.993483860127735e+03 3.214971373057726e-16 1.286834310038806e-17
5.994864069683274e+03 3.280144448491007e-16 1.305830510911245e-17
5.996244597080406e+03 3.385607102797426e-16 1.311120770907311e-17
5.997625442392312e+03 3.363041790046562e-16 1.323004188716844e-17
5.999006605692215e+03 3.026365030004640e-16 1.299905544900152e-17
6.000388087053331e+03 3.127501475677884e-16 1.316822235696641e-17
6.001769886548918e+03 3.291538841839754e-16 1.343765177565660e-17
6.003152004252224e+03 3.317926728072753e-16 1.300061910565234e-17
6.004534440236541e+03 3.283345349996623e-16 1.287906045926985e-17
6.005917194575150e+03 3.140282304722043e-16 1.257503316908915e-17
6.007300267341377e+03 2.981449710402982e-16 1.230106227649354e-17
6.008683658608539e+03 3.031748714734015e-16 1.242637888131818e-17
6.010067368449994e+03 3.005816103881355e-16 1.238890131454364e-17
6.011451396939093e+03 3.042835331362050e-16 1.265514592860855e-17
6.012835744149227e+03 3.221706261612260e-16 1.324052497924080e-17
6.014220410153781e+03 3.266039162330487e-16 1.343308615683547e-17
6.015605395026181e+03 3.245466717173480e-16 1.336105234254826e-17
6.016990698839851e+03 3.379784660492086e-16 1.311743976600839e-17
6.018376321668233e+03 3.059207933823808e-16 1.270533068198252e-17
6.019762263584801e+03 3.031096563907003e-16 1.266554281331948e-17
6.021148524663028e+03 3.131767841741818e-16 1.295545149784668e-17
6.022535104976422e+03 2.985345041013957e-16 1.284288167273261e-17
6.023922004598486e+03 3.119039467517387e-16 1.293071285216824e-17
6.025309223602764e+03 3.257432512247353e-16 1.294540787709720e-17
6.026696762062795e+03 3.136102667321032e-16 1.277819540023283e-17
6.028084620052154e+03 3.171633732844736e-16 1.291042762063357e-17
6.029472797644413e+03 3.044724779994578e-16 1.271297236518118e-17
6.030861294913183e+03 3.115745624723517e-16 1.261904470094920e-17
6.032250111932070e+03 3.091938876120430e-16 1.263955362290308e-17
6.033639248774719e+03 3.281744707174376e-16 1.288917607829371e-17
6.035028705514769e+03 3.270750993897283e-16 1.296829664614304e-17
6.036418482225900e+03 3.111598074401971e-16 1.300279274211474e-17
6.037808578981782e+03 3.000821823841703e-16 1.290280307791098e-17
6.039198995856133e+03 3.014608476065398e-16 1.284569531808608e-17
6.040589732922655e+03 3.139951314699505e-16 1.277375352685036e-17
6.041980790255097e+03 3.199958118171266e-16 1.279937019198599e-17
6.043372167927201e+03 3.118723014002195e-16 1.264885775598315e-17
6.044763866012747e+03 3.071840187354982e-16 1.253235272328321e-17
6.046155884585509e+03 3.052758145554523e-16 1.258454396047146e-17
6.047548223719304e+03 3.345010992120271e-16 1.315022639658873e-17
6.048940883487943e+03 3.207736386817502e-16 1.280699046780402e-17
6.050333863965263e+03 3.013951523609287e-16 1.264731445341492e-17
6.051727165225125e+03 3.224796189749287e-16 1.300156978439375e-17
6.053120787341391e+03 3.180994441430712e-16 1.292893058085126e-17
6.054514730387963e+03 3.161267922142423e-16 1.277215191471544e-17
6.055908994438731e+03 3.160730630258552e-16 1.265606557282630e-17
6.057303579567631e+03 3.094084251828463e-16 1.289421960522139e-17
6.058698485848589e+03 3.075696659433685e-16 1.313528264108959e-17
6.060093713355577e+03 3.061911642272788e-16 1.310845632357638e-17
6.061489262162554e+03 3.346930182801483e-16 1.311167194588848e-17
6.062885132343523e+03 3.141877851507169e-16 1.255625615247435e-17
6.064281323972480e+03 3.346884393806373e-16 1.290104845916432e-17
6.065677837123460e+03 2.843227488838607e-16 1.234533637935983e-17
6.067074671870495e+03 3.027600604466868e-16 1.291277105780377e-17
6.068471828287656e+03 3.090277743386402e-16 1.301763567757343e-17
6.069869306449004e+03 3.278339463527202e-16 1.284683929733687e-17
6.071267106428646e+03 3.205301264635349e-16 1.245115231558995e-17
6.072665228300679e+03 3.051136617672487e-16 1.212652497549591e-17
6.074063672139244e+03 3.123423753667220e-16 1.228882476281070e-17
6.075462438018475e+03 3.149797796969791e-16 1.239580163090186e-17
6.076861526012532e+03 3.054349786017899e-16 1.232035741653440e-17
6.078260936195601e+03 3.048640047005194e-16 1.213976435649616e-17
6.079660668641868e+03 3.011706160883303e-16 1.196711497742079e-17
6.081060723425557e+03 2.987318031198243e-16 1.213646277533378e-17
6.082461100620884e+03 2.901017423915901e-16 1.223489302402314e-17
6.083861800302109e+03 3.182398911334750e-16 1.270662014284498e-17
6.085262822543484e+03 3.251455467905863e-16 1.266846008245926e-17
6.086664167419301e+03 2.979101377268141e-16 1.206371112021829e-17
6.088065835003844e+03 2.957169829558419e-16 1.173784279688791e-17
6.089467825371444e+03 3.034893108401198e-16 1.167682661597008e-17
6.090870138596418e+03 3.021186284742117e-16 1.159445185741770e-17
6.092272774753128e+03 2.952267821326752e-16 1.153093268677088e-17
6.093675733915929e+03 2.932531762272117e-16 1.161973116996358e-17
6.095079016159216e+03 2.970943137052367e-16 1.189813506768824e-17
6.096482621557378e+03 3.027596872730975e-16 1.216842501174808e-17
6.097886550184844e+03 3.094955811720078e-16 1.240171309662463e-17
6.099290802116037e+03 2.987706692834591e-16 1.218864594709350e-17
6.100695377425421e+03 3.077823934393391e-16 1.195826113701828e-17
6.102100276187460e+03 2.927512299892183e-16 1.148937147744749e-17
6.103505498476633e+03 3.059169362402504e-16 1.156151609612132e-17
6.104911044367457e+03 2.854211815176676e-16 1.127095976828899e-17
6.106316913934439e+03 2.999179429368324e-16 1.158312848704904e-17
6.107723107252130e+03 3.175863013116038e-16 1.199912106759587e-17
6.109129624395072e+03 3.042071121599578e-16 1.197804695476417e-17
6.110536465437850e+03 2.982135075243207e-16 1.184582775053532e-17
6.111943630455040e+03 3.090852703953190e-16 1.183870350664506e-17
6.113351119521262e+03 3.107472009883898e-16 1.190765373058093e-17
6.114758932711127e+03 2.981456298559950e-16 1.177117065862081e-17
6.116167070099287e+03 2.992239860118410e-16 1.186716711492810e-17
6.117575531760390e+03 3.108938938558572e-16 1.210822320889860e-17
6.118984317769122e+03 3.211968257561715e-16 1.219391375217483e-17
6.120393428200162e+03 3.092829748663747e-16 1.182020759806630e-17
6.121802863128233e+03 2.946894228479043e-16 1.172322565503605e-17
6.123212622628052e+03 2.947538658311222e-16 1.187226926986546e-17
6.124622706774370e+03 3.059163457969567e-16 1.213574480555425e-17
6.126033115641941e+03 2.997824206274557e-16 1.231955110513757e-17
6.127443849305551e+03 3.066349268372559e-16 1.254323561568539e-17
6.128854907839995e+03 3.045890919750861e-16 1.254649447528715e-17
6.130266291320075e+03 2.911734906751080e-16 1.202852420368609e-17
6.131677999820630e+03 3.067232425379419e-16 1.186593412807164e-17
6.133090033416513e+03 2.989376860829233e-16 1.196756791257947e-17
6.134502392182580e+03 3.029074804874858e-16 1.242913693195836e-17
6.135915076193711e+03 3.149078903962147e-16 1.273711183849156e-17
6.137328085524813e+03 3.077537191294441e-16 1.255802092403673e-17
6.138741420250794e+03 2.972433824067006e-16 1.249175904805787e-17
6.140155080446597e+03 2.981835212514262e-16 1.252302121661442e-17
6.141569066187161e+03 3.173830033196139e-16 1.285743210914601e-17
6.142983377547468e+03 3.043148722418562e-16 1.285346440799150e-17
6.144398014602490e+03 2.887140658054216e-16 1.262624696965813e-17
6.145812977427241e+03 2.882934115939258e-16 1.229476945322583e-17
6.147228266096729e+03 2.867668844523087e-16 1.198981029248720e-17
6.148643880686005e+03 2.939247334623769e-16 1.208932397860369e-17
6.150059821270110e+03 3.078806330943767e-16 1.237743472133347e-17
6.151476087924128e+03 2.955779461116690e-16 1.256594281327030e-17
6.152892680723135e+03 2.945850912388063e-16 1.254321020549564e-17
6.154309599742250e+03 3.056716212269161e-16 1.254407811605939e-17
6.155726845056585e+03 2.911915187235319e-16 1.231127156831222e-17
6.157144416741294e+03 3.033842469288678e-16 1.238497869452789e-17
6.158562314871520e+03 2.903615477686565e-16 1.215390073769329e-17
6.159980539522455e+03 2.880456843827518e-16 1.243383805844245e-17
6.161399090769281e+03 2.935251884867451e-16 1.250249668233244e-17
6.162817968687205e+03 2.816365267235765e-16 1.207219947857281e-17
6.164237173351466e+03 2.924492582114423e-16 1.201825869010209e-17
6.165656704837297e+03 2.996742543052190e-16 1.221686935652428e-17
6.167076563219972e+03 2.987526356386124e-16 1.229819028099846e-17
6.168496748574757e+03 3.075696492985417e-16 1.246064788111226e-17
6.169917260976964e+03 2.908087313143693e-16 1.198435988015342e-17
6.171338100501892e+03 2.880547059978598e-16 1.192390487521289e-17
6.172759267224885e+03 2.997562193188214e-16 1.229435084916676e-17
6.174180761221281e+03 2.889405575686296e-16 1.248989436173517e-17
6.175602582566457e+03 3.102961309394593e-16 1.260109137253391e-17
6.177024731335786e+03 2.919385689346890e-16 1.199672960171117e-17
6.178447207604680e+03 2.975321033717206e-16 1.204480988450363e-17
6.179870011448544e+03 2.926267743696300e-16 1.229824411499501e-17
6.181293142942828e+03 3.141172119695002e-16 1.274221457301644e-17
6.182716602162971e+03 3.074616511110002e-16 1.277985864448411e-17
6.184140389184457e+03 2.968656604788314e-16 1.256102822944631e-17
6.185564504082759e+03 2.984047558207989e-16 1.246425039094859e-17
6.186988946933398e+03 2.982401199954997e-16 1.223979756299659e-17
6.188413717811888e+03 2.940177342626964e-16 1.210534859479945e-17
6.189838816793764e+03 2.735472724762201e-16 1.199838253827384e-17
6.191264243954593e+03 2.878533963711995e-16 1.248875451331676e-17
6.192689999369942e+03 3.060367285398732e-16 1.250252185286436e-17
6.194116083115410e+03 2.948771469472528e-16 1.200272185463460e-17
6.195542495266598e+03 3.136803192183875e-16 1.237983066824520e-17
6.196969235899144e+03 3.002294705300862e-16 1.218323893171895e-17
6.198396305088680e+03 2.980053672871982e-16 1.199801961000543e-17
6.199823702910881e+03 2.928687845439912e-16 1.186865844042635e-17
6.201251429441412e+03 2.943105192246702e-16 1.189986584914783e-17
6.202679484755983e+03 2.930358602310729e-16 1.202023621372348e-17
6.204107868930297e+03 2.900559938148162e-16 1.217110776712478e-17
6.205536582040095e+03 2.896482080899638e-16 1.206836582362911e-17
6.206965624161116e+03 2.827443518345454e-16 1.181160615270986e-17
6.208394995369137e+03 2.759682918732918e-16 1.173855832198556e-17
6.209824695739931e+03 2.867007987426918e-16 1.193483793895130e-17
6.211254725349310e+03 2.889436483943632e-16 1.178228529835935e-17
6.212685084273082e+03 2.711888612803032e-16 1.139979432610461e-17
6.214115772587094e+03 2.879987192297442e-16 1.162343740754146e-17
6.215546790367195e+03 2.860270788825740e-16 1.194146055590154e-17
6.216978137689249e+03 2.871541759660237e-16 1.242321968303399e-17
6.218409814629156e+03 2.886462855295293e-16 1.259804732979383e-17
6.219841821262812e+03 2.996904645089998e-16 1.248138184425026e-17
6.221274157666151e+03 2.994819418159542e-16 1.212636207066886e-17
6.222706823915102e+03 2.951882681817784e-16 1.188102775017183e-17
6.224139820085637e+03 2.806337683881653e-16 1.174026952808546e-17
6.225573146253719e+03 2.846538626982380e-16 1.171200346216448e-17
6.227006802495353e+03 3.053519785220615e-16 1.169190019027080e-17
6.228440788886538e+03 2.995513989144480e-16 1.160691758449863e-17
6.229875105503315e+03 2.922923630773442e-16 1.190228496511437e-17
6.231309752421718e+03 2.971260161201757e-16 1.231288938479845e-17
6.232744729717823e+03 2.814826526602263e-16 1.179711498056872e-17
6.234180037467699e+03 2.869121524999435e-16 1.145940458298536e-17
6.235615675747455e+03 2.884386313616470e-16 1.144763423452643e-17
6.237051644633196e+03 2.772401508050033e-16 1.145787846337762e-17
6.238487944201069e+03 2.889763562258887e-16 1.202964772878149e-17
6.239924574527210e+03 3.223567312360739e-16 1.246526664167395e-17
6.241361535687804e+03 2.996226689005371e-16 1.208464768860623e-17
6.242798827759020e+03 2.912428801655698e-16 1.164251098540803e-17
6.244236450817079e+03 3.019164187237488e-16 1.139449518258901e-17
6.245674404938187e+03 2.972812783945655e-16 1.134115265612927e-17
6.247112690198595e+03 2.907422692748477e-16 1.129812634694513e-17
6.248551306674556e+03 2.882179154982593e-16 1.137894523615355e-17
6.249990254442334e+03 2.784434887845411e-16 1.106162345557799e-17
6.251429533578235e+03 2.768001498634816e-16 1.068189626058379e-17
6.252869144158558e+03 2.873528178162425e-16 1.075500193007799e-17
6.254309086259637e+03 2.847568400435799e-16 1.064048101682833e-17
6.255749359957807e+03 2.762029789475452e-16 1.088585890355345e-17
6.257189965329442e+03 2.777639740150035e-16 1.084434353170675e-17
6.258630902450910e+03 2.848558284092980e-16 1.091308646541950e-17
6.260072171398619e+03 2.849304869314427e-16 1.095935082207435e-17
6.261513772248970e+03 2.843499569855016e-16 1.092387459878789e-17
6.262955705078410e+03 2.854197055255748e-16 1.074154707397108e-17
6.264397969963376e+03 2.795137858661761e-16 1.055274449781954e-17
6.265840566980346e+03 2.829237714178999e-16 1.053627690420991e-17
6.267283496205794e+03 2.911295873098380e-16 1.089743406632801e-17
6.268726757716236e+03 2.933752155520226e-16 1.149150501412887e-17
6.270170351588177e+03 2.911681918221505e-16 1.182383123552423e-17
6.271614277898170e+03 2.773149100711015e-16 1.153983192302921e-17
6.273058536722759e+03 2.796676378714392e-16 1.077918466006576e-17
6.274503128138525e+03 2.960112349388448e-16 1.061794888462838e-17
6.275948052222057e+03 2.825484592051589e-16 1.057147560090171e-17
6.277393309049954e+03 2.928996955839249e-16 1.164845246828441e-17
6.278838898698857e+03 3.003267625982437e-16 1.203642768801289e-17
6.280284821245396e+03 2.634584191510034e-16 1.397323715855035e-17
6.281731076766244e+03 3.330493608021408e-16 1.805728857652669e-17
6.283177665338069e+03 2.847558582821540e-16 1.980949997197452e-17
6.284624587037581e+03 2.527577133188952e-16 1.416270968422646e-17
6.286071841941479e+03 2.848881853578030e-16 1.156781489154715e-17
6.287519430126510e+03 2.927551918372947e-16 1.144897826221177e-17
6.288967351669409e+03 2.711327540336790e-16 1.162689630620902e-17
6.290415606646958e+03 2.745265666191361e-16 1.117861043107341e-17
6.291864195135927e+03 2.903693697478920e-16 1.069009063757894e-17
6.293313117213133e+03 2.675610075045255e-16 1.010139781542769e-17
6.294762372955384e+03 2.875337376071898e-16 1.020605704204760e-17
6.296211962439530e+03 2.899288848685222e-16 1.032986764670592e-17
6.297661885742414e+03 2.956286935602314e-16 1.046867989707758e-17
6.299112142940922e+03 4.019748621526493e-16 1.268913120518296e-17
6.300562734111934e+03 9.280622220270009e-16 2.009578911348086e-17
6.302013659332370e+03 1.233110629033124e-15 2.635207158029302e-17
6.303464918679150e+03 1.006886603152115e-15 2.245262986055057e-17
6.304916512229212e+03 5.150858891604274e-16 1.408894437892281e-17
6.306368440059533e+03 3.092875136457247e-16 1.138510663459090e-17
6.307820702247077e+03 3.022998645632454e-16 1.089285059883448e-17
6.309273298868856e+03 3.101256142124205e-16 1.127072011950855e-17
6.310726230001872e+03 3.512936775155182e-16 1.245023505395495e-17
6.312179495723170e+03 4.707297818711047e-16 1.441163497330369e-17
6.313633096109788e+03 6.126391855855804e-16 1.634826643246769e-17
6.315087031238809e+03 5.547318780637381e-16 1.504533891204770e-17
6.316541301187305e+03 3.587911320544550e-16 1.188591282787179e-17
6.317995906032393e+03 2.954913867840334e-16 1.069002374248371e-17
6.319450845851180e+03 2.805173906242216e-16 1.049960751387099e-17
6.320906120720821e+03 2.768919690404124e-16 1.043874319017141e-17
6.322361730718460e+03 2.758581721925095e-16 1.040457657472085e-17
6.323817675921282e+03 2.799532261777816e-16 1.035884624126664e-17
6.325273956406470e+03 2.871171207339732e-16 1.041147996053841e-17
6.326730572251247e+03 2.791076403927593e-16 1.034723985201795e-17
6.328187523532827e+03 2.788934267173787e-16 1.047264634261452e-17
6.329644810328470e+03 2.833059917136062e-16 1.074831195929747e-17
6.331102432715432e+03 2.772229036406286e-16 1.099824134967125e-17
6.332560390770991e+03 2.882119746465928e-16 1.108920809445105e-17
6.334018684572450e+03 2.996297246790059e-16 1.090787263775919e-17
6.335477314197134e+03 2.869681353635207e-16 1.063799693421216e-17
6.336936279722372e+03 2.847193981849523e-16 1.094411658952441e-17
6.338395581225509e+03 2.596017725368065e-16 1.092680408302372e-17
6.339855218783930e+03 2.784308569991244e-16 1.101580666626601e-17
6.341315192475011e+03 2.885851222274922e-16 1.059963651182313e-17
6.342775502376169e+03 2.772822083001372e-16 1.070695905315522e-17
6.344236148564817e+03 3.064566041189527e-16 1.383712533179555e-17
6.345697131118410e+03 2.775821436587588e-16 1.496553501889954e-17
6.347158450114393e+03 3.003845749976904e-16 1.342763280613930e-17
6.348620105630260e+03 3.029732924485770e-16 1.214564684051300e-17
6.350082097743490e+03 3.292881928006450e-16 1.167397312370894e-17
6.351544426531610e+03 3.072424024770981e-16 1.111590060458207e-17
6.353007092072140e+03 2.836147995948816e-16 1.059214790737837e-17
6.354470094442640e+03 2.863070815186182e-16 1.055525421035978e-17
6.355933433720666e+03 2.850883368035909e-16 1.058458816993473e-17
6.357397109983815e+03 2.799757851868932e-16 1.056996742009856e-17
6.358861123309674e+03 2.636237896774388e-16 1.019912801422299e-17
6.360325473775881e+03 2.522044459819043e-16 1.006397255846028e-17
6.361790161460059e+03 2.907960207865276e-16 1.085284736591680e-17
6.363255186439876e+03 3.641629627152024e-16 1.232491118431079e-17
6.364720548793002e+03 5.595087521416111e-16 1.563918714383503e-17
6.366186248597121e+03 5.924599496682278e-16 1.629526532796629e-17
6.367652285929957e+03 4.219309495200209e-16 1.343220115821958e-17
6.369118660869223e+03 3.203022324421118e-16 1.143972127729422e-17
6.370585373492680e+03 2.843081679639988e-16 1.070594207928930e-17
6.372052423878076e+03 3.135350367558956e-16 1.089500257618622e-17
6.373519812103209e+03 3.086007628635762e-16 1.079990638459691e-17
6.374987538245863e+03 2.925824215783230e-16 1.053860380198451e-17
6.376455602383869e+03 2.769637396195756e-16 1.029752872885413e-17
6.377924004595048e+03 2.709912044853132e-16 1.023781694601704e-17
6.379392744957268e+03 2.766784010284903e-16 1.033371748856779e-17
6.380861823548386e+03 2.750069312815977e-16 1.029848773624362e-17
6.382331240446306e+03 2.797089052259863e-16 1.045183302246219e-17
6.383800995728919e+03 2.913710253394433e-16 1.076459265372591e-17
6.385271089474164e+03 2.798467265057509e-16 1.054637879411817e-17
6.386741521759972e+03 2.930934681883561e-16 1.069699220921642e-17
6.388212292664316e+03 2.935986717353624e-16 1.058178442651170e-17
6.389683402265162e+03 2.933774895893963e-16 1.052328913604649e-17
6.391154850640519e+03 2.721446663103245e-16 1.014533281598558e-17
6.392626637868396e+03 2.736619504895977e-16 1.029925591907799e-17
6.394098764026819e+03 2.831944396309949e-16 1.058495417139268e-17
6.395571229193852e+03 2.995110675737313e-16 1.093347855461534e-17
6.397044033447549e+03 2.949523056851600e-16 1.087914747062599e-17
6.398517176866011e+03 2.825005145562280e-16 1.059991874181019e-17
6.399990659527330e+03 2.794578440334426e-16 1.029187438108069e-17
6.401464481509641e+03 2.822968653039745e-16 1.029095227574410e-17
6.402938642891071e+03 2.843791655568055e-16 1.045768114920663e-17
6.404413143749792e+03 2.904322378397692e-16 1.062070754586205e-17
6.405887984163966e+03 2.950091329698164e-16 1.040531665432437e-17
6.407363164211804e+03 2.832688658829613e-16 1.006785550151684e-17
6.408838683971503e+03 2.758903930152230e-16 9.999417521806594e-18
6.410314543521306e+03 2.763981564371752e-16 1.004716417681997e-17
6.411790742939452e+03 2.827804562376545e-16 1.011634373665606e-17
6.413267282304217e+03 2.807395598000940e-16 9.965164813598397e-18
6.414744161693873e+03 2.783318496984529e-16 9.975012017390983e-18
6.416221381186738e+03 2.933680438704423e-16 1.032876930530817e-17
6.417698940861117e+03 2.766552480302240e-16 1.018075882512831e-17
6.419176840795363e+03 2.846735703960569e-16 1.028984185124713e-17
6.420655081067827e+03 2.789360216743754e-16 1.021924451903527e-17
6.422133661756876e+03 2.805834278096918e-16 1.025648070885794e-17
6.423612582940916e+03 2.777532203893959e-16 1.005260728728683e-17
6.425091844698345e+03 2.698815084752016e-16 9.904343801489471e-18
6.426571447107605e+03 2.728584048421124e-16 9.811860505848834e-18
6.428051390247131e+03 2.791309390257074e-16 9.916185267308717e-18
6.429531674195399e+03 2.796260569866579e-16 9.989801209080083e-18
6.431012299030881e+03 2.773268704000725e-16 1.001502223170558e-17
6.432493264832092e+03 2.825061448394833e-16 1.018941922469398e-17
6.433974571677535e+03 2.907169866457474e-16 1.035266979692042e-17
6.435456219645763e+03 2.762772165954690e-16 1.001972974137450e-17
6.436938208815317e+03 2.663078654856214e-16 9.738012100282997e-18
6.438420539264785e+03 2.673931637869882e-16 9.764801778237285e-18
6.439903211072745e+03 2.618872440097485e-16 9.892354619216353e-18
6.441386224317819e+03 2.787866825250413e-16 1.025610590937504e-17
6.442869579078623e+03 2.811152146406749e-16 1.005969641144408e-17
6.444353275433815e+03 2.688393686102352e-16 9.906132455039556e-18
6.445837313462047e+03 2.804642747943946e-16 1.029575046434076e-17
6.447321693242014e+03 2.923127678493827e-16 1.082132325389932e-17
6.448806414852403e+03 2.863495868062394e-16 1.064389009912146e-17
6.450291478371944e+03 2.844233381805902e-16 1.045547046396209e-17
6.451776883879365e+03 2.789518940023095e-16 1.047260011232565e-17
6.453262631453427e+03 2.753094642054590e-16 1.034953555677523e-17
6.454748721172903e+03 2.770208225302949e-16 1.016267711891067e-17
6.456235153116573e+03 2.656876407851466e-16 9.978801493240588e-18
6.457721927363261e+03 2.805296021243282e-16 1.039161023246224e-17
6.459209043991781e+03 2.767406776731176e-16 1.024096769514435e-17
6.460696503080992e+03 2.729049232003544e-16 9.888429878879165e-18
6.462184304709742e+03 2.863014399605303e-16 1.000240216014726e-17
6.463672448956929e+03 2.736065932001044e-16 9.787953162692946e-18
6.465160935901438e+03 2.754151796673088e-16 9.942473042282624e-18
6.466649765622201e+03 2.883227766546534e-16 1.027974062328132e-17
6.468138938198140e+03 2.697736573256587e-16 9.882135710884859e-18
6.469628453708223e+03 2.734270683194157e-16 9.847406891126877e-18
6.471118312231411e+03 2.782940533455074e-16 9.911734129115530e-18
6.472608513846705e+03 2.725987265823021e-16 1.009106866705412e-17
6.474099058633103e+03 2.673822815195717e-16 1.020642343208260e-17
6.475589946669645e+03 2.835601196527204e-16 1.029177843499636e-17
6.477081178035363e+03 2.863204900973806e-16 1.007360860249521e-17
6.478572752809334e+03 2.678202854268340e-16 1.008875750838187e-17
6.480064671070625e+03 2.688787758543596e-16 1.044782936201113e-17
6.481556932898352e+03 2.833961673306719e-16 1.071250405433073e-17
6.483049538371624e+03 2.784067094169972e-16 1.026089190566478e-17
6.484542487569573e+03 2.666901522044486e-16 1.004513843882098e-17
6.486035780571366e+03 2.768488196796453e-16 1.073217567058752e-17
6.487529417456160e+03 2.677593128775580e-16 1.050071093719810e-17
6.489023398303163e+03 2.708275715232731e-16 1.006205217584439e-17
6.490517723191571e+03 2.784375114880516e-16 9.995050360818612e-18
6.492012392200622e+03 2.839575957581364e-16 1.010734895968712e-17
6.493507405409551e+03 2.936537165882293e-16 1.040160473135576e-17
6.495002762897636e+03 2.788025788903435e-16 1.047166223573380e-17
6.496498464744142e+03 2.580511423349581e-16 1.003547194215001e-17
6.497994511028387e+03 2.631634114211132e-16 9.788713043600873e-18
6.499490901829675e+03 2.545716594129530e-16 9.571484731550090e-18
6.500987637227357e+03 2.679556635326393e-16 9.869613661978778e-18
6.502484717300773e+03 2.891736649653571e-16 1.033993911754992e-17
6.503982142129313e+03 2.793375590192529e-16 1.051858547225434e-17
6.505479911792353e+03 2.670257307767626e-16 1.029173736010456e-17
6.506978026369318e+03 2.779112953055576e-16 1.017489581043562e-17
6.508476485939624e+03 2.837621275589393e-16 1.016527050784041e-17
6.509975290582728e+03 2.755053138063396e-16 1.011858518855245e-17
6.511474440378091e+03 2.909944407390530e-16 1.062699507558018e-17
6.512973935405192e+03 2.951186219711730e-16 1.101548677083831e-17
6.514473775743540e+03 2.872071157058726e-16 1.122508874121599e-17
6.515973961472646e+03 2.727365978663106e-16 1.082089509065781e-17
6.517474492672060e+03 2.852555076474550e-16 1.064596933379981e-17
6.518975369421326e+03 2.770550646792116e-16 1.028430157339092e-17
6.520476591800034e+03 2.949674871926031e-16 1.058505249173372e-17
6.521978159887759e+03 2.811467754518776e-16 1.038951248918734e-17
6.523480073764132e+03 2.780759923700209e-16 1.039805732871399e-17
6.524982333508764e+03 2.881935775743872e-16 1.061923959364056e-17
6.526484939201320e+03 2.808171314449841e-16 1.059472457204363e-17
6.527987890921454e+03 2.846302542419891e-16 1.057990720508035e-17
6.529491188748862e+03 2.766118206451245e-16 1.030119655429439e-17
6.530994832763234e+03 2.748569373468818e-16 1.026788866149267e-17
6.532498823044306e+03 2.828361636022848e-16 1.049784378811111e-17
6.534003159671805e+03 2.777030699790542e-16 1.077417530528808e-17
6.535507842725502e+03 2.817585720781233e-16 1.102775128320399e-17
6.537012872285161e+03 2.948082298545808e-16 1.100739086334793e-17
6.538518248430591e+03 2.898956816522998e-16 1.058521157518397e-17
6.540023971241597e+03 2.823399288186906e-16 1.030960498294242e-17
6.541530040798005e+03 2.901585137167273e-16 1.062544952547220e-17
6.543036457179673e+03 3.030148783424699e-16 1.113718004456882e-17
6.544543220466474e+03 2.866678392240345e-16 1.128227737534618e-17
6.546050330738291e+03 3.197560147955930e-16 1.174355035246324e-17
6.547557788075022e+03 4.919886605115165e-16 1.462248038105332e-17
6.549065592556602e+03 9.165569431148246e-16 2.084668119829834e-17
6.550573744262963e+03 9.432969236773011e-16 2.178249433282098e-17
6.552082243274078e+03 5.872236433656413e-16 1.564875543866435e-17
6.553591089669912e+03 3.527566151383920e-16 1.187197175483951e-17
6.555100283530478e+03 3.132381019918226e-16 1.108924040395869e-17
6.556609824935775e+03 3.316170554860039e-16 1.168086935336863e-17
6.558119713965853e+03 4.496675056068796e-16 1.334793311293039e-17
6.559629950700752e+03 4.423704158379352e-16 1.851596831348908e-17
6.561140535220555e+03 3.932007465128645e-15 4.237962607859384e-17
6.562651467605338e+03 2.515594379289535e-14 2.995818273167112e-16
6.564162747935226e+03 5.639567577689147e-14 9.043348319170998e-16
6.565674376290326e+03 5.277401800745537e-14 7.134895583203283e-16
6.567186352750802e+03 1.791412803517521e-14 1.515779640447723e-16
6.568698677396802e+03 1.687154509148928e-15 4.278795826724462e-17
6.570211350308521e+03 5.831667041537240e-16 1.570169596115558e-17
6.571724371566146e+03 3.803350234169434e-16 1.301215625437681e-17
6.573237741249910e+03 3.578327463505742e-16 1.245919677808566e-17
6.574751459440044e+03 3.220588292626321e-16 1.149836638044351e-17
6.576265526216795e+03 3.467084281308546e-16 1.159208824418765e-17
6.577779941660451e+03 3.268496311127671e-16 1.137765858993651e-17
6.579294705851294e+03 3.356659787766783e-16 1.147153358078658e-17
6.580809818869647e+03 3.314810481879457e-16 1.154448572581518e-17
6.582325280795825e+03 5.642802386253494e-16 1.576344183852734e-17
6.583841091710192e+03 1.712242865004300e-15 2.860406382201169e-17
6.585357251693099e+03 2.423763647688124e-15 4.501220050087383e-17
6.586873760824948e+03 1.700037392330601e-15 3.106428684990313e-17
6.588390619186125e+03 6.619031470675342e-16 1.556521260075693e-17
6.589907826857069e+03 2.976929855817508e-16 1.124884789378932e-17
6.591425383918207e+03 2.976087277725407e-16 1.035297814686646e-17
6.592943290450011e+03 2.878149327666575e-16 1.023926685729227e-17
6.594461546532944e+03 2.767249377229131e-16 1.017787098541927e-17
6.595980152247519e+03 2.799927864046481e-16 1.023463179215973e-17
6.597499107674236e+03 2.744639896436011e-16 1.014549309487434e-17
6.599018412893640e+03 2.980224722880232e-16 1.042486847548934e-17
6.600538067986274e+03 2.904467534362232e-16 1.016123035829126e-17
6.602058073032717e+03 2.856558586094582e-16 1.009040616118673e-17
6.603578428113556e+03 2.896907706228952e-16 1.032261534298187e-17
6.605099133309387e+03 3.062636470835834e-16 1.063257275140572e-17
6.606620188700855e+03 2.788190262913616e-16 1.008957660252183e-17
6.608141594368588e+03 2.813617457826761e-16 1.004677189676632e-17
6.609663350393263e+03 2.735667245833257e-16 9.937436921876201e-18
6.611185456855549e+03 2.735200880767161e-16 9.950901971086820e-18
6.612707913836161e+03 2.873440019032131e-16 1.003552777769758e-17
6.614230721415803e+03 2.743118884401040e-16 9.784312333211994e-18
6.615753879675227e+03 2.683964664756589e-16 9.763926414804387e-18
6.617277388695176e+03 2.823398730339756e-16 9.913009227758048e-18
6.618801248556438e+03 2.693236956031864e-16 9.732964644892867e-18
6.620325459339792e+03 2.674983960215230e-16 9.620853452732830e-18
6.621850021126067e+03 2.689066912648685e-16 9.614385177036702e-18
6.623374933996076e+03 2.737102500345718e-16 9.757320711844103e-18
6.624900198030685e+03 2.880356033646997e-16 1.018137678952901e-17
6.626425813310747e+03 2.707793012191822e-16 1.000034906907789e-17
6.627951779917163e+03 2.734329198992544e-16 9.878373742668753e-18
6.629478097930823e+03 2.910089010258708e-16 9.870924901438021e-18
6.631004767432665e+03 2.689618253822067e-16 9.443053156962120e-18
6.632531788503625e+03 2.820004677150909e-16 9.674205963899051e-18
6.634059161224658e+03 2.906852604284566e-16 9.774301572537113e-18
6.635586885676757e+03 2.770120692354439e-16 9.578092118340495e-18
6.637114961940905e+03 2.733799290550652e-16 9.543117184032717e-18
6.638643390098136e+03 2.752365165880121e-16 9.619985328366163e-18
6.640172170229469e+03 2.897884821586439e-16 1.002194333349997e-17
6.641701302415973e+03 2.874618420541284e-16 1.003209189891628e-17
6.643230786738708e+03 2.923030111570122e-16 9.986311179864845e-18
6.644760623278779e+03 2.864899104239695e-16 9.763355434904791e-18
6.646290812117283e+03 2.817682223527577e-16 9.624032443760807e-18
6.647821353335362e+03 2.791908723839867e-16 9.586879577198877e-18
6.649352247014151e+03 2.921408848447684e-16 9.863320343949948e-18
6.650883493234828e+03 2.997056747015184e-16 1.003934168366892e-17
6.652415092078568e+03 2.744891502163502e-16 9.684760574497284e-18
6.653947043626586e+03 2.689646549039231e-16 9.484355943024299e-18
6.655479347960090e+03 2.869510579662288e-16 9.654304483586921e-18
6.657012005160337e+03 2.831793949749768e-16 9.721796381269389e-18
6.658545015308572e+03 2.863734983636721e-16 9.776721473932465e-18
6.660078378486088e+03 2.980766661943980e-16 9.862359622762871e-18
6.661612094774169e+03 2.844563406399775e-16 9.671207815724429e-18
6.663146164254144e+03 2.890510841540463e-16 9.737779767854391e-18
6.664680587007333e+03 2.869332028204148e-16 9.883735610487436e-18
6.666215363115107e+03 2.778476628622634e-16 9.820266385685837e-18
6.667750492658827e+03 2.806963856168112e-16 9.744824617891609e-18
6.669285975719879e+03 2.827714216157190e-16 9.565781409373646e-18
6.670821812379687e+03 2.737728189657031e-16 9.340272116235523e-18
6.672358002719666e+03 2.630503807157698e-16 9.178462207580453e-18
6.673894546821275e+03 2.719037949522119e-16 9.411759836968228e-18
6.675431444765970e+03 2.923681089629042e-16 9.974747546182757e-18
6.676968696635245e+03 3.252791941532439e-16 1.100445697218662e-17
6.678506302510592e+03 6.774809633896613e-16 1.540153754582929e-17
6.680044262473547e+03 8.698873485068878e-16 1.927336630741333e-17
6.681582576605637e+03 6.716238575831794e-16 1.590470813971064e-17
6.683121244988437e+03 3.813352567309516e-16 1.131198975257345e-17
6.684660267703509e+03 2.813412242535935e-16 9.670291785610116e-18
6.686199644832467e+03 2.820418608835483e-16 9.538953038319269e-18
6.687739376456912e+03 2.861556669308951e-16 9.691718281962787e-18
6.689279462658494e+03 2.834074046299644e-16 9.917922151338893e-18
6.690819903518851e+03 2.758494936847810e-16 9.832740469184164e-18
6.692360699119670e+03 2.696454003419910e-16 9.598998832956203e-18
6.693901849542631e+03 2.569464675891274e-16 9.277582146857422e-18
6.695443354869454e+03 2.667923287346295e-16 9.392108594952422e-18
6.696985215181865e+03 2.810841536411482e-16 9.704883658314592e-18
6.698527430561602e+03 2.693733229672164e-16 9.487343871674712e-18
6.700070001090447e+03 2.621541942762177e-16 9.365981833582250e-18
6.701612926850173e+03 2.686020336317070e-16 9.495945365855003e-18
6.703156207922595e+03 2.762630467540800e-16 9.766150838935684e-18
6.704699844389524e+03 2.659492165752725e-16 9.623832070870440e-18
6.706243836332816e+03 2.793627487148779e-16 9.639036457384955e-18
6.707788183834319e+03 2.709510750880168e-16 9.453065810247106e-18
6.709332886975924e+03 2.668627055312209e-16 9.457282534400004e-18
6.710877945839518e+03 2.686084476319499e-16 9.753266418824670e-18
6.712423360507031e+03 2.810042346465251e-16 1.007162614242328e-17
6.713969131060387e+03 3.049255858332275e-16 1.121868465240212e-17
6.715515257581553e+03 9.485860848600800e-16 1.885734346038644e-17
6.717061740152491e+03 3.325447965667425e-15 4.682141758823839e-17
6.718608578855206e+03 4.439173883386742e-15 7.674511963434753e-17
6.720155773771697e+03 2.681241333148342e-15 4.180885932713684e-17
6.721703324984010e+03 7.665641571606998e-16 1.487545863932750e-17
6.723251232574177e+03 2.614049666423614e-16 1.039878926165049e-17
6.724799496624284e+03 2.924547724880982e-16 9.833609118283912e-18
6.726348117216409e+03 2.837114104708963e-16 9.776944547882627e-18
6.727897094432654e+03 2.667209737237226e-16 1.028194514757255e-17
6.729446428355149e+03 6.083410671945684e-16 1.393299785104221e-17
6.730996119066044e+03 2.020815727887264e-15 3.436436663053300e-17
6.732546166647498e+03 3.570235180292976e-15 6.361115046589810e-17
6.734096571181684e+03 2.839244216992707e-15 4.457332450198273e-17
6.735647332750818e+03 9.731808818776323e-16 1.986458683385864e-17
6.737198451437105e+03 3.261194203867046e-16 1.120428665682946e-17
6.738749927322799e+03 2.801219043161344e-16 9.574754849339847e-18
6.740301760490142e+03 2.588972784361293e-16 9.120015640248274e-18
6.741853951021424e+03 2.594339156862754e-16 9.303686487422361e-18
6.743406498998928e+03 2.688195720081389e-16 9.499981640076115e-18
6.744959404504983e+03 2.697559483360438e-16 9.315103368518371e-18
6.746512667621909e+03 2.555708158605016e-16 9.163771876605969e-18
6.748066288432069e+03 2.658126387241316e-16 9.380500407815131e-18
6.749620267017825e+03 2.612898507261989e-16 9.603294818405227e-18
6.751174603461577e+03 2.456153906887333e-16 9.496449373770933e-18
6.752729297845723e+03 2.507208672190727e-16 9.426330450793800e-18
6.754284350252705e+03 2.695845412752720e-16 9.467241624462852e-18
6.755839760764962e+03 2.644783993184296e-16 9.289180512910508e-18
6.757395529464956e+03 2.494710041755339e-16 9.115163790313910e-18
6.758951656435175e+03 2.701377729076688e-16 9.260558893385097e-18
6.760508141758134e+03 2.566363151442450e-16 9.175017817276994e-18
6.762064985516348e+03 2.602475629493968e-16 9.225794970526320e-18
6.763622187792353e+03 2.580512134533706e-16 9.262125248520297e-18
6.765179748668723e+03 2.474834452551904e-16 9.160252737169561e-18
6.766737668228024e+03 2.562934406895151e-16 9.470710405443262e-18
6.768295946552871e+03 2.478539544059449e-16 9.393183843990563e-18
6.769854583725867e+03 2.518247129405531e-16 9.308665284438035e-18
6.771413579829665e+03 2.511516015599146e-16 9.128043798605710e-18
6.772972934946905e+03 2.526593517039658e-16 9.079007921098547e-18
6.774532649160278e+03 2.564479874112362e-16 9.046701074246622e-18
6.776092722552464e+03 2.655332872832223e-16 9.276511048386917e-18
6.777653155206191e+03 2.563679029354684e-16 9.264808468017445e-18
6.779213947204177e+03 2.690642019460657e-16 9.503044594596249e-18
6.780775098629188e+03 2.530338171302762e-16 9.250231007689076e-18
6.782336609563980e+03 2.619209313790307e-16 9.370941675349577e-18
6.783898480091358e+03 2.466824022575140e-16 9.076858139816997e-18
6.785460710294121e+03 2.606601458326545e-16 9.212442730910812e-18
6.787023300255093e+03 2.473311389042798e-16 8.962854145625541e-18
6.788586250057127e+03 2.594551579104177e-16 9.275134242951788e-18
6.790149559783095e+03 2.608362891177348e-16 9.244762850963278e-18
6.791713229515876e+03 2.541353325564865e-16 9.232186232731615e-18
6.793277259338368e+03 2.438087132404140e-16 9.175406756484872e-18
6.794841649333506e+03 2.502735046979388e-16 9.285405376498494e-18
6.796406399584221e+03 2.544790522048470e-16 9.381466795307375e-18
6.797971510173485e+03 2.585808069232410e-16 9.488571004365335e-18
6.799536981184267e+03 2.521370580801144e-16 9.268716132103450e-18
6.801102812699583e+03 2.521177179882868e-16 9.129961899696410e-18
6.802669004802432e+03 2.588817079112503e-16 9.208803980662589e-18
6.804235557575870e+03 2.638376139214299e-16 9.233055177843603e-18
6.805802471102939e+03 2.539062508827284e-16 9.246603553434717e-18
6.807369745466730e+03 2.416070409857692e-16 9.466450991088698e-18
6.808937380750323e+03 2.569648431578494e-16 1.025006807968972e-17
6.810505377036846e+03 2.596353061493429e-16 1.044375740299090e-17
6.812073734409421e+03 2.397638375423870e-16 9.992305740701617e-18
6.813642452951212e+03 2.484931009382323e-16 1.022472501896236e-17
6.815211532745379e+03 2.535038404252888e-16 1.056737455070982e-17
6.816780973875126e+03 2.547430024771176e-16 9.889290511350834e-18
6.818350776423649e+03 2.583055263336700e-16 9.418784839579520e-18
6.819920940474191e+03 2.558357671340880e-16 9.390028254765381e-18
6.821491466109995e+03 2.517872824886650e-16 9.812474984918425e-18
6.823062353414321e+03 2.603397388237426e-16 9.921238999326874e-18
6.824633602470468e+03 2.642409328917416e-16 9.691055827084094e-18
6.826205213361731e+03 2.487653275341972e-16 9.224905898303837e-18
6.827777186171447e+03 2.430843909808648e-16 8.988378276417685e-18
6.829349520982947e+03 2.707531859009691e-16 9.525910568107115e-18
6.830922217879610e+03 2.600468747033630e-16 9.393033140637874e-18
6.832495276944803e+03 2.534839711765314e-16 9.152093214932664e-18
6.834068698261942e+03 2.440236946091910e-16 8.948357614027364e-18
6.835642481914436e+03 2.607577396579338e-16 9.220339260223552e-18
6.837216627985737e+03 2.319391002210071e-16 8.810361535659428e-18
6.838791136559293e+03 2.527411507642657e-16 9.049388933070484e-18
6.840366007718594e+03 2.541243059624933e-16 9.087490762319094e-18
6.841941241547127e+03 2.418427607655338e-16 9.630996333827050e-18
6.843516838128422e+03 2.552231523985155e-16 1.083275155079750e-17
6.845092797546002e+03 2.616251055253282e-16 1.186683121329535e-17
6.846669119883435e+03 2.488518865772720e-16 1.101275768467772e-17
6.848245805224284e+03 2.434924779591199e-16 1.038547925652675e-17
6.849822853652156e+03 2.519759282257846e-16 1.081211420399305e-17
6.851400265250659e+03 2.496002173786583e-16 1.107775707422433e-17
6.852978040103417e+03 2.485223367505009e-16 1.077181422209317e-17
6.854556178294090e+03 2.555303608189589e-16 1.037624561083160e-17
6.856134679906357e+03 2.503717467185844e-16 9.963415730952670e-18
6.857713545023899e+03 2.350612352957140e-16 9.476654729641652e-18
6.859292773730422e+03 2.327587359652530e-16 9.312637599747873e-18
6.860872366109667e+03 2.518935227087831e-16 9.449400182818513e-18
6.862452322245369e+03 2.484166432443032e-16 9.379456203046069e-18
6.864032642221309e+03 2.494612602627390e-16 9.274444198484296e-18
6.865613326121261e+03 2.505313472929206e-16 9.326113533087369e-18
6.867194374029044e+03 2.444203038983419e-16 9.455845101405585e-18
6.868775786028472e+03 2.461352226382484e-16 9.954641936721116e-18
6.870357562203401e+03 2.463227346872785e-16 1.008501344574965e-17
6.871939702637684e+03 2.524257348792580e-16 9.826630811734313e-18
6.873522207415215e+03 2.771344378433662e-16 1.017035916993955e-17
6.875105076619886e+03 2.403021856124827e-16 9.885931242921594e-18
6.876688310335630e+03 2.457190260072191e-16 9.847968002402259e-18
6.878271908646379e+03 2.478147565795381e-16 9.512036917369488e-18
6.879855871636101e+03 2.479199270462168e-16 9.726752593328537e-18
6.881440199388777e+03 2.497364928618535e-16 1.022512880124534e-17
6.883024891988393e+03 2.504961243063082e-16 9.952567407711935e-18
6.884609949518978e+03 2.562673350710213e-16 9.534874410650999e-18
6.886195372064577e+03 2.474193946213070e-16 9.277788864097384e-18
6.887781159709240e+03 2.431399981231391e-16 9.063655920960856e-18
6.889367312537036e+03 2.365797334303553e-16 9.114779554690405e-18
6.890953830632076e+03 2.417972996751457e-16 9.329209007590247e-18
6.892540714078462e+03 2.399049782640826e-16 9.848816792765871e-18
6.894127962960342e+03 2.423734738456565e-16 9.694831173806316e-18
6.895715577361858e+03 2.416644567915414e-16 9.166498786851303e-18
6.897303557367195e+03 2.416953384755153e-16 8.867145130386080e-18
6.898891903060534e+03 2.327135831031119e-16 8.810121255576088e-18
6.900480614526102e+03 2.336623214426223e-16 9.008101977550437e-18
6.902069691848115e+03 2.514376272449830e-16 9.696771555573619e-18
6.903659135110840e+03 2.465874114583583e-16 1.026402640688871e-17
6.905248944398531e+03 2.382209215671809e-16 9.963118033671459e-18
6.906839119795496e+03 2.381163913443764e-16 9.288642011352945e-18
6.908429661386028e+03 2.392291671858693e-16 9.070719799267469e-18
6.910020569254470e+03 2.394633609276182e-16 8.988714231235110e-18
6.911611843485156e+03 2.286093504568825e-16 8.707751861833135e-18
6.913203484162469e+03 2.384557537467516e-16 8.803425238860488e-18
6.914795491370782e+03 2.316381081845649e-16 8.803741309324834e-18
6.916387865194514e+03 2.475869909274306e-16 9.142469980365640e-18
6.917980605718087e+03 2.262592778475019e-16 9.287719428603502e-18
6.919573713025935e+03 2.334694350194692e-16 9.950660976904979e-18
6.921167187202541e+03 2.241367595532872e-16 9.854218027313136e-18
6.922761028332374e+03 2.405589769057277e-16 9.505941652624058e-18
6.924355236499951e+03 2.458437799539736e-16 9.311729204491255e-18
6.925949811789784e+03 2.333495980976392e-16 9.063509969734237e-18
6.927544754286427e+03 2.493779539206068e-16 9.786498966678751e-18
6.929140064074428e+03 2.459202915076281e-16 1.062998125613059e-17
6.930735741238384e+03 2.342022121823508e-16 1.024198340441302e-17
6.932331785862882e+03 2.257220407203194e-16 9.288255559697862e-18
6.933928198032558e+03 2.425444200178903e-16 9.245552409535167e-18
6.935524977832034e+03 2.472262722018644e-16 9.291899530306019e-18
6.937122125345989e+03 2.403981777742167e-16 9.254539935171506e-18
6.938719640659085e+03 2.446235773774843e-16 9.357674352018427e-18
6.940317523856033e+03 2.505302504674710e-16 9.353442229093733e-18
6.941915775021541e+03 2.454607830901268e-16 9.206030712543878e-18
6.943514394240359e+03 2.384483038949968e-16 9.069958610028850e-18
6.945113381597230e+03 2.280868482592710e-16 8.872229234807443e-18
6.946712737176945e+03 2.276541741713489e-16 8.934563233911159e-18
6.948312461064294e+03 2.535580543138409e-16 9.319706537850260e-18
6.949912553344082e+03 2.511514905740084e-16 9.896641031859276e-18
6.951513014101156e+03 2.457301321195216e-16 9.914542898008996e-18
6.953113843420375e+03 2.381531119988181e-16 9.241789817235593e-18
6.954715041386607e+03 2.375803720503044e-16 8.846035403608458e-18
6.956316608084739e+03 2.403441091620750e-16 9.178387990983688e-18
6.957918543599699e+03 2.444668491225244e-16 9.758752823082045e-18
6.959520848016405e+03 2.378849612677616e-16 9.858343426524047e-18
6.961123521419824e+03 2.368762871951709e-16 9.617289848326825e-18
6.962726563894915e+03 2.430533365596307e-16 9.311061842044667e-18
6.964329975526682e+03 2.452528598641387e-16 9.307931328148569e-18
6.965933756400123e+03 2.484928177929425e-16 9.345625051422609e-18
6.967537906600282e+03 2.365129038606320e-16 9.131114131607407e-18
6.969142426212196e+03 2.293735221776283e-16 8.846663518521074e-18
6.970747315320951e+03 2.369252363579262e-16 8.897475546924688e-18
6.972352574011620e+03 2.398921429171973e-16 8.963778820593952e-18
6.973958202369327e+03 2.439746522620296e-16 9.206183935578510e-18
6.975564200479187e+03 2.379439984042826e-16 9.222663589605254e-18
6.977170568426362e+03 2.382254818791466e-16 9.280579515688822e-18
6.978777306296013e+03 2.356700330423384e-16 9.128972669419575e-18
6.980384414173322e+03 2.462564191834499e-16 9.113273391912173e-18
6.981991892143501e+03 2.183609920590082e-16 8.679732425267443e-18
6.983599740291785e+03 2.320090077126902e-16 9.115771386837773e-18
6.985207958703412e+03 2.459078433218111e-16 9.494577370980301e-18
6.986816547463644e+03 2.282344144943764e-16 9.109528461457464e-18
6.988425506657779e+03 2.359308254650597e-16 9.016502622853004e-18
6.990034836371108e+03 2.495763941101866e-16 9.521126380920595e-18
6.991644536688971e+03 2.406038264196322e-16 9.466791101734412e-18
6.993254607696698e+03 2.429672558823904e-16 9.333641996287074e-18
6.994865049479668e+03 2.413426536578505e-16 9.368317100074558e-18
6.996475862123249e+03 2.315264996187457e-16 9.544368614204680e-18
6.998087045712861e+03 2.369896050739262e-16 9.392298434076441e-18
6.999698600333913e+03 2.453379256578366e-16 9.143343337947004e-18
7.001310526071862e+03 2.451611846899432e-16 9.014911713010578e-18
7.002922823012155e+03 2.484972336461473e-16 9.039152172868089e-18
7.004535491240290e+03 2.641544908575697e-16 9.400586814259266e-18
7.006148530841754e+03 2.322046260267754e-16 8.977796289026552e-18
7.007761941902084e+03 2.357890277650114e-16 8.994593435136068e-18
7.009375724506813e+03 2.286600496063417e-16 8.811954304664990e-18
7.010989878741496e+03 2.263382037731508e-16 8.760499270923164e-18
7.012604404691720e+03 2.416311780572276e-16 8.852614747855408e-18
7.014219302443094e+03 2.310062976340194e-16 8.733781562316461e-18
7.015834572081230e+03 2.313841494379428e-16 8.738834734389951e-18
7.017450213691761e+03 2.257857239043147e-16 8.804960213465991e-18
7.019066227360361e+03 2.391618329073303e-16 9.167627764300039e-18
7.020682613172695e+03 2.285118579091679e-16 9.091927212721730e-18
7.022299371214477e+03 2.347767297914606e-16 9.160271089565046e-18
7.023916501571411e+03 2.455894689534670e-16 9.189022411988376e-18
7.025534004329250e+03 2.478646757560194e-16 9.405534044503471e-18
7.027151879573738e+03 2.268368198624973e-16 9.617419369275778e-18
7.028770127390668e+03 2.274329612751620e-16 9.673716117927830e-18
7.030388747865823e+03 2.385258747226134e-16 9.544085610210592e-18
7.032007741085034e+03 2.324104507028699e-16 9.348378808319945e-18
7.033627107134126e+03 2.284822041458139e-16 9.406010999208706e-18
7.035246846098969e+03 2.338403280862485e-16 9.651421166961059e-18
7.036866958065428e+03 2.382144438813327e-16 9.683455986067529e-18
7.038487443119409e+03 2.375063456339269e-16 9.464332409422697e-18
7.040108301346820e+03 2.325505578614709e-16 9.256923487650895e-18
7.041729532833607e+03 2.313453821714950e-16 9.170760927101946e-18
7.043351137665714e+03 2.444785737623486e-16 9.244873735257050e-18
7.044973115929130e+03 2.443661872890899e-16 9.254366396104673e-18
7.046595467709845e+03 2.331015556048169e-16 9.231455712880055e-18
7.048218193093868e+03 2.335399483079848e-16 9.108493971239201e-18
7.049841292167244e+03 2.435384701008459e-16 9.198735934711974e-18
7.051464765016019e+03 2.303016951098335e-16 8.993287092250681e-18
7.053088611726279e+03 2.352170363880459e-16 8.850552825574866e-18
7.054712832384105e+03 2.333521306086935e-16 9.007362454214745e-18
7.056337427075627e+03 2.321217911350960e-16 8.920294142381610e-18
7.057962395886964e+03 2.483422560944389e-16 9.087202595220576e-18
7.059587738904284e+03 2.235132817167758e-16 8.878810028334553e-18
7.061213456213749e+03 2.348272267446258e-16 9.183000308655350e-18
7.062839547901564e+03 2.391380179551008e-16 9.742518738730060e-18
7.064466014053930e+03 3.335408299671011e-16 1.128494483522544e-17
7.066092854757096e+03 6.715191740786380e-16 1.683400049331902e-17
7.067720070097300e+03 7.698350836420634e-16 1.841736796398951e-17
7.069347660160829e+03 5.197279977331855e-16 1.402476624030548e-17
7.070975625033962e+03 2.794839338433144e-16 1.004152292359088e-17
7.072603964803028e+03 2.402669046731953e-16 9.131474957341992e-18
7.074232679554345e+03 2.406881959191041e-16 8.869818622652460e-18
7.075861769374278e+03 2.327332125330329e-16 8.689651064356957e-18
7.077491234349195e+03 2.264710134580907e-16 8.728205519346120e-18
7.079121074565481e+03 2.321651051780431e-16 8.793479413928199e-18
7.080751290109554e+03 2.193894213635058e-16 8.415564307318151e-18
7.082381881067855e+03 2.477219460884878e-16 8.838304406628567e-18
7.084012847526829e+03 2.405415843996828e-16 8.713721520514294e-18
7.085644189572941e+03 2.388226326124379e-16 9.001628079947951e-18
7.087275907292697e+03 2.236771559244208e-16 8.826175597329024e-18
7.088908000772595e+03 2.294310262318036e-16 8.731500115808540e-18
7.090540470099181e+03 2.245105375220102e-16 8.462402375520065e-18
7.092173315358993e+03 2.202420531483383e-16 8.357560283708318e-18
7.093806536638616e+03 2.367229020367964e-16 8.623496369522613e-18
7.095440134024630e+03 2.458399210563392e-16 8.755668748375959e-18
7.097074107603657e+03 2.380464491621616e-16 8.679566229052564e-18
7.098708457462318e+03 2.234267707055121e-16 8.541197579824237e-18
7.100343183687277e+03 2.389593954727966e-16 8.749128728715642e-18
7.101978286365192e+03 2.329932981965111e-16 8.555083562509350e-18
7.103613765582768e+03 2.312177051732806e-16 8.458332081090746e-18
7.105249621426701e+03 2.215412310981174e-16 8.319323508862258e-18
7.106885853983740e+03 2.190449964035578e-16 8.369279109615139e-18
7.108522463340628e+03 2.182190273510218e-16 8.500793003779330e-18
7.110159449584128e+03 2.298864926579113e-16 8.766628776331017e-18
7.111796812801039e+03 2.408962206776019e-16 8.824682805269112e-18
7.113434553078179e+03 2.366334649479417e-16 8.744299903536257e-18
7.115072670502374e+03 2.338031446077110e-16 8.726098266895840e-18
7.116711165160466e+03 2.224635098895570e-16 8.580773235854773e-18
7.118350037139343e+03 2.204057001760800e-16 8.402731773551347e-18
7.119989286525879e+03 2.283829202488841e-16 8.464373434259473e-18
7.121628913407002e+03 2.166587400775151e-16 8.457123596533639e-18
7.123268917869628e+03 2.272748112856668e-16 8.829229123227036e-18
7.124909300000724e+03 2.348949701192335e-16 9.171691291428382e-18
7.126550059887245e+03 2.250988585392692e-16 8.904172068416360e-18
7.128191197616198e+03 2.251375584026334e-16 8.643671752565289e-18
7.129832713274581e+03 2.249219826921222e-16 8.455300975310759e-18
7.131474606949437e+03 2.295783807569358e-16 8.578407849143003e-18
7.133116878727806e+03 2.227298673856381e-16 9.006741287806429e-18
7.134759528696773e+03 4.298865541120211e-16 1.167443345339269e-17
7.136402556943414e+03 1.225537981452690e-15 2.248843285840410e-17
7.138045963554857e+03 1.735915619881529e-15 3.287010921380859e-17
7.139689748618219e+03 1.086640238309913e-15 1.960539813597648e-17
7.141333912220665e+03 3.575145807874846e-16 1.139986199832101e-17
7.142978454449354e+03 2.370818848357120e-16 8.945199255118395e-18
7.144623375391491e+03 2.260869012322564e-16 8.611640906898576e-18
7.146268675134282e+03 2.224066530767484e-16 8.848058935061779e-18
7.147914353764950e+03 2.288893990200053e-16 9.166173687632470e-18
7.149560411370764e+03 2.208022068773208e-16 9.079172245029288e-18
7.151206848038981e+03 2.190508501266469e-16 8.903940921128737e-18
7.152853663856907e+03 2.152000582958310e-16 8.790923254480341e-18
7.154500858911840e+03 2.366766643010587e-16 9.080164172477733e-18
7.156148433291130e+03 2.496238836845040e-16 9.169831755621125e-18
7.157796387082110e+03 2.331489771214566e-16 8.822206225159702e-18
7.159444720372173e+03 2.413577827251162e-16 8.976255534775517e-18
7.161093433248693e+03 2.367964848842473e-16 9.004698605540230e-18
7.162742525799100e+03 2.298027571020097e-16 8.897806733056278e-18
7.164391998110813e+03 2.037902255741971e-16 8.603692369366527e-18
7.166041850271298e+03 2.201881081395311e-16 8.700129454202795e-18
7.167692082368015e+03 2.281727716677263e-16 8.628754882670317e-18
7.169342694488472e+03 2.148077003571306e-16 8.394765972066065e-18
7.170993686720169e+03 2.246598559473447e-16 8.580233518146218e-18
7.172645059150652e+03 2.196992904287729e-16 8.530997419536407e-18
7.174296811867463e+03 2.265915993179438e-16 8.614458228528805e-18
7.175948944958191e+03 2.361850056673078e-16 8.734427170528876e-18
7.177601458510421e+03 2.254460994987608e-16 8.638595715354827e-18
7.179254352611762e+03 2.286090466581599e-16 8.806632241584824e-18
7.180907627349856e+03 2.348440992328783e-16 8.855081545648159e-18
7.182561282812365e+03 2.299062677858586e-16 8.718319070025459e-18
7.184215319086955e+03 2.400246336083368e-16 8.915319690967173e-18
7.185869736261317e+03 2.367631839980065e-16 1.133295578617138e-17
7.187524534423179e+03 2.269805274920290e-16 1.081183792248796e-17
7.189179713660264e+03 2.363051346868907e-16 9.141706486087361e-18
7.190835274060340e+03 2.175884844587629e-16 8.343088971613240e-18
7.192491215711170e+03 2.174175475656703e-16 8.429739356232718e-18
7.194147538700566e+03 2.284528054140462e-16 8.662703619537429e-18
7.195804243116329e+03 2.191004447770988e-16 8.380806225799696e-18
7.197461329046308e+03 2.212798485553687e-16 8.418833198399400e-18
7.199118796578349e+03 2.297383119016274e-16 8.644046219170410e-18
7.200776645800343e+03 2.143496458791253e-16 8.378317204238046e-18
7.202434876800172e+03 2.264814187632074e-16 8.698824017028181e-18
7.204093489665768e+03 2.410220223283355e-16 9.213586003536891e-18
7.205752484485055e+03 2.311424619646551e-16 8.729090816756385e-18
7.207411861346006e+03 2.288838947155087e-16 8.646204910159739e-18
7.209071620336592e+03 2.149669389770341e-16 8.490027773665422e-18
7.210731761544805e+03 2.229224883846862e-16 9.101998823913823e-18
7.212392285058670e+03 2.340945962412860e-16 9.826013074718492e-18
7.214053190966235e+03 2.224159007024178e-16 9.161474625529411e-18
7.215714479355551e+03 2.181362823746778e-16 9.180694718226145e-18
7.217376150314691e+03 2.276962367199288e-16 1.088415871118854e-17
7.219038203931769e+03 2.291526524017541e-16 1.191004890948927e-17
7.220700640294893e+03 2.102084577562117e-16 1.228721765200342e-17
7.222363459492216e+03 2.314262723188473e-16 1.255207310593382e-17
7.224026661611885e+03 2.104950472351065e-16 1.319915607371517e-17
7.225690246742096e+03 2.563751971750537e-16 1.347534557871836e-17
7.227354214971037e+03 2.347252212805282e-16 1.030366664798803e-17
7.229018566386942e+03 2.188147624899314e-16 9.663279760509358e-18
7.230683301078042e+03 2.283311929081431e-16 1.041593745637471e-17
7.232348419132612e+03 2.169759883779983e-16 9.978326040788444e-18
7.234013920638919e+03 2.425534928159955e-16 1.003354200790405e-17
7.235679805685284e+03 2.243152128550182e-16 9.279346173673331e-18
7.237346074360013e+03 2.268069288418298e-16 9.226321694480643e-18
7.239012726751466e+03 2.458007828670205e-16 9.297171724122639e-18
7.240679762948001e+03 2.384904603269520e-16 9.163100052575818e-18
7.242347183037992e+03 2.161298619037842e-16 8.927644387150737e-18
7.244014987109855e+03 2.236220829099460e-16 9.195585696747733e-18
7.245683175252019e+03 2.298388763852580e-16 9.505861344703526e-18
7.247351747552925e+03 2.212221607634059e-16 9.433756441840267e-18
7.249020704101032e+03 2.199826232125374e-16 9.254289645513338e-18
7.250690044984838e+03 2.353043140512651e-16 9.550311524688802e-18
7.252359770292837e+03 2.363039802986491e-16 9.888801232371468e-18
7.254029880113571e+03 2.211262223799274e-16 1.198016707308452e-17
7.255700374535572e+03 2.470778788050017e-16 1.457615018729330e-17
7.257371253647424e+03 2.523793523645101e-16 1.421075404293388e-17
7.259042517537699e+03 2.260281677258328e-16 1.021835736944327e-17
7.260714166295022e+03 2.159520294073566e-16 9.607326146336266e-18
7.262386200008005e+03 2.154582992097292e-16 1.058813107577503e-17
7.264058618765315e+03 2.310757196689470e-16 1.098830019200630e-17
7.265731422655605e+03 2.288054964479343e-16 1.064324645328356e-17
7.267404611767583e+03 2.133797833381171e-16 9.368915843880328e-18
7.269078186189942e+03 2.182192444496483e-16 9.084752350039491e-18
7.270752146011429e+03 2.196038210507819e-16 9.138846591238180e-18
7.272426491320781e+03 2.189876756710931e-16 9.190698596470372e-18
7.274101222206785e+03 2.381364946840518e-16 9.623619715403478e-18
7.275776338758218e+03 2.259458055636835e-16 9.513709442914464e-18
7.277451841063909e+03 2.104352301972626e-16 8.994287522306933e-18
7.279127729212683e+03 2.215006481501760e-16 8.906670755496988e-18
7.280804003293387e+03 2.349688544802325e-16 9.850378765284228e-18
7.282480663394902e+03 3.101393384406184e-16 1.169366242481569e-17
7.284157709606131e+03 3.297272302783038e-16 1.189365503559992e-17
7.285835142015982e+03 2.460605513756787e-16 1.020588851182630e-17
7.287512960713383e+03 2.229350786571483e-16 9.679915546688306e-18
7.289191165787306e+03 2.162047704091119e-16 9.205159591807895e-18
7.290869757326711e+03 2.209846256456472e-16 9.326806116036118e-18
7.292548735420611e+03 2.245940510834730e-16 1.055622121398025e-17
7.294228100158009e+03 2.708993287090253e-16 1.304147220380548e-17
7.295907851627957e+03 2.333996747527803e-16 1.377427136234579e-17
7.297587989919502e+03 2.276429682499556e-16 1.245123967067644e-17
7.299268515121734e+03 2.268010281497704e-16 9.933217359352795e-18
7.300949427323740e+03 2.257289206894706e-16 9.347205005495095e-18
7.302630726614655e+03 2.323545714507688e-16 9.332675837431080e-18
7.304312413083605e+03 2.238085308495476e-16 9.453606145488531e-18
7.305994486819766e+03 2.096334486489685e-16 1.008149436392907e-17
7.307676947912306e+03 2.153789067672281e-16 1.118852977081748e-17
7.309359796450440e+03 2.039530977652474e-16 1.071404196665415e-17
7.311043032523385e+03 2.244268673282217e-16 1.003022640518119e-17
7.312726656220376e+03 2.301844146587279e-16 9.630144159356270e-18
7.314410667630686e+03 2.205698108911898e-16 9.417890220682284e-18
7.316095066843605e+03 2.225167609594178e-16 9.276043238073931e-18
7.317779853948432e+03 2.565957146962576e-16 1.091992000200259e-17
7.319465029034486e+03 4.519373728384556e-16 1.595913854605792e-17
7.321150592191127e+03 8.571451194218883e-16 2.258302211548411e-17
7.322836543507707e+03 8.568165506150676e-16 2.125041484758892e-17
7.324522883073628e+03 5.009029708974427e-16 1.416237841776891e-17
7.326209610978284e+03 2.725989382746428e-16 1.037829135731255e-17
7.327896727311118e+03 2.415803601148861e-16 1.017834472748761e-17
7.329584232161566e+03 3.832480635082196e-16 1.262985992597348e-17
7.331272125619109e+03 7.062125926898496e-16 1.737387061528839e-17
7.332960407773225e+03 7.781046033569521e-16 1.874316031898678e-17
7.334649078713440e+03 4.476616180489234e-16 1.328421560237388e-17
7.336338138529269e+03 2.723508632349117e-16 1.112640068864746e-17
7.338027587310281e+03 1.981908520200800e-16 1.097051463365802e-17
7.339717425146034e+03 2.062476320959612e-16 1.103886719254023e-17
7.341407652126135e+03 2.182408983644594e-16 9.600004698850778e-18
7.343098268340192e+03 2.109404577662296e-16 9.139979485899338e-18
7.344789273877830e+03 2.236656776515871e-16 9.412435401518792e-18
7.346480668828715e+03 2.035353753554579e-16 1.079835828483304e-17
7.348172453282528e+03 2.455786673261453e-16 1.345511648615578e-17
7.349864627328961e+03 2.032547061522828e-16 1.210374972228087e-17
7.351557191057719e+03 2.175597197972782e-16 1.002819420632125e-17
7.353250144558560e+03 2.110267237734672e-16 9.200981135824269e-18
7.354943487921226e+03 2.235754111217511e-16 9.231494328172588e-18
7.356637221235510e+03 2.121044135994316e-16 9.104120883828434e-18
7.358331344591198e+03 2.242879912187533e-16 9.409156842863829e-18
7.360025858078127e+03 2.189252118757593e-16 9.256711963902037e-18
7.361720761786121e+03 2.126243387654418e-16 8.892832904212264e-18
7.363416055805058e+03 2.122977725785225e-16 8.832591188903728e-18
7.365111740224807e+03 2.060602714634727e-16 9.032809773522940e-18
7.366807815135285e+03 2.202066426651711e-16 9.421421730921825e-18
7.368504280626401e+03 2.150099588062698e-16 9.681846474855347e-18
7.370201136788116e+03 2.272640881073242e-16 1.049394623529874e-17
7.371898383710380e+03 2.145767588144512e-16 1.073006280725116e-17
7.373596021483195e+03 2.068399726473253e-16 9.835362013467444e-18
7.375294050196550e+03 2.164500796298057e-16 9.053503936161946e-18
7.376992469940493e+03 2.220241445850696e-16 9.046964247671254e-18
7.378691280805053e+03 2.453960268070491e-16 1.027823108238337e-17
7.380390482880316e+03 2.260390866790489e-16 1.154052451140065e-17
7.382090076256364e+03 2.354161765373262e-16 1.122612006452544e-17
7.383790061023302e+03 2.255930827341874e-16 9.621506684048264e-18
7.385490437271274e+03 2.137033463628121e-16 8.974236156408976e-18
7.387191205090417e+03 2.128578550045507e-16 8.982896641997953e-18
7.388892364570921e+03 2.202966389478934e-16 8.977008240705533e-18
7.390593915802965e+03 2.239887826886840e-16 9.026948971420717e-18
7.392295858876776e+03 2.118995466471275e-16 8.987851351327958e-18
7.393998193882577e+03 2.040462966981915e-16 8.940371306892563e-18
7.395700920910636e+03 2.114161625603850e-16 8.979656734755908e-18
7.397404040051219e+03 2.129423264802891e-16 8.863090515696618e-18
7.399107551394634e+03 1.957707526495080e-16 8.438392441190337e-18
7.400811455031188e+03 2.139891326062375e-16 8.900344981483043e-18
7.402515751051234e+03 1.986984786760182e-16 8.681871544351744e-18
7.404220439545116e+03 2.125053871532397e-16 8.732809195045594e-18
7.405925520603231e+03 2.117789608563757e-16 8.862814830892338e-18
7.407630994315965e+03 2.209361492737701e-16 9.381846546281340e-18
7.409336860773758e+03 2.194236233224221e-16 9.488436190950955e-18
7.411043120067035e+03 2.052719223576864e-16 8.867839349266654e-18
7.412749772286276e+03 2.157273948470974e-16 8.837371541065151e-18
7.414456817521958e+03 2.126403490777048e-16 8.854421682934349e-18
7.416164255864582e+03 2.089612110295246e-16 9.544521844160245e-18
7.417872087404679e+03 1.945470407883032e-16 9.927463070110896e-18
7.419580312232806e+03 2.228690847600650e-16 9.693579514601953e-18
7.421288930439524e+03 2.127079168739580e-16 9.052629906717691e-18
7.422997942115413e+03 2.120531747519597e-16 9.055320252366857e-18
7.424707347351098e+03 2.234155681307493e-16 9.067107227401958e-18
7.426417146237196e+03 2.172075506881618e-16 8.938184370513903e-18
7.428127338864375e+03 2.291787366041689e-16 9.121445182412559e-18
7.429837925323290e+03 2.148146516906774e-16 9.004722454380565e-18
7.431548905704652e+03 2.083132100256532e-16 8.929374748347947e-18
7.433260280099158e+03 2.100810666124486e-16 8.830833937532544e-18
7.434972048597559e+03 2.066044718018085e-16 8.723894832597063e-18
7.436684211290599e+03 2.255810816074116e-16 8.977725641268042e-18
7.438396768269066e+03 2.064864919153576e-16 8.761707318398422e-18
7.440109719623746e+03 2.078774237366684e-16 8.866667051415322e-18
7.441823065445471e+03 2.185351530678267e-16 9.166613319571767e-18
7.443536805825068e+03 2.289834257142065e-16 9.592679004455148e-18
7.445250940853411e+03 2.268698624841792e-16 9.479057950785328e-18
7.446965470621375e+03 2.149831315095845e-16 9.143910456288584e-18
7.448680395219853e+03 2.160725811197719e-16 9.244326433687991e-18
7.450395714739780e+03 2.180097582124448e-16 9.673119910797841e-18
7.452111429272105e+03 2.050154890142492e-16 9.913930148304693e-18
7.453827538907786e+03 2.236493814070686e-16 9.926287051570311e-18
7.455544043737805e+03 2.234756096557566e-16 9.817431125573443e-18
7.457260943853180e+03 2.165589474767198e-16 9.899767907212709e-18
7.458978239344927e+03 2.079145524425076e-16 9.660796754903396e-18
7.460695930304109e+03 2.049998270740631e-16 9.404933892330415e-18
7.462414016821783e+03 2.186690168344869e-16 9.604354337179098e-18
7.464132498989053e+03 2.119873386677288e-16 9.322904292311963e-18
7.465851376897017e+03 2.130139305782300e-16 8.942443960600091e-18
7.467570650636824e+03 2.247196229459673e-16 9.254548867966150e-18
7.469290320299613e+03 2.318370169588583e-16 9.444023084984994e-18
7.471010385976572e+03 2.306937370382245e-16 9.355571520476229e-18
7.472730847758885e+03 2.217439663212655e-16 9.059766349663881e-18
7.474451705737783e+03 2.187274747333954e-16 8.731767922499080e-18
7.476172960004488e+03 2.086229899818875e-16 8.548969538267726e-18
7.477894610650275e+03 2.107700353763278e-16 8.700009429407495e-18
7.479616657766418e+03 2.230578556511286e-16 8.923860412944610e-18
7.481339101444209e+03 2.170632235259357e-16 8.689102951139745e-18
7.483061941774978e+03 1.922437693528581e-16 8.256785289598538e-18
7.484785178850077e+03 1.999888482930876e-16 8.284771025032950e-18
7.486508812760860e+03 2.193433065161645e-16 8.594244794455108e-18
7.488232843598707e+03 2.206664980339111e-16 8.713517318139956e-18
7.489957271455040e+03 2.118212116843909e-16 8.608402753558169e-18
7.491682096421269e+03 2.129042842497253e-16 8.707735105560361e-18
7.493407318588860e+03 2.021365286317073e-16 8.751158241490982e-18
7.495132938049265e+03 1.968311753864666e-16 8.879670317646217e-18
7.496858954893993e+03 2.070843342647558e-16 9.234670423845167e-18
7.498585369214536e+03 2.032733830950642e-16 8.951568579294231e-18
7.500312181102445e+03 2.136725830156847e-16 9.312728521228164e-18
7.502039390649259e+03 2.161518371663141e-16 1.030516687138720e-17
7.503766997946566e+03 2.213721741714446e-16 1.045492637122477e-17
7.505495003085948e+03 2.105300330238434e-16 9.318144788968987e-18
7.507223406159037e+03 2.094322173325568e-16 9.135980171088263e-18
7.508952207257457e+03 2.269829037000428e-16 9.642850968983889e-18
7.510681406472881e+03 2.229791389868202e-16 9.301786378404438e-18
7.512411003896975e+03 2.091728417927286e-16 8.785608597960519e-18
7.514140999621455e+03 1.998169065075371e-16 8.534644404434897e-18
7.515871393738029e+03 2.120618998132651e-16 8.864777803437964e-18
7.517602186338456e+03 2.152159263260435e-16 9.112770438483053e-18
7.519333377514492e+03 2.052203571525959e-16 8.838395795108933e-18
7.521064967357917e+03 2.099183693874196e-16 8.845236204377344e-18
7.522796955960545e+03 2.187751600124682e-16 8.936028348820638e-18
7.524529343414213e+03 2.088869054195524e-16 8.939509733436040e-18
7.526262129810762e+03 2.100186266239184e-16 9.025724480947435e-18
7.527995315242054e+03 1.940825290665154e-16 8.993221851240177e-18
7.529728899799996e+03 2.082143405866100e-16 9.049023911916556e-18
7.531462883576487e+03 2.173381928539620e-16 9.064398607256227e-18
7.533197266663477e+03 2.013574895981509e-16 8.760584839454186e-18
7.534932049152903e+03 2.001224628961889e-16 9.031548246069434e-18
7.536667231136758e+03 2.170572235747816e-16 9.476851057472677e-18
7.538402812707026e+03 2.184470778146692e-16 9.183673765730073e-18
7.540138793955740e+03 2.066974916612128e-16 8.937519785638378e-18
7.541875174974923e+03 2.144580986076604e-16 9.404722948334255e-18
7.543611955856653e+03 2.119393452524330e-16 9.309634656730231e-18
7.545349136692998e+03 2.008214777923830e-16 8.938937308819623e-18
7.547086717576075e+03 2.155288354993483e-16 9.449669758877434e-18
7.548824698597994e+03 2.023074259815396e-16 1.009951888133971e-17
7.550563079850917e+03 1.985620593765267e-16 1.023388517416397e-17
7.552301861427003e+03 2.330251154339078e-16 1.038006399285765e-17
7.554041043418432e+03 2.231982478789277e-16 9.729323052762454e-18
7.555780625917422e+03 2.100573488393397e-16 9.229653228191240e-18
7.557520609016213e+03 2.087294427166065e-16 8.931942952161772e-18
7.559260992807048e+03 1.911590088963758e-16 8.557487783596532e-18
7.561001777382191e+03 2.042156905513080e-16 9.132752324778603e-18
7.562742962833956e+03 2.169986532659332e-16 1.003014683821635e-17
7.564484549254640e+03 2.344434896158215e-16 9.956664187759423e-18
7.566226536736597e+03 2.074376412192120e-16 9.459879153990717e-18
7.567968925372171e+03 2.010379442610830e-16 9.153921131706228e-18
7.569711715253755e+03 2.136351423577664e-16 9.512078810743523e-18
7.571454906473735e+03 2.132210770066874e-16 1.031580038546226e-17
7.573198499124550e+03 2.224529937298609e-16 1.164434539084822e-17
7.574942493298627e+03 2.138060342886686e-16 1.376911409232248e-17
7.576686889088446e+03 1.763388809353870e-16 1.558741796921955e-17
7.578431686586478e+03 1.972937581024838e-16 1.826361325087103e-17
7.580176885885247e+03 2.111938870399261e-16 2.023918382144401e-17
7.581922487077264e+03 2.418888245689848e-16 2.141709238808271e-17
7.583668490255095e+03 2.287514900926114e-16 2.173445845491672e-17
7.585414895511306e+03 2.179893186476383e-16 2.048000949744555e-17
7.587161702938479e+03 1.751894121065726e-16 1.834618863885009e-17
7.588908912629237e+03 2.023913666348077e-16 1.773337642336276e-17
7.590656524676223e+03 2.071582639271445e-16 1.711340918516166e-17
7.592404539172085e+03 2.084363183222625e-16 1.576567035109446e-17
7.594152956209494e+03 2.133800256467378e-16 1.327865507542106e-17
7.595901775881165e+03 1.971955913784073e-16 1.130002778314595e-17
7.597650998279802e+03 1.852821938192205e-16 1.091283007379365e-17
7.599400623498164e+03 2.028010255335367e-16 1.216496581434425e-17
7.601150651628997e+03 2.221118126503654e-16 1.374076602640598e-17
7.602901082765105e+03 2.111106908337590e-16 1.378714825723334e-17
7.604651916999273e+03 1.950310465899358e-16 1.390609900826330e-17
7.606403154424347e+03 2.377094673723634e-16 1.572018135611291e-17
7.608154795133162e+03 2.246456575705601e-16 1.558598606946190e-17
7.609906839218601e+03 2.310768862350919e-16 1.497407314491508e-17
7.611659286773541e+03 2.113442240891886e-16 1.342379852659388e-17
7.613412137890909e+03 2.220855502580870e-16 1.319646425783585e-17
7.615165392663627e+03 2.072041003076726e-16 1.269749712353770e-17
7.616919051184665e+03 1.918640885913975e-16 1.177739957284086e-17
7.618673113546984e+03 1.981322493485957e-16 1.269211038441513e-17
7.620427579843597e+03 1.951803096276524e-16 1.188972654381948e-17
7.622182450167511e+03 1.884084413265511e-16 1.163851366318203e-17
7.623937724611781e+03 2.099790874250166e-16 1.269861098145089e-17
7.625693403269463e+03 2.048255168645911e-16 1.175508597734278e-17
7.627449486233634e+03 1.960910636317788e-16 1.148493457411110e-17
7.629205973597415e+03 2.015262103019568e-16 1.123661494339973e-17
7.630962865453917e+03 2.042629549120201e-16 1.095142046073059e-17
7.632720161896305e+03 1.969506503446689e-16 1.100362506658863e-17
7.634477863017732e+03 2.040502455913394e-16 1.072290266592714e-17
7.636235968911407e+03 2.035145323113353e-16 1.035161250455810e-17
7.637994479670528e+03 2.020030507464478e-16 1.094039140948604e-17
7.639753395388341e+03 2.199213948703619e-16 1.172208905357238e-17
7.641512716158090e+03 2.034575874070558e-16 1.116079757511732e-17
7.643272442073066e+03 2.099409701051771e-16 1.112554251702371e-17
7.645032573226555e+03 1.997547467947727e-16 1.083799639625154e-17
7.646793109711890e+03 1.987391642929484e-16 1.031164134749075e-17
7.648554051622399e+03 1.987615503577376e-16 1.026488853786933e-17
7.650315399051459e+03 2.080975086970939e-16 1.042868656487681e-17
7.652077152092441e+03 2.089933447338385e-16 1.029306950721822e-17
7.653839310838767e+03 2.145882430795747e-16 1.031075507281281e-17
7.655601875383849e+03 1.961467498400260e-16 1.002781472435468e-17
7.657364845821151e+03 1.940248722984113e-16 9.862870417680138e-18
7.659128222244139e+03 2.060448549143527e-16 1.013383429288523e-17
7.660892004746293e+03 2.064420078331045e-16 1.032977035613324e-17
7.662656193421138e+03 2.047136072865841e-16 1.064892176988142e-17
7.664420788362217e+03 2.192192574401095e-16 1.107943586854224e-17
7.666185789663077e+03 2.105655546510157e-16 1.106217040726072e-17
7.667951197417293e+03 2.087213072334801e-16 1.061755265122237e-17
7.669717011718477e+03 1.940252488760236e-16 1.017160859435112e-17
7.671483232660236e+03 1.911716327251763e-16 1.029721366452086e-17
7.673249860336230e+03 1.993884900339476e-16 1.037319288566533e-17
7.675016894840107e+03 1.996305328407915e-16 1.048767269819835e-17
7.676784336265569e+03 2.149361454746540e-16 1.085831354109535e-17
7.678552184706310e+03 1.898423405826910e-16 1.088610493057036e-17
7.680320440256072e+03 2.046629835919643e-16 1.111861283666491e-17
7.682089103008593e+03 2.089290639700135e-16 1.047474448239612e-17
7.683858173057661e+03 1.860371213797517e-16 9.778050940300240e-18
7.685627650497054e+03 1.982640190314925e-16 1.019922309875296e-17
7.687397535420603e+03 2.135576129778345e-16 1.131551907691606e-17
7.689167827922131e+03 1.963570384284962e-16 1.354973488054432e-17
7.690938528095513e+03 1.822338197308961e-16 1.612628249467477e-17
7.692709636034621e+03 1.757879210878625e-16 1.589896501002120e-17
7.694481151833350e+03 1.684814534359498e-16 1.668385940505883e-17
7.696253075585632e+03 2.084701506431306e-16 1.602198847951058e-17
7.698025407385419e+03 2.023441414276336e-16 1.268504210667537e-17
7.699798147326673e+03 2.056287384084825e-16 1.125059202067593e-17
7.701571295503371e+03 2.029862055984603e-16 1.193182292080529e-17
7.703344852009544e+03 1.772751072483747e-16 1.234413423560722e-17
7.705118816939205e+03 2.144651271822756e-16 1.250834327541686e-17
7.706893190386425e+03 2.193895986771997e-16 1.170205728945557e-17
7.708667972445263e+03 1.970954129935168e-16 1.079661186717636e-17
7.710443163209832e+03 2.005236660518308e-16 1.077587318733942e-17
7.712218762774236e+03 1.943527342566479e-16 1.101576700839449e-17
7.713994771232630e+03 1.957951476072443e-16 1.101005855307401e-17
7.715771188679161e+03 2.045355405716171e-16 1.090632456355123e-17
7.717548015208029e+03 2.071941752958603e-16 1.072962100533786e-17
7.719325250913424e+03 1.976186269862082e-16 1.059809569229638e-17
7.721102895889587e+03 1.777563360192299e-16 1.029260801858444e-17
7.722880950230753e+03 2.021265765425602e-16 1.082841889843881e-17
7.724659414031207e+03 1.909535422285784e-16 1.155374488465938e-17
7.726438287385236e+03 2.199831530787720e-16 1.429347426567957e-17
7.728217570387143e+03 1.861277005195377e-16 1.732185674500411e-17
7.729997263131273e+03 1.912059329294098e-16 1.758275781209190e-17
7.731777365711993e+03 2.082155167691048e-16 1.262512536941014e-17
7.733557878223672e+03 2.081021442425344e-16 0.000000000000000e+00
7.735338800760705e+03 2.079898346131223e-16 0.000000000000000e+00
7.737120133417528e+03 2.078764782299280e-16 0.000000000000000e+00
7.738901876288571e+03 2.077642135803205e-16 0.000000000000000e+00
7.740684029468317e+03 2.076508444744701e-16 0.000000000000000e+00
7.742466593051236e+03 2.075385959365579e-16 0.000000000000000e+00
7.744249567131856e+03 2.074252430377495e-16 0.000000000000000e+00
7.746032951804691e+03 2.073130106423169e-16 0.000000000000000e+00
7.747816747164310e+03 2.071996884271358e-16 0.000000000000000e+00
7.749600953305273e+03 2.070874577591225e-16 0.000000000000000e+00
7.751385570322192e+03 2.069741518114478e-16 0.000000000000000e+00
7.753170598309671e+03 2.068619517927209e-16 0.000000000000000e+00
7.754956037362364e+03 2.067486476990037e-16 0.000000000000000e+00
7.756741887574919e+03 2.066353662296329e-16 0.000000000000000e+00
7.758528149042035e+03 2.065231761512132e-16 0.000000000000000e+00
7.760314821858402e+03 2.064099254682834e-16 0.000000000000000e+00
7.762101906118764e+03 2.062977372294372e-16 0.000000000000000e+00
7.763889401917854e+03 2.061845029203758e-16 0.000000000000000e+00
7.765677309350461e+03 2.060723598762551e-16 0.000000000000000e+00
7.767465628511365e+03 2.059591130904225e-16 0.000000000000000e+00
7.769254359495379e+03 2.058469863883128e-16 0.000000000000000e+00
7.771043502397344e+03 2.057337560396550e-16 0.000000000000000e+00
7.772833057312127e+03 2.056216457101585e-16 0.000000000000000e+00
7.774623024334602e+03 2.055084462672918e-16 0.000000000000000e+00
7.776413403559661e+03 2.053963379029411e-16 0.000000000000000e+00
7.778204195082246e+03 2.052831549573330e-16 0.000000000000000e+00
7.779995398997285e+03 2.051710774642396e-16 0.000000000000000e+00
7.781787015399763e+03 2.050578966099200e-16 0.000000000000000e+00
7.783579044384654e+03 2.049458355810771e-16 0.000000000000000e+00
7.785371486046985e+03 2.048326712860561e-16 0.000000000000000e+00
7.787164340481773e+03 2.047206267519500e-16 0.000000000000000e+00
7.788957607784091e+03 2.046075079144758e-16 0.000000000000000e+00
7.790751288048999e+03 2.044954510377696e-16 0.000000000000000e+00
7.792545381371611e+03 2.043823488184017e-16 0.000000000000000e+00
7.794339887847034e+03 2.042703229317259e-16 0.000000000000000e+00
7.796134807570426e+03 2.041572229285136e-16 0.000000000000000e+00
7.797930140636936e+03 2.040452136288808e-16 0.000000000000000e+00
7.799725887141766e+03 2.039321303055606e-16 0.000000000000000e+00
7.801522047180118e+03 2.038201376233282e-16 0.000000000000000e+00
7.803318620847213e+03 2.037070854399780e-16 0.000000000000000e+00
7.805115608238313e+03 2.035950949757156e-16 0.000000000000000e+00
7.806913009448699e+03 2.034820595318354e-16 0.000000000000000e+00
7.808710824573662e+03 2.033701146030228e-16 0.000000000000000e+00
7.810509053708508e+03 2.032570670724635e-16 0.000000000000000e+00
7.812307696948597e+03 2.031451388508809e-16 0.000000000000000e+00
7.814106754389274e+03 2.030321081223314e-16 0.000000000000000e+00
7.815906226125940e+03 2.029201966381950e-16 0.000000000000000e+00
7.817706112253984e+03 2.028071971674493e-16 0.000000000000000e+00
7.819506412868849e+03 2.026952880253227e-16 0.000000000000000e+00
7.821307128065971e+03 2.025823054158725e-16 0.000000000000000e+00
7.823108257940839e+03 2.024704274966094e-16 0.000000000000000e+00
7.824909802588929e+03 2.023574473544928e-16 0.000000000000000e+00
7.826711762105773e+03 2.022455862630966e-16 0.000000000000000e+00
7.828514136586895e+03 2.021326230434736e-16 0.000000000000000e+00
7.830316926127870e+03 2.020207788100060e-16 0.000000000000000e+00
7.832120130824263e+03 2.019078325428980e-16 0.000000000000000e+00
7.833923750771696e+03 2.017960051973802e-16 0.000000000000000e+00
7.835727786065786e+03 2.016831047536614e-16 0.000000000000000e+00
7.837532236802173e+03 2.015712943250401e-16 0.000000000000000e+00
7.839337103076536e+03 2.014583820518272e-16 0.000000000000000e+00
7.841142384984573e+03 2.013465885710730e-16 0.000000000000000e+00
7.842948082621993e+03 2.012336933401879e-16 0.000000000000000e+00
7.844754196084523e+03 2.011219024193296e-16 0.000000000000000e+00
7.846560725467938e+03 2.010090386784893e-16 0.000000000000000e+00
7.848367670868000e+03 2.008972647662753e-16 0.000000000000000e+00
7.850175032380530e+03 2.007844325427060e-16 0.000000000000000e+00
7.851982810101335e+03 2.006726900842283e-16 0.000000000000000e+00
7.853791004126279e+03 2.005598461587384e-16 0.000000000000000e+00
7.855599614551214e+03 2.004481207674399e-16 0.000000000000000e+00
7.857408641472045e+03 2.003352940034117e-16 0.000000000000000e+00
7.859218084984672e+03 2.002235857090071e-16 0.000000000000000e+00
7.861027945185042e+03 2.001107761361084e-16 0.000000000000000e+00
7.862838222169098e+03 1.999990849682654e-16 0.000000000000000e+00
7.864648916032836e+03 1.998863214405024e-16 0.000000000000000e+00
7.866460026872241e+03 1.997746330161326e-16 0.000000000000000e+00
7.868271554783350e+03 1.996618723249526e-16 0.000000000000000e+00
7.870083499862193e+03 1.995502010873662e-16 0.000000000000000e+00
7.871895862204855e+03 1.994374576750002e-16 0.000000000000000e+00
7.873708641907409e+03 1.993258036537190e-16 0.000000000000000e+00
7.875521839065983e+03 1.992130775496396e-16 0.000000000000000e+00
7.877335453776701e+03 1.991014407741351e-16 0.000000000000000e+00
7.879149486135714e+03 1.989898270213278e-16 0.000000000000000e+00
7.880963936239214e+03 1.988771125074573e-16 0.000000000000000e+00
7.882778804183386e+03 1.987655160435159e-16 0.000000000000000e+00
7.884594090064467e+03 1.986528477254839e-16 0.000000000000000e+00
7.886409793978689e+03 1.985412541727078e-16 0.000000000000000e+00
7.888225916022331e+03 1.984285888586734e-16 0.000000000000000e+00
7.890042456291669e+03 1.983170126544261e-16 0.000000000000000e+00
7.891859414883028e+03 1.982043647806709e-16 0.000000000000000e+00
7.893676791892726e+03 1.980928059541890e-16 0.000000000000000e+00
7.895494587417134e+03 1.979801755498963e-16 0.000000000000000e+00
7.897312801552615e+03 1.978686341303621e-16 0.000000000000000e+00
7.899131434395585e+03 1.977560356270772e-16 0.000000000000000e+00
7.900950486042448e+03 1.976445260450080e-16 0.000000000000000e+00
7.902769956589666e+03 1.975319162645509e-16 0.000000000000000e+00
7.904589846133686e+03 1.974204241466009e-16 0.000000000000000e+00
7.906410154771019e+03 1.973078319238488e-16 0.000000000000000e+00
7.908230882598155e+03 1.971963572990329e-16 0.000000000000000e+00
7.910052029711645e+03 1.970848770125527e-16 0.000000000000000e+00
7.911873596208036e+03 1.969723255602188e-16 0.000000000000000e+00
7.913695582183897e+03 1.968608628113204e-16 0.000000000000000e+00
7.915517987735837e+03 1.967483289879569e-16 0.000000000000000e+00
7.917340812960486e+03 1.966368838055097e-16 0.000000000000000e+00
7.919164057954479e+03 1.965243820367000e-16 0.000000000000000e+00
7.920987722814475e+03 1.964129688452614e-16 0.000000000000000e+00
7.922811807637180e+03 1.963004559694385e-16 0.000000000000000e+00
7.924636312519287e+03 1.961890604009864e-16 0.000000000000000e+00
7.926461237557549e+03 1.960765652414099e-16 0.000000000000000e+00
7.928286582848702e+03 1.959651873246335e-16 0.000000000000000e+00
7.930112348489542e+03 1.958527099099310e-16 0.000000000000000e+00
7.931938534576852e+03 1.957413496734579e-16 0.000000000000000e+00
7.933765141207471e+03 1.956299838754703e-16 0.000000000000000e+00
7.935592168478229e+03 1.955175618967527e-16 0.000000000000000e+00
7.937419616486008e+03 1.954061994307610e-16 0.000000000000000e+00
7.939247485327681e+03 1.952937952661722e-16 0.000000000000000e+00
7.941075775100176e+03 1.951824793350888e-16 0.000000000000000e+00
7.942904485900412e+03 1.950700642317788e-16 0.000000000000000e+00
7.944733617825360e+03 1.949587660807068e-16 0.000000000000000e+00
7.946563170971992e+03 1.948463688503183e-16 0.000000000000000e+00
7.948393145437300e+03 1.947350885075983e-16 0.000000000000000e+00
7.950223541318316e+03 1.946238026719187e-16 0.000000000000000e+00
7.952054358712095e+03 1.945114466723125e-16 0.000000000000000e+00
7.953885597715694e+03 1.944001786884021e-16 0.000000000000000e+00
7.955717258426197e+03 1.942878550178055e-16 0.000000000000000e+00
7.957549340940734e+03 1.941765905272979e-16 0.000000000000000e+00
7.959381845356422e+03 1.940642848262562e-16 0.000000000000000e+00
7.961214771770436e+03 1.939530670148378e-16 0.000000000000000e+00
7.963048120279938e+03 1.938407505413709e-16 0.000000000000000e+00
7.964881890982149e+03 1.937295506650201e-16 0.000000000000000e+00
7.966716083974276e+03 1.936183597470645e-16 0.000000000000000e+00
7.968550699353584e+03 1.935060703058417e-16 0.000000000000000e+00
7.970385737217323e+03 1.933948829824300e-16 0.000000000000000e+00
7.972221197662803e+03 1.932826259931001e-16 0.000000000000000e+00
7.974057080787323e+03 1.931714566755747e-16 0.000000000000000e+00
7.975893386688233e+03 1.930592321633821e-16 0.000000000000000e+00
7.977730115462879e+03 1.929480664986036e-16 0.000000000000000e+00
7.979567267208657e+03 1.928358601093186e-16 0.000000000000000e+00
7.981404842022954e+03 1.927247412657657e-16 0.000000000000000e+00
7.983242840003214e+03 1.926136314431861e-16 0.000000000000000e+00
7.985081261246868e+03 1.925014235127037e-16 0.000000000000000e+00
7.986920105851405e+03 1.923903317919588e-16 0.000000000000000e+00
7.988759373914311e+03 1.922781420554103e-16 0.000000000000000e+00
7.990599065533093e+03 1.921670684640379e-16 0.000000000000000e+00
7.992439180805305e+03 1.920548969488854e-16 0.000000000000000e+00
7.994279719828493e+03 1.919438415143487e-16 0.000000000000000e+00
7.996120682700257e+03 1.918327807736116e-16 0.000000000000000e+00
7.997962069518186e+03 1.917206509976657e-16 0.000000000000000e+00
7.999803880379924e+03 1.916096084558431e-16 0.000000000000000e+00
8.001646115383107e+03 1.914975113424258e-16 0.000000000000000e+00
8.003488774625424e+03 1.913865013995902e-16 0.000000000000000e+00
8.005331858204555e+03 1.912743938544548e-16 0.000000000000000e+00
8.007175366218235e+03 1.911634021639888e-16 0.000000000000000e+00
8.009019298764188e+03 1.910524052185758e-16 0.000000000000000e+00
8.010863655940193e+03 1.909403395519184e-16 0.000000000000000e+00
8.012708437844021e+03 1.908293609005477e-16 0.000000000000000e+00
8.014553644573497e+03 1.907173136174581e-16 0.000000000000000e+00
8.016399276226433e+03 1.906063532871298e-16 0.000000000000000e+00
8.018245332900703e+03 1.904943387837800e-16 0.000000000000000e+00
8.020091814694164e+03 1.903833824321625e-16 0.000000000000000e+00
8.021938721704731e+03 1.902724639831101e-16 0.000000000000000e+00
8.023786054030317e+03 1.901604771247930e-16 0.000000000000000e+00
8.025633811768859e+03 1.900495483274642e-16 0.000000000000000e+00
8.027481995018329e+03 1.899375799455803e-16 0.000000000000000e+00
8.029330603876727e+03 1.898266839304012e-16 0.000000000000000e+00
8.031179638442053e+03 1.897158114794358e-16 0.000000000000000e+00
8.033029098812335e+03 1.896038421117479e-16 0.000000000000000e+00
8.034878985085645e+03 1.894929881146274e-16 0.000000000000000e+00
8.036729297360045e+03 1.893810372918372e-16 0.000000000000000e+00
8.038580035733655e+03 1.892702017750736e-16 0.000000000000000e+00
8.040431200304581e+03 1.891582695236068e-16 0.000000000000000e+00
8.042282791170986e+03 1.890474525136278e-16 0.000000000000000e+00
8.044134808431026e+03 1.889366447475063e-16 0.000000000000000e+00
8.045987252182906e+03 1.888247403829738e-16 0.000000000000000e+00
8.047840122524826e+03 1.887139511631309e-16 0.000000000000000e+00
8.049693419555040e+03 1.886020797962899e-16 0.000000000000000e+00
8.051547143371790e+03 1.884913091484363e-16 0.000000000000000e+00
8.053401294073378e+03 1.883805190579267e-16 0.000000000000000e+00
8.055255871758090e+03 1.882686900343458e-16 0.000000000000000e+00
8.057110876524270e+03 1.881579472748167e-16 0.000000000000000e+00
8.058966308470262e+03 1.880461082341076e-16 0.000000000000000e+00
8.060822167694429e+03 1.879353841122398e-16 0.000000000000000e+00
8.062678454295177e+03 1.878246549424211e-16 0.000000000000000e+00
8.064535168370931e+03 1.877128583413266e-16 0.000000000000000e+00
8.066392310020125e+03 1.876021478490160e-16 0.000000000000000e+00
8.068249879341215e+03 1.874903700137131e-16 0.000000000000000e+00
8.070107876432703e+03 1.873796782246847e-16 0.000000000000000e+00
8.071966301393080e+03 1.872690101327358e-16 0.000000000000000e+00
8.073825154320897e+03 1.871572461207934e-16 0.000000000000000e+00
8.075684435314691e+03 1.870465967696269e-16 0.000000000000000e+00
8.077544144473055e+03 1.869348802947758e-16 0.000000000000000e+00
8.079404281894574e+03 1.868242353563137e-16 0.000000000000000e+00
8.081264847677885e+03 1.867135997922715e-16 0.000000000000000e+00
8.083125841921619e+03 1.866018972374563e-16 0.000000000000000e+00
8.084987264724459e+03 1.864912948300289e-16 0.000000000000000e+00
8.086849116185080e+03 1.863795968174050e-16 0.000000000000000e+00
8.088711396402211e+03 1.862690132397876e-16 0.000000000000000e+00
8.090574105474573e+03 1.861584390672714e-16 0.000000000000000e+00
8.092437243500940e+03 1.860467694241125e-16 0.000000000000000e+00
8.094300810580086e+03 1.859362141192188e-16 0.000000000000000e+00
8.096164806810808e+03 1.858245634332579e-16 0.000000000000000e+00
8.098029232291941e+03 1.857140270210683e-16 0.000000000000000e+00
8.099894087122343e+03 1.856034856982524e-16 0.000000000000000e+00
8.101759371400878e+03 1.854918778227884e-16 0.000000000000000e+00
8.103625085226434e+03 1.853813554311318e-16 0.000000000000000e+00
8.105491228697944e+03 1.852697809197752e-16 0.000000000000000e+00
8.107357801914336e+03 1.851592631384989e-16 0.000000000000000e+00
8.109224804974589e+03 1.850487835160456e-16 0.000000000000000e+00
8.111092237977669e+03 1.849372375580860e-16 0.000000000000000e+00
8.112960101022608e+03 1.848267769267314e-16 0.000000000000000e+00
8.114828394208417e+03 1.847162970952180e-16 0.000000000000000e+00
8.116697117634171e+03 1.846047797460332e-16 0.000000000000000e+00
8.118566271398930e+03 1.844943332876119e-16 0.000000000000000e+00
8.120435855601810e+03 1.843828063705552e-16 0.000000000000000e+00
8.122305870341918e+03 1.842723933081806e-16 0.000000000000000e+00
8.124176315718420e+03 1.841619897625031e-16 0.000000000000000e+00
8.126047191830464e+03 1.840504915487445e-16 0.000000000000000e+00
8.127918498777261e+03 1.839401070929845e-16 0.000000000000000e+00
8.129790236658010e+03 1.838297321721357e-16 0.000000000000000e+00
8.131662405571963e+03 1.837182627161509e-16 0.000000000000000e+00
8.133535005618367e+03 1.836079069214924e-16 0.000000000000000e+00
8.135408036896518e+03 1.834964566801895e-16 0.000000000000000e+00
8.137281499505717e+03 1.833861056986048e-16 0.000000000000000e+00
8.139155393545283e+03 1.832757786196876e-16 0.000000000000000e+00
8.141029719114586e+03 1.831643858990080e-16 0.000000000000000e+00
8.142904476312982e+03 1.830540493338751e-16 0.000000000000000e+00
8.144779665239888e+03 1.829437510240001e-16 0.000000000000000e+00
8.146655285994706e+03 1.828323872016870e-16 0.000000000000000e+00
8.148531338676898e+03 1.827220794442247e-16 0.000000000000000e+00
8.150407823385911e+03 1.826107349297676e-16 0.000000000000000e+00
8.152284740221255e+03 1.825004607528956e-16 0.000000000000000e+00
8.154162089282420e+03 1.823901818568070e-16 0.000000000000000e+00
8.156039870668964e+03 1.822788663296691e-16 0.000000000000000e+00
8.157918084480423e+03 1.821686353796651e-16 0.000000000000000e+00
8.159796730816399e+03 1.820584140597545e-16 0.000000000000000e+00
8.161675809776477e+03 1.819470989096014e-16 0.000000000000000e+00
8.163555321460300e+03 1.818368969053883e-16 0.000000000000000e+00
8.165435265967502e+03 1.817256011585374e-16 0.000000000000000e+00
8.167315643397773e+03 1.816154184932263e-16 0.000000000000000e+00
8.169196453850790e+03 1.815052311583029e-16 0.000000000000000e+00
8.171077697426290e+03 1.813939788694557e-16 0.000000000000000e+00
8.172959374224006e+03 1.812838109090389e-16 0.000000000000000e+00
8.174841484343695e+03 1.811736669533025e-16 0.000000000000000e+00
8.176724027885151e+03 1.810624295170676e-16 0.000000000000000e+00
8.178607004948196e+03 1.809523049692267e-16 0.000000000000000e+00
8.180490415632651e+03 1.808421901149503e-16 0.000000000000000e+00
8.182374260038368e+03 1.807309819108518e-16 0.000000000000000e+00
8.184258538265241e+03 1.806208864985976e-16 0.000000000000000e+00
8.186143250413156e+03 1.805107864726023e-16 0.000000000000000e+00
8.188028396582057e+03 1.803996361996955e-16 0.000000000000000e+00
8.189913976871872e+03 1.802895413267411e-16 0.000000000000000e+00
8.191799991382592e+03 1.801784106145568e-16 0.000000000000000e+00
8.193686440214196e+03 1.800683638866340e-16 0.000000000000000e+00
8.195573323466717e+03 1.799582982536343e-16 0.000000000000000e+00
8.197460641240177e+03 1.798471969054830e-16 0.000000000000000e+00
8.199348393634660e+03 1.797371651271302e-16 0.000000000000000e+00
8.201236580750232e+03 1.796271574255342e-16 0.000000000000000e+00
8.203125202687024e+03 1.795160568509598e-16 0.000000000000000e+00
8.205014259545147e+03 1.794060687143525e-16 0.000000000000000e+00
8.206903751424778e+03 1.792960903496733e-16 0.000000000000000e+00
8.208793678426087e+03 1.791850192414269e-16 0.000000000000000e+00
8.210684040649265e+03 1.790750604746786e-16 0.000000000000000e+00
8.212574838194545e+03 1.789650971788113e-16 0.000000000000000e+00
8.214466071162189e+03 1.788540699034648e-16 0.000000000000000e+00
8.216357739652454e+03 1.787441262391857e-16 0.000000000000000e+00
8.218249843765629e+03 1.786342066965563e-16 0.000000000000000e+00
8.220142383602048e+03 1.785231946683416e-16 0.000000000000000e+00
8.222035359262034e+03 1.784132947887440e-16 0.000000000000000e+00
8.223928770845967e+03 1.783034047299752e-16 0.000000000000000e+00
8.225822618454218e+03 1.781924223141866e-16 0.000000000000000e+00
8.227716902187214e+03 1.780825519506045e-16 0.000000000000000e+00
8.229611622145370e+03 1.779726771107926e-16 0.000000000000000e+00
8.231506778429159e+03 1.778617386684297e-16 0.000000000000000e+00
8.233402371139045e+03 1.777518835566644e-16 0.000000000000000e+00
8.235298400375545e+03 1.776420526102768e-16 0.000000000000000e+00
8.237194866239168e+03 1.775311295631354e-16 0.000000000000000e+00
8.239091768830483e+03 1.774213183754419e-16 0.000000000000000e+00
8.240989108250040e+03 1.773115170562851e-16 0.000000000000000e+00
8.242886884598453e+03 1.772006237640695e-16 0.000000000000000e+00
8.244785097976326e+03 1.770908422349551e-16 0.000000000000000e+00
8.246683748484313e+03 1.769810562812792e-16 0.000000000000000e+00
8.248582836223062e+03 1.768702214076523e-16 0.000000000000000e+00
8.250482361293281e+03 1.767604409678145e-16 0.000000000000000e+00
8.252382323795671e+03 1.766506990441354e-16 0.000000000000000e+00
8.254282723830955e+03 1.765398940154911e-16 0.000000000000000e+00
8.256183561499909e+03 1.764301433301350e-16 0.000000000000000e+00
8.258084836903297e+03 1.763204311733955e-16 0.000000000000000e+00
8.259986550141941e+03 1.762096417302452e-16 0.000000000000000e+00
8.261888701316650e+03 1.760999494554629e-16 0.000000000000000e+00
8.263791290528286e+03 1.759902385021521e-16 0.000000000000000e+00
8.265694317877713e+03 1.758794933011170e-16 0.000000000000000e+00
8.267597783465841e+03 1.757698308692587e-16 0.000000000000000e+00
8.269501687393573e+03 1.756601497768396e-16 0.000000000000000e+00
8.271406029761869e+03 1.755494345571069e-16 0.000000000000000e+00
8.273310810671677e+03 1.754397877112335e-16 0.000000000000000e+00
8.275216030224006e+03 1.753301651280776e-16 0.000000000000000e+00
8.277121688519852e+03 1.752194513317239e-16 0.000000000000000e+00
8.279027785660266e+03 1.751098487208879e-16 0.000000000000000e+00
8.280934321746290e+03 1.750002560851053e-16 0.000000000000000e+00
8.282841296879027e+03 1.748895723616907e-16 0.000000000000000e+00
8.284748711159560e+03 1.747799997276192e-16 0.000000000000000e+00
8.286656564689043e+03 1.746704227846323e-16 0.000000000000000e+00
8.288564857568614e+03 1.745597834765058e-16 0.000000000000000e+00
8.290473589899442e+03 1.744502265652902e-16 0.000000000000000e+00
8.292382761782736e+03 1.743406939564300e-16 0.000000000000000e+00
8.294292373319722e+03 1.742300705101207e-16 0.000000000000000e+00
8.296202424611643e+03 1.741205579608869e-16 0.000000000000000e+00
8.298112915759757e+03 1.740110554302289e-16 0.000000000000000e+00
8.300023846865373e+03 1.739015486276335e-16 0.000000000000000e+00
8.301935218029788e+03 1.737909797442226e-16 0.000000000000000e+00
8.303847029354363e+03 1.736814930401825e-16 0.000000000000000e+00
8.305759280940440e+03 1.735720306684450e-16 0.000000000000000e+00
8.307671972889420e+03 1.734614777495212e-16 0.000000000000000e+00
8.309585105302696e+03 1.733520355035126e-16 0.000000000000000e+00
8.311498678281721e+03 1.732426033090284e-16 0.000000000000000e+00
8.313412691927930e+03 1.731320806912097e-16 0.000000000000000e+00
8.315327146342821e+03 1.730226686502850e-16 0.000000000000000e+00
8.317242041627875e+03 1.729132523837639e-16 0.000000000000000e+00
8.319157377884640e+03 1.728027743994131e-16 0.000000000000000e+00
8.321073155214646e+03 1.726933783149323e-16 0.000000000000000e+00
8.322989373719482e+03 1.725840066000842e-16 0.000000000000000e+00
8.324906033500740e+03 1.724746449688990e-16 0.000000000000000e+00
8.326823134660022e+03 1.723641932020848e-16 0.000000000000000e+00
8.328740677298987e+03 1.722548517882440e-16 0.000000000000000e+00
8.330658661519306e+03 1.721455061839112e-16 0.000000000000000e+00
8.332577087422664e+03 1.720351134292412e-16 0.000000000000000e+00
8.334495955110759e+03 1.719257737828218e-16 0.000000000000000e+00
8.336415264685351e+03 1.718164728213565e-16 0.000000000000000e+00
8.338335016248178e+03 1.717060962551884e-16 0.000000000000000e+00
8.340255209901041e+03 1.715968012786273e-16 0.000000000000000e+00
8.342175845745734e+03 1.714875307116161e-16 0.000000000000000e+00
8.344096923884097e+03 1.713782702727473e-16 0.000000000000000e+00
8.346018444417974e+03 1.712679343899657e-16 0.000000000000000e+00
8.347940407449256e+03 1.711586656893510e-16 0.000000000000000e+00
8.349862813079822e+03 1.710494356976877e-16 0.000000000000000e+00
8.351785661411623e+03 1.709391303822981e-16 0.000000000000000e+00
8.353708952546580e+03 1.708299064395273e-16 0.000000000000000e+00
8.355632686586685e+03 1.707207069332499e-16 0.000000000000000e+00
8.357556863633916e+03 1.706115175852335e-16 0.000000000000000e+00
8.359481483790305e+03 1.705012530732080e-16 0.000000000000000e+00
8.361406547157887e+03 1.703920698098870e-16 0.000000000000000e+00
8.363332053838720e+03 1.702828967184086e-16 0.000000000000000e+00
8.365258003934898e+03 1.701726628624385e-16 0.000000000000000e+00
8.367184397548543e+03 1.700635101622692e-16 0.000000000000000e+00
8.369111234781780e+03 1.699543819246987e-16 0.000000000000000e+00
8.371038515736762e+03 1.698441787615149e-16 0.000000000000000e+00
8.372966240515687e+03 1.697350566612615e-16 0.000000000000000e+00
8.374894409220746e+03 1.696259590345322e-16 0.000000000000000e+00
8.376823021954182e+03 1.695168573311992e-16 0.000000000000000e+00
8.378752078818234e+03 1.694066951372728e-16 0.000000000000000e+00
8.380681579915194e+03 1.692976138825095e-16 0.000000000000000e+00
8.382611525347347e+03 1.691885571155999e-16 0.000000000000000e+00
8.384541915217029e+03 1.690795105646155e-16 0.000000000000000e+00
8.386472749626577e+03 1.689693751296003e-16 0.000000000000000e+00
8.388404028678377e+03 1.688603490581977e-16 0.000000000000000e+00
8.390335752474803e+03 1.687513189414716e-16 0.000000000000000e+00
8.392267921118291e+03 1.686412286061088e-16 0.000000000000000e+00
8.394200534711268e+03 1.685322189934613e-16 0.000000000000000e+00
8.396133593356215e+03 1.684232338930599e-16 0.000000000000000e+00
8.398067097155605e+03 1.683142590361042e-16 0.000000000000000e+00
8.400001046211964e+03 1.682041955724453e-16 0.000000000000000e+00
8.401935440627814e+03 1.680952412495727e-16 0.000000000000000e+00
8.403870280505733e+03 1.679862829117584e-16 0.000000000000000e+00
8.405805565948291e+03 1.678762646252877e-16 0.000000000000000e+00
8.407741297058090e+03 1.677673268452847e-16 0.000000000000000e+00
8.409677473937776e+03 1.676584136010458e-16 0.000000000000000e+00
8.411614096689987e+03 1.675495106268824e-16 0.000000000000000e+00
8.413551165417415e+03 1.674395193213175e-16 0.000000000000000e+00
8.415488680222750e+03 1.673306369339483e-16 0.000000000000000e+00
8.417426641208731e+03 1.672217505611083e-16 0.000000000000000e+00
8.419365048478086e+03 1.671128744740793e-16 0.000000000000000e+00
8.421303902133612e+03 1.670029387444844e-16 0.000000000000000e+00
8.423243202278081e+03 1.668940975397836e-16 0.000000000000000e+00
8.425182949014334e+03 1.667852666308850e-16 0.000000000000000e+00
8.427123142445194e+03 1.666764317570123e-16 0.000000000000000e+00
8.429063782673549e+03 1.665665373926180e-16 0.000000000000000e+00
8.431004869802271e+03 1.664577231644876e-16 0.000000000000000e+00
8.432946403934293e+03 1.663489192473691e-16 0.000000000000000e+00
8.434888385172531e+03 1.662401399073476e-16 0.000000000000000e+00
8.436830813619970e+03 1.661302869651621e-16 0.000000000000000e+00
8.438773689379574e+03 1.660215282976256e-16 0.000000000000000e+00
8.440717012554373e+03 1.659127656929961e-16 0.000000000000000e+00
8.442660783247389e+03 1.658029438622854e-16 0.000000000000000e+00
8.444605001561671e+03 1.656942019521879e-16 0.000000000000000e+00
8.446549667600308e+03 1.655854703773816e-16 0.000000000000000e+00
8.448494781466412e+03 1.654767634006271e-16 0.000000000000000e+00
8.450440343263104e+03 1.653669830881441e-16 0.000000000000000e+00
8.452386353093527e+03 1.652582968316079e-16 0.000000000000000e+00
8.454332811060871e+03 1.651496066649158e-16 0.000000000000000e+00
8.456279717268320e+03 1.650409268502970e-16 0.000000000000000e+00
8.458227071819116e+03 1.649311881092408e-16 0.000000000000000e+00
8.460174874816486e+03 1.648225290426416e-16 0.000000000000000e+00
8.462123126363718e+03 1.647138945941295e-16 0.000000000000000e+00
8.464071826564090e+03 1.646052705098604e-16 0.000000000000000e+00
8.466020975520938e+03 1.644955733917436e-16 0.000000000000000e+00
8.467970573337583e+03 1.643869558251291e-16 0.000000000000000e+00
8.469920620117411e+03 1.642783486332597e-16 0.000000000000000e+00
8.471871115963793e+03 1.641697660732299e-16 0.000000000000000e+00
8.473822060980163e+03 1.640600963757524e-16 0.000000000000000e+00
8.475773455269937e+03 1.639515346138577e-16 0.000000000000000e+00
8.477725298936593e+03 1.638429832383389e-16 0.000000000000000e+00
8.479677592083610e+03 1.637344280001623e-16 0.000000000000000e+00
8.481630334814485e+03 1.636248142797447e-16 0.000000000000000e+00
8.483583527232762e+03 1.635162798651760e-16 0.000000000000000e+00
8.485537169442003e+03 1.634077701008797e-16 0.000000000000000e+00
8.487491261545782e+03 1.632992564878631e-16 0.000000000000000e+00
8.489445803647692e+03 1.631907675302262e-16 0.000000000000000e+00
8.491400795851379e+03 1.630812060232051e-16 0.000000000000000e+00
8.493356238260478e+03 1.629727236686862e-16 0.000000000000000e+00
8.495312130978684e+03 1.628642517284971e-16 0.000000000000000e+00
8.497268474109673e+03 1.627558044536427e-16 0.000000000000000e+00
8.499225267757192e+03 1.626462705292734e-16 0.000000000000000e+00
8.501182512024965e+03 1.625378441301196e-16 0.000000000000000e+00
8.503140207016788e+03 1.624294281559089e-16 0.000000000000000e+00
8.505098352836430e+03 1.623210083631658e-16 0.000000000000000e+00
8.507056949587735e+03 1.622115305620840e-16 0.000000000000000e+00
8.509015997374523e+03 1.621031316684404e-16 0.000000000000000e+00
8.510975496300682e+03 1.619947574567917e-16 0.000000000000000e+00
8.512935446470081e+03 1.618863794394956e-16 0.000000000000000e+00
8.514895847986656e+03 1.617769435581106e-16 0.000000000000000e+00
8.516856700954326e+03 1.616686007054204e-16 0.000000000000000e+00
8.518818005477069e+03 1.615602540565244e-16 0.000000000000000e+00
8.520779761658858e+03 1.614519178581820e-16 0.000000000000000e+00
8.522741969603720e+03 1.613436063553617e-16 0.000000000000000e+00
8.524704629415679e+03 1.612342229249606e-16 0.000000000000000e+00
8.526667741198784e+03 1.611259181267708e-16 0.000000000000000e+00
8.528631305057135e+03 1.610176380305840e-16 0.000000000000000e+00
8.530595321094823e+03 1.609093541565434e-16 0.000000000000000e+00
8.532559789415993e+03 1.608000127402405e-16 0.000000000000000e+00
8.534524710124782e+03 1.606917498339866e-16 0.000000000000000e+00
8.536490083325387e+03 1.605835116381045e-16 0.000000000000000e+00
8.538455909121993e+03 1.604752696761780e-16 0.000000000000000e+00
8.540422187618839e+03 1.603670524287005e-16 0.000000000000000e+00
8.542388918920162e+03 1.602577635773017e-16 0.000000000000000e+00
8.544356103130252e+03 1.601495530834028e-16 0.000000000000000e+00
8.546323740353393e+03 1.600413530728493e-16 0.000000000000000e+00
8.548291830693917e+03 1.599331777846280e-16 0.000000000000000e+00
8.550260374256161e+03 1.598239310350746e-16 0.000000000000000e+00
8.552229371144507e+03 1.597157625210966e-16 0.000000000000000e+00
8.554198821463335e+03 1.596076187351425e-16 0.000000000000000e+00
8.556168725317080e+03 1.594994712084934e-16 0.000000000000000e+00
8.558139082810163e+03 1.593913341791582e-16 0.000000000000000e+00
8.560109894047075e+03 1.592821401004896e-16 0.000000000000000e+00
8.562081159132291e+03 1.591740383387028e-16 0.000000000000000e+00
8.564052878170321e+03 1.590659470800493e-16 0.000000000000000e+00
8.566025051265709e+03 1.589578520940446e-16 0.000000000000000e+00
8.567997678523030e+03 1.588497676164151e-16 0.000000000000000e+00
8.569970760046859e+03 1.587406262631862e-16 0.000000000000000e+00
8.571944295941799e+03 1.586325628412209e-16 0.000000000000000e+00
8.573918286312504e+03 1.585245241649529e-16 0.000000000000000e+00
8.575892731263613e+03 1.584164960046597e-16 0.000000000000000e+00
8.577867630899826e+03 1.583073968759079e-16 0.000000000000000e+00
8.579842985325837e+03 1.581993755568903e-16 0.000000000000000e+00
8.581818794646388e+03 1.580913647608309e-16 0.000000000000000e+00
8.583795058966223e+03 1.579833787185285e-16 0.000000000000000e+00
8.585771778390137e+03 1.578753889739532e-16 0.000000000000000e+00
8.587748953022916e+03 1.577663426633647e-16 0.000000000000000e+00
8.589726582969404e+03 1.576583882382745e-16 0.000000000000000e+00
8.591704668334438e+03 1.575504301180012e-16 0.000000000000000e+00
8.593683209222909e+03 1.574424825323766e-16 0.000000000000000e+00
8.595662205739702e+03 1.573345597094960e-16 0.000000000000000e+00
8.597641657989758e+03 1.572255662641922e-16 0.000000000000000e+00
8.599621566078014e+03 1.571176503253356e-16 0.000000000000000e+00
8.601601930109440e+03 1.570097591534172e-16 0.000000000000000e+00
8.603582750189038e+03 1.569018642999342e-16 0.000000000000000e+00
8.605564026421836e+03 1.567939799920184e-16 0.000000000000000e+00
8.607545758912875e+03 1.566850394572861e-16 0.000000000000000e+00
8.609527947767210e+03 1.565771905008767e-16 0.000000000000000e+00
8.611510593089957e+03 1.564693378715321e-16 0.000000000000000e+00
8.613493694986215e+03 1.563615100169710e-16 0.000000000000000e+00
8.615477253561143e+03 1.562536784936719e-16 0.000000000000000e+00
8.617461268919889e+03 1.561447909112323e-16 0.000000000000000e+00
8.619445741167663e+03 1.560369805327327e-16 0.000000000000000e+00
8.621430670409662e+03 1.559291949338098e-16 0.000000000000000e+00
8.623416056751139e+03 1.558214198945085e-16 0.000000000000000e+00
8.625401900297344e+03 1.557136411965436e-16 0.000000000000000e+00
8.627388201153581e+03 1.556058730621307e-16 0.000000000000000e+00
8.629374959425142e+03 1.554970490680796e-16 0.000000000000000e+00
8.631362175217382e+03 1.553893020968615e-16 0.000000000000000e+00
8.633349848635644e+03 1.552815799117806e-16 0.000000000000000e+00
8.635337979785327e+03 1.551738682952854e-16 0.000000000000000e+00
8.637326568771838e+03 1.550661530314843e-16 0.000000000000000e+00
8.639315615700592e+03 1.549573820728480e-16 0.000000000000000e+00
8.641305120677061e+03 1.548496879863494e-16 0.000000000000000e+00
8.643295083806732e+03 1.547420186908554e-16 0.000000000000000e+00
8.645285505195106e+03 1.546343457551669e-16 0.000000000000000e+00
8.647276384947700e+03 1.545266976122904e-16 0.000000000000000e+00
8.649267723170091e+03 1.544190458326552e-16 0.000000000000000e+00
8.651259519967833e+03 1.543103385542032e-16 0.000000000000000e+00
8.653251775446553e+03 1.542027079673470e-16 0.000000000000000e+00
8.655244489711860e+03 1.540951021766234e-16 0.000000000000000e+00
8.657237662869422e+03 1.539874927557085e-16 0.000000000000000e+00
8.659231295024896e+03 1.538799081324708e-16 0.000000000000000e+00
8.661225386284001e+03 1.537712539591484e-16 0.000000000000000e+00
8.663219936752444e+03 1.536636763272099e-16 0.000000000000000e+00
8.665214946535993e+03 1.535561092835900e-16 0.000000000000000e+00
8.667210415740403e+03 1.534485670404405e-16 0.000000000000000e+00
8.669206344471488e+03 1.533410353869340e-16 0.000000000000000e+00
8.671202732835054e+03 1.532335001138741e-16 0.000000000000000e+00
8.673199580936966e+03 1.531249096963293e-16 0.000000000000000e+00
8.675196888883072e+03 1.530173956402224e-16 0.000000000000000e+00
8.677194656779293e+03 1.529098921785845e-16 0.000000000000000e+00
8.679192884731525e+03 1.528024135209592e-16 0.000000000000000e+00
8.681191572845732e+03 1.526949454588612e-16 0.000000000000000e+00
8.683190721227871e+03 1.525874737854260e-16 0.000000000000000e+00
8.685190329983932e+03 1.524789471579979e-16 0.000000000000000e+00
8.687190399219944e+03 1.523714967124000e-16 0.000000000000000e+00
8.689190929041932e+03 1.522640710731490e-16 0.000000000000000e+00
8.691191919555980e+03 1.521566418275639e-16 0.000000000000000e+00
8.693193370868161e+03 1.520492373891158e-16 0.000000000000000e+00
8.695195283084611e+03 1.519418293467121e-16 0.000000000000000e+00
8.697197656311446e+03 1.518333665388156e-16 0.000000000000000e+00
8.699200490654850e+03 1.517259797334894e-16 0.000000000000000e+00
8.701203786220995e+03 1.516186177365779e-16 0.000000000000000e+00
8.703207543116110e+03 1.515112521401538e-16 0.000000000000000e+00
8.705211761446413e+03 1.514039113526647e-16 0.000000000000000e+00
8.707216441318187e+03 1.512965669677605e-16 0.000000000000000e+00
8.709221582837696e+03 1.511881680038503e-16 0.000000000000000e+00
8.711227186111273e+03 1.510808448636081e-16 0.000000000000000e+00
8.713233251245230e+03 1.509735465330362e-16 0.000000000000000e+00
8.715239778345949e+03 1.508662588101960e-16 0.000000000000000e+00
8.717246767519793e+03 1.507589674947390e-16 0.000000000000000e+00
8.719254218873190e+03 1.506516867888284e-16 0.000000000000000e+00
8.721262132512564e+03 1.505433516883638e-16 0.000000000000000e+00
8.723270508544361e+03 1.504360922330320e-16 0.000000000000000e+00
8.725279347075078e+03 1.503288575878083e-16 0.000000000000000e+00
8.727288648211224e+03 1.502216335530321e-16 0.000000000000000e+00
8.729298412059326e+03 1.501144059306224e-16 0.000000000000000e+00
8.731308638725928e+03 1.500071889201902e-16 0.000000000000000e+00
8.733319328317628e+03 1.498999967197240e-16 0.000000000000000e+00
8.735330480941015e+03 1.497917361392449e-16 0.000000000000000e+00
8.737342096702734e+03 1.496845509960906e-16 0.000000000000000e+00
8.739354175709421e+03 1.495773906625202e-16 0.000000000000000e+00
8.741366718067773e+03 1.494702267454415e-16 0.000000000000000e+00
8.743379723884476e+03 1.493630734419288e-16 0.000000000000000e+00
8.745393193266274e+03 1.492559449474446e-16 0.000000000000000e+00
8.747407126319902e+03 1.491488270660873e-16 0.000000000000000e+00
8.749421523152152e+03 1.490406268227848e-16 0.000000000000000e+00
8.751436383869812e+03 1.489335301984952e-16 0.000000000000000e+00
8.753451708579722e+03 1.488264299939586e-16 0.000000000000000e+00
8.755467497388714e+03 1.487193404037282e-16 0.000000000000000e+00
8.757483750403688e+03 1.486122756207566e-16 0.000000000000000e+00
8.759500467731525e+03 1.485052214513737e-16 0.000000000000000e+00
8.761517649479145e+03 1.483981637034590e-16 0.000000000000000e+00
8.763535295753507e+03 1.482900521902572e-16 0.000000000000000e+00
8.765553406661595e+03 1.481830157003677e-16 0.000000000000000e+00
8.767571982310392e+03 1.480760040156164e-16 0.000000000000000e+00
8.769591022806915e+03 1.479689887536247e-16 0.000000000000000e+00
8.771610528258230e+03 1.478619982957736e-16 0.000000000000000e+00
8.773630498771394e+03 1.477550042611998e-16 0.000000000000000e+00
8.775650934453515e+03 1.476480208402897e-16 0.000000000000000e+00
8.777671835411702e+03 1.475399838580920e-16 0.000000000000000e+00
8.779693201753118e+03 1.474330358816426e-16 0.000000000000000e+00
8.781715033584913e+03 1.473260843291760e-16 0.000000000000000e+00
8.783737331014305e+03 1.472191575772581e-16 0.000000000000000e+00
8.785760094148491e+03 1.471122272495470e-16 0.000000000000000e+00
8.787783323094738e+03 1.470053075339509e-16 0.000000000000000e+00
8.789807017960295e+03 1.468984126168073e-16 0.000000000000000e+00
8.791831178852475e+03 1.467915283103106e-16 0.000000000000000e+00
8.793855805878580e+03 1.466835764854054e-16 0.000000000000000e+00
8.795880899145972e+03 1.465766992427291e-16 0.000000000000000e+00
8.797906458762000e+03 1.464698326102079e-16 0.000000000000000e+00
8.799932484834073e+03 1.463629907721361e-16 0.000000000000000e+00
8.801958977469596e+03 1.462561453581457e-16 0.000000000000000e+00
8.803985936776025e+03 1.461493247368517e-16 0.000000000000000e+00
8.806013362860820e+03 1.460425005393698e-16 0.000000000000000e+00
8.808041255831464e+03 1.459356869495138e-16 0.000000000000000e+00
8.810069615795494e+03 1.458278202535924e-16 0.000000000000000e+00
8.812098442860430e+03 1.457210420882289e-16 0.000000000000000e+00
8.814127737133858e+03 1.456142603458030e-16 0.000000000000000e+00
8.816157498723351e+03 1.455075033902054e-16 0.000000000000000e+00
8.818187727736544e+03 1.454007428569775e-16 0.000000000000000e+00
8.820218424281056e+03 1.452939929274992e-16 0.000000000000000e+00
8.822249588464574e+03 1.451872677816104e-16 0.000000000000000e+00
8.824281220394772e+03 1.450805532372402e-16 0.000000000000000e+00
8.826313320179379e+03 1.449727716279758e-16 0.000000000000000e+00
8.828345887926116e+03 1.448660641334822e-16 0.000000000000000e+00
8.830378923742770e+03 1.447593672388276e-16 0.000000000000000e+00
8.832412427737110e+03 1.446526951218463e-16 0.000000000000000e+00
8.834446400016968e+03 1.445460194239243e-16 0.000000000000000e+00
8.836480840690167e+03 1.444393685011555e-16 0.000000000000000e+00
8.838515749864586e+03 1.443327139963766e-16 0.000000000000000e+00
8.840551127648101e+03 1.442260700869482e-16 0.000000000000000e+00
8.842586974148635e+03 1.441194509487110e-16 0.000000000000000e+00
8.844623289474128e+03 1.440117649936533e-16 0.000000000000000e+00
8.846660073732526e+03 1.439051528918729e-16 0.000000000000000e+00
8.848697327031830e+03 1.437985655570652e-16 0.000000000000000e+00
8.850735049480063e+03 1.436919746363945e-16 0.000000000000000e+00
8.852773241185250e+03 1.435853943048330e-16 0.000000000000000e+00
8.854811902255447e+03 1.434788387358450e-16 0.000000000000000e+00
8.856851032798764e+03 1.433722937529604e-16 0.000000000000000e+00
8.858890632923289e+03 1.432657451811631e-16 0.000000000000000e+00
8.860930702737180e+03 1.431592071938425e-16 0.000000000000000e+00
8.862971242348582e+03 1.430516168064675e-16 0.000000000000000e+00
8.865012251865699e+03 1.429451141847081e-16 0.000000000000000e+00
8.867053731396727e+03 1.428386079705391e-16 0.000000000000000e+00
8.869095681049921e+03 1.427321265077858e-16 0.000000000000000e+00
8.871138100933522e+03 1.426256414507408e-16 0.000000000000000e+00
8.873180991155841e+03 1.425191669704350e-16 0.000000000000000e+00
8.875224351825165e+03 1.424127172364117e-16 0.000000000000000e+00
8.877268183049853e+03 1.423062780756318e-16 0.000000000000000e+00
8.879312484938249e+03 1.421998353164889e-16 0.000000000000000e+00
8.881357257598756e+03 1.420934031284511e-16 0.000000000000000e+00
8.883402501139781e+03 1.419859188004802e-16 0.000000000000000e+00
8.885448215669745e+03 1.418795077773692e-16 0.000000000000000e+00
8.887494401297123e+03 1.417731214895699e-16 0.000000000000000e+00
8.889541058130411e+03 1.416667457660755e-16 0.000000000000000e+00
8.891588186278108e+03 1.415603664372991e-16 0.000000000000000e+00
8.893635785848744e+03 1.414539976703799e-16 0.000000000000000e+00
8.895683856950902e+03 1.413476536309907e-16 0.000000000000000e+00
8.897732399693145e+03 1.412413059825313e-16 0.000000000000000e+00
8.899781414184106e+03 1.411349830575623e-16 0.000000000000000e+00
8.901830900532403e+03 1.410286565208683e-16 0.000000000000000e+00
8.903880858846715e+03 1.409223405376617e-16 0.000000000000000e+00
8.905931289235708e+03 1.408149726931501e-16 0.000000000000000e+00
8.907982191808120e+03 1.407086920035075e-16 0.000000000000000e+00
8.910033566672662e+03 1.406024218612727e-16 0.000000000000000e+00
8.912085413938115e+03 1.404961481001802e-16 0.000000000000000e+00
8.914137733713253e+03 1.403898848835286e-16 0.000000000000000e+00
8.916190526106901e+03 1.402836463731714e-16 0.000000000000000e+00
8.918243791227876e+03 1.401774042393884e-16 0.000000000000000e+00
8.920297529185063e+03 1.400711868073613e-16 0.000000000000000e+00
8.922351740087339e+03 1.399649657487324e-16 0.000000000000000e+00
8.924406424043607e+03 1.398587552248995e-16 0.000000000000000e+00
8.926461581162812e+03 1.397525693958263e-16 0.000000000000000e+00
8.928517211553926e+03 1.396453178137631e-16 0.000000000000000e+00
8.930573315325928e+03 1.395391389080922e-16 0.000000000000000e+00
8.932629892587818e+03 1.394329846899171e-16 0.000000000000000e+00
8.934686943448658e+03 1.393268268349411e-16 0.000000000000000e+00
8.936744468017489e+03 1.392206795022986e-16 0.000000000000000e+00
8.938802466403415e+03 1.391145568497024e-16 0.000000000000000e+00
8.940860938715534e+03 1.390084447143979e-16 0.000000000000000e+00
8.942919885063002e+03 1.389023289349949e-16 0.000000000000000e+00
8.944979305554962e+03 1.387962236691292e-16 0.000000000000000e+00
8.947039200300624e+03 1.386901430730243e-16 0.000000000000000e+00
8.949099569409180e+03 1.385840729852125e-16 0.000000000000000e+00
8.951160412989888e+03 1.384779992455823e-16 0.000000000000000e+00
8.953221731151994e+03 1.383719360102793e-16 0.000000000000000e+00
8.955283524004806e+03 1.382658974340461e-16 0.000000000000000e+00
8.957345791657617e+03 1.381587792856172e-16 0.000000000000000e+00
8.959408534219789e+03 1.380527617310871e-16 0.000000000000000e+00
8.961471751800664e+03 1.379467546705317e-16 0.000000000000000e+00
8.963535444509653e+03 1.378407439457392e-16 0.000000000000000e+00
8.965599612456150e+03 1.377347437106366e-16 0.000000000000000e+00
8.967664255749614e+03 1.376287681177612e-16 0.000000000000000e+00
8.969729374499504e+03 1.375227888541014e-16 0.000000000000000e+00
8.971794968815298e+03 1.374168342268648e-16 0.000000000000000e+00
8.973861038806534e+03 1.373108759243456e-16 0.000000000000000e+00
8.975927584582729e+03 1.372049280986370e-16 0.000000000000000e+00
8.977994606253469e+03 1.370990049004537e-16 0.000000000000000e+00
8.980062103928329e+03 1.369930921730725e-16 0.000000000000000e+00
8.982130077716945e+03 1.368871757610912e-16 0.000000000000000e+00
8.984198527728939e+03 1.367812698151461e-16 0.000000000000000e+00
8.986267454073994e+03 1.366753884845040e-16 0.000000000000000e+00
8.988336856861788e+03 1.365684420850857e-16 0.000000000000000e+00
8.990406736202054e+03 1.364625675452829e-16 0.000000000000000e+00
8.992477092204519e+03 1.363567176113025e-16 0.000000000000000e+00
8.994547924978966e+03 1.362508639778969e-16 0.000000000000000e+00
8.996619234635175e+03 1.361450207935331e-16 0.000000000000000e+00
8.998691021282981e+03 1.360392022053229e-16 0.000000000000000e+00
9.000763285032208e+03 1.359333940596314e-16 0.000000000000000e+00
9.002836025992743e+03 1.358275822041218e-16 0.000000000000000e+00
9.004909244274468e+03 1.357217807858264e-16 0.000000000000000e+00
9.006982939987314e+03 1.356160039504315e-16 0.000000000000000e+00
9.009057113241222e+03 1.355102233971398e-16 0.000000000000000e+00
9.011131764146152e+03 1.354044674199669e-16 0.000000000000000e+00
9.013206892812108e+03 1.352987077193761e-16 0.000000000000000e+00
9.015282499349119e+03 1.351929584406192e-16 0.000000000000000e+00
9.017358583867228e+03 1.350872337276137e-16 0.000000000000000e+00
9.019435146476493e+03 1.349815194294527e-16 0.000000000000000e+00
9.021512187287031e+03 1.348758013965062e-16 0.000000000000000e+00
9.023589706408946e+03 1.347700937726117e-16 0.000000000000000e+00
9.025667703952406e+03 1.346644107002816e-16 0.000000000000000e+00
9.027746180027561e+03 1.345576488300137e-16 0.000000000000000e+00
9.029825134744635e+03 1.344519865829103e-16 0.000000000000000e+00
9.031904568213828e+03 1.343463347309605e-16 0.000000000000000e+00
9.033984480545410e+03 1.342406791263110e-16 0.000000000000000e+00
9.036064871849640e+03 1.341350339106951e-16 0.000000000000000e+00
9.038145742236833e+03 1.340294132245357e-16 0.000000000000000e+00
9.040227091817294e+03 1.339237887763730e-16 0.000000000000000e+00
9.042308920701400e+03 1.338181888501035e-16 0.000000000000000e+00
9.044391228999502e+03 1.337125851554917e-16 0.000000000000000e+00
9.046474016822023e+03 1.336069918325338e-16 0.000000000000000e+00
9.048557284279383e+03 1.335014230199271e-16 0.000000000000000e+00
9.050641031482022e+03 1.333958645712014e-16 0.000000000000000e+00
9.052725258540429e+03 1.332903023411258e-16 0.000000000000000e+00
9.054809965565117e+03 1.331847504683174e-16 0.000000000000000e+00
9.056895152666606e+03 1.330792230901040e-16 1.621569847539131e-17
9.058980819955441e+03 1.421772371931359e-16 1.644266752501802e-17
9.061066967542220e+03 1.565613705683129e-16 1.671040448367798e-17
9.063153595537529e+03 1.509253455065882e-16 1.618233523623305e-17
9.065240704052019e+03 1.749036778102484e-16 1.781921324069047e-17
9.067328293196329e+03 4.735706360447545e-16 2.511411187092656e-17
9.069416363081158e+03 2.033176164523164e-15 5.005602194762312e-17
9.071504913817193e+03 3.469137603844131e-15 7.547991030972298e-17
9.073593945515187e+03 1.897106235252286e-15 4.702311316475119e-17
9.075683458285881e+03 4.048384116065276e-16 2.488616184389156e-17
9.077773452240075e+03 1.618953002365309e-16 1.917224707499983e-17
9.079863927488563e+03 1.622229063007185e-16 1.749099958060904e-17
9.081954884142195e+03 1.313660442008011e-16 1.549743657667677e-17
9.084046322311813e+03 1.370821049886841e-16 1.495762009319607e-17
9.086138242108325e+03 1.484216685438463e-16 1.493264744260164e-17
9.088230643642621e+03 1.502705798080049e-16 1.480927517203653e-17
9.090323527025655e+03 1.114721937087189e-16 1.416294948317581e-17
9.092416892368376e+03 1.252158206662394e-16 1.520897234809613e-17
9.094510739781786e+03 1.173651466037349e-16 1.482210187142643e-17
9.096605069376892e+03 1.362398986983936e-16 1.463676262601065e-17
9.098699881264723e+03 1.724079353055832e-16 1.532782682417437e-17
9.100795175556363e+03 1.568897746264892e-16 1.515481485594506e-17
9.102890952362884e+03 1.168008579402352e-16 1.469794437513440e-17
9.104987211795418e+03 1.218721045219918e-16 1.548983364223568e-17
9.107083953965091e+03 1.073011421249429e-16 1.474566395627407e-17
9.109181178983086e+03 9.983916697211767e-17 1.499960102078886e-17
9.111278886960581e+03 1.247828440082343e-16 1.564879978182727e-17
9.113377078008809e+03 1.165450366853736e-16 1.484516739670467e-17
9.115475752238997e+03 1.417217087060073e-16 1.533126393266537e-17
9.117574909762434e+03 1.671461335785978e-16 1.623564329512150e-17
9.119674550690395e+03 1.298731160169874e-16 1.541404907462764e-17
9.121774675134220e+03 1.243885784109204e-16 1.524566781561483e-17
9.123875283205236e+03 1.239225950795857e-16 1.620847305487617e-17
9.125976375014836e+03 1.383415000897182e-16 1.823103287264516e-17
9.128077950674398e+03 1.274301215235262e-16 1.870473341088427e-17
9.130180010295362e+03 1.281438944954448e-16 1.757543695201578e-17
9.132282553989164e+03 1.743774868373793e-16 1.804796559351060e-17
9.134385581867291e+03 1.342613871502764e-16 1.812772733940924e-17
9.136489094041235e+03 1.493843170909005e-16 1.753270745894595e-17
9.138593090622517e+03 9.789677908370555e-17 1.494176533674325e-17
9.140697571722698e+03 1.166598735437007e-16 1.496653132098395e-17
9.142802537453357e+03 1.618961829913621e-16 1.609454564773587e-17
9.144907987926097e+03 1.183471115387898e-16 1.514309734828069e-17
9.147013923252531e+03 1.334603183137385e-16 1.617700244727646e-17
9.149120343544337e+03 1.439016677722063e-16 1.679156808608715e-17
9.151227248913172e+03 8.774027946050321e-17 1.507124013468626e-17
9.153334639470766e+03 1.564626058141477e-16 1.607432755806157e-17
9.155442515328827e+03 1.354882553142668e-16 1.579597190625267e-17
9.157550876599134e+03 1.392384427732533e-16 1.613929017902395e-17
9.159659723393450e+03 1.454615300237518e-16 1.626658407505166e-17
9.161769055823605e+03 1.253820436219935e-16 1.570202113657914e-17
9.163878874001410e+03 1.284683569365787e-16 1.569450895253691e-17
9.165989178038750e+03 1.165505395111893e-16 1.584501277167368e-17
9.168099968047489e+03 1.165471582634389e-16 0.000000000000000e+00
9.170211244139558e+03 1.165448490216496e-16 0.000000000000000e+00
9.172323006426877e+03 1.165425453187310e-16 0.000000000000000e+00
9.174435255021428e+03 1.165391737098214e-16 0.000000000000000e+00
9.176547990035191e+03 1.165368811316275e-16 0.000000000000000e+00
9.178661211580171e+03 1.165345941181236e-16 0.000000000000000e+00
9.180774919768417e+03 1.165312463494304e-16 0.000000000000000e+00
9.182889114712008e+03 1.165289705120177e-16 0.000000000000000e+00
9.185003796523026e+03 1.165267002651340e-16 0.000000000000000e+00
9.187118965313579e+03 1.165233693512288e-16 0.000000000000000e+00
9.189234621195830e+03 1.165211103319803e-16 0.000000000000000e+00
9.191350764281931e+03 1.165188569291191e-16 0.000000000000000e+00
9.193467394684096e+03 1.165155358860057e-16 0.000000000000000e+00
