3.709450846604121e+03 9.322314745866658e-16 0.000000000000000e+00
3.710305077569582e+03 9.318784285165062e-16 0.000000000000000e+00
3.711159505251634e+03 9.315287340589448e-16 0.000000000000000e+00
3.712014129695587e+03 9.311789405234629e-16 0.000000000000000e+00
3.712868950946744e+03 9.308256928780069e-16 0.000000000000000e+00
3.713723969050434e+03 9.304757009359104e-16 0.000000000000000e+00
3.714579184051982e+03 9.301256090723110e-16 0.000000000000000e+00
3.715434595996738e+03 9.297755101511762e-16 0.000000000000000e+00
3.716290204930048e+03 9.294253107325578e-16 0.000000000000000e+00
3.717146010897283e+03 9.290749174475534e-16 0.000000000000000e+00
3.718002013943809e+03 9.287279604743060e-16 1.323888931479660e-16
3.718858214115019e+03 8.689730552345480e-16 1.299633355282835e-16
3.719714611456299e+03 1.013772174145755e-15 1.304636818459093e-16
3.720571206013062e+03 7.970584151723553e-16 1.254832258491399e-16
3.721427997830717e+03 1.243193607953011e-15 1.394128137741744e-16
3.722284986954697e+03 1.147283726808903e-15 1.410458262741486e-16
3.723142173430431e+03 1.685048378289334e-15 1.511265388451670e-16
3.723999557303375e+03 1.126140869276925e-15 1.464798485659573e-16
3.724857138618978e+03 2.309940009770771e-15 1.719491394817625e-16
3.725714917422716e+03 6.653562231861445e-15 2.389829981479846e-16
3.726572893760060e+03 1.026417594091455e-14 3.147158026069837e-16
3.727431067676506e+03 1.059747690304064e-14 3.302454406465435e-16
3.728289439217550e+03 1.078278116252198e-14 3.337183303111020e-16
3.729148008428699e+03 1.325388964672234e-14 3.733267768634637e-16
3.730006775355481e+03 1.343193416624203e-14 3.735771819895929e-16
3.730865740043418e+03 7.616153943319481e-15 2.617647586077216e-16
3.731724902538060e+03 2.308845465182228e-15 1.542232718877739e-16
3.732584262884951e+03 7.882776098456806e-16 1.260713584591944e-16
3.733443821129662e+03 8.519199696582890e-16 1.216581949793874e-16
3.734303577317757e+03 1.162665117698408e-15 1.277828310503584e-16
3.735163531494827e+03 1.326082578125215e-15 1.313874855295210e-16
3.736023683706459e+03 1.061089512993856e-15 1.253188285196032e-16
3.736884033998265e+03 7.588250471688764e-16 1.174177542692249e-16
3.737744582415852e+03 5.609429985104763e-16 1.114371552970506e-16
3.738605329004853e+03 8.775599008868292e-16 1.178413456249816e-16
3.739466273810896e+03 8.592423951051118e-16 1.207767635038577e-16
3.740327416879636e+03 7.648344778625825e-16 1.192288815973362e-16
3.741188758256721e+03 9.362301412195316e-16 1.187525683091860e-16
3.742050297987828e+03 7.080349846775468e-16 1.147268202353883e-16
3.742912036118626e+03 6.562296079485177e-16 1.136260013456658e-16
3.743773972694810e+03 9.329253873026950e-16 1.178149614064328e-16
3.744636107762077e+03 8.115993274666026e-16 1.149214763442301e-16
3.745498441366132e+03 1.071531147467610e-15 1.220285414905989e-16
3.746360973552703e+03 8.515833424107587e-16 1.200889713279275e-16
3.747223704367513e+03 7.857985954215655e-16 1.193251289001432e-16
3.748086633856310e+03 7.165477219570334e-16 1.205897884267276e-16
3.748949762064838e+03 1.113621870281820e-15 1.272045621687205e-16
3.749813089038868e+03 1.193494660512912e-15 1.284424538924706e-16
3.750676614824165e+03 1.291604396707300e-15 1.288675514665554e-16
3.751540339466518e+03 1.422294017672070e-15 1.280372369732348e-16
3.752404263011715e+03 1.048211146216288e-15 1.189637211636792e-16
3.753268385505567e+03 6.664481693438603e-16 1.093645864137670e-16
3.754132706993882e+03 7.295687614593009e-16 1.100161858325730e-16
3.754997227522493e+03 8.588028942004422e-16 1.159990997028810e-16
3.755861947137228e+03 8.974838747412357e-16 1.170207522559611e-16
3.756726865883941e+03 7.150003857387456e-16 1.136218475359514e-16
3.757591983808482e+03 9.287013244985651e-16 1.168214515911394e-16
3.758457300956726e+03 8.310193885792479e-16 1.143532327473860e-16
3.759322817374544e+03 5.280643581544053e-16 1.080538846113492e-16
3.760188533107832e+03 6.992256693931249e-16 1.093177766169909e-16
3.761054448202482e+03 9.667282999424269e-16 1.130390841434333e-16
3.761920562704411e+03 7.577104284867415e-16 1.060339546509855e-16
3.762786876659536e+03 9.478529966599409e-16 1.117953962479805e-16
3.763653390113785e+03 7.854820838852922e-16 1.066333751735277e-16
3.764520103113106e+03 9.359020094117976e-16 1.111965637051323e-16
3.765387015703444e+03 9.547861058657474e-16 1.116018552140917e-16
3.766254127930771e+03 8.477473703576652e-16 1.095726049716367e-16
3.767121439841051e+03 7.416787055817955e-16 1.081298018576591e-16
3.767988951480276e+03 6.941399819497667e-16 1.101640023664935e-16
3.768856662894433e+03 7.274930652559555e-16 1.136119818017491e-16
3.769724574129535e+03 9.003276676694140e-16 1.184424714356254e-16
3.770592685231590e+03 1.416003239191092e-15 1.283818190394370e-16
3.771460996246632e+03 1.900787408369721e-15 1.344266099378931e-16
3.772329507220690e+03 1.433191101886063e-15 1.209445074577095e-16
3.773198218199820e+03 9.700504069450320e-16 1.085966491557849e-16
3.774067129230072e+03 8.452877768015157e-16 1.042096676366933e-16
3.774936240357523e+03 7.528831408594578e-16 1.012854581975328e-16
3.775805551628244e+03 7.244090349972727e-16 9.966245209201589e-17
3.776675063088332e+03 8.616487119119195e-16 1.004423574486659e-16
3.777544774783882e+03 1.005534307708253e-15 1.034765726001130e-16
3.778414686761011e+03 9.538668946202079e-16 1.023459945404379e-16
3.779284799065838e+03 7.179418784878006e-16 9.830052483753458e-17
3.780155111744492e+03 8.437505125671176e-16 1.038911760747257e-16
3.781025624843122e+03 9.172996343802888e-16 1.052434106469991e-16
3.781896338407877e+03 9.932435634690727e-16 1.079853637545149e-16
3.782767252484926e+03 1.055139136908835e-15 1.093223630926235e-16
3.783638367120438e+03 1.020282183562087e-15 1.098942065417289e-16
3.784509682360605e+03 1.012403336958139e-15 1.095216375181475e-16
3.785381198251617e+03 1.134042669496353e-15 1.098434492260205e-16
3.786252914839687e+03 1.133848854219150e-15 1.083708842978742e-16
3.787124832171027e+03 7.890456307892253e-16 1.004446451381862e-16
3.787996950291872e+03 8.748680478783200e-16 1.004022899164539e-16
3.788869269248451e+03 1.097336053964121e-15 1.039207177073928e-16
3.789741789087025e+03 9.796806800415178e-16 1.014920494560129e-16
3.790614509853843e+03 9.252744886273891e-16 1.006625904947650e-16
3.791487431595185e+03 9.543920258391549e-16 1.012879686252074e-16
3.792360554357324e+03 7.777365370838722e-16 9.880975179973565e-17
3.793233878186561e+03 6.485154107340406e-16 9.663827096581458e-17
3.794107403129191e+03 7.715491628281897e-16 9.708606381677940e-17
3.794981129231533e+03 7.413233662719695e-16 9.520303213923318e-17
3.795855056539906e+03 8.110211091048616e-16 9.550992919701681e-17
3.796729185100651e+03 1.106681713738036e-15 1.028101175333112e-16
3.797603514960110e+03 1.352325372815158e-15 1.092286844541083e-16
3.798478046164635e+03 1.662212086433619e-15 1.161923151428639e-16
3.799352778760599e+03 1.624969007686948e-15 1.140458078215787e-16
3.800227712794375e+03 1.175291715867675e-15 1.033916116243718e-16
3.801102848312357e+03 8.182151685022226e-16 9.551393113344023e-17
3.801978185360935e+03 7.476763743334022e-16 9.237431256152324e-17
3.802853723986529e+03 7.505927700461601e-16 9.203548967247089e-17
3.803729464235548e+03 8.506979565440009e-16 9.418323608559580e-17
3.804605406154433e+03 8.008218300106151e-16 9.298591319631050e-17
3.805481549789617e+03 9.697736375330607e-16 9.650874196416288e-17
3.806357895187561e+03 9.215760208269515e-16 9.435547581457679e-17
3.807234442394718e+03 8.182156855040427e-16 9.304941969033590e-17
3.808111191457572e+03 1.021230708949757e-15 9.704442056148938e-17
3.808988142422597e+03 1.022796612279473e-15 9.720809883518106e-17
3.809865295336298e+03 8.046609706852681e-16 9.325893211842129e-17
3.810742650245172e+03 8.121265369772804e-16 9.380983247293036e-17
3.811620207195744e+03 9.006807388623625e-16 9.560896681098578e-17
3.812497966234532e+03 9.169659750830932e-16 9.546616130447829e-17
3.813375927408082e+03 8.169171174742713e-16 9.412329771432754e-17
3.814254090762940e+03 9.456226488509731e-16 9.497821425017178e-17
3.815132456345660e+03 7.318209616385965e-16 9.114439832990969e-17
3.816011024202821e+03 9.172622920399383e-16 9.440856966285040e-17
3.816889794380994e+03 9.351738409374851e-16 9.625128899211692e-17
3.817768766926782e+03 9.174947072773412e-16 9.647523700384915e-17
3.818647941886775e+03 9.616998913946055e-16 9.788238545608287e-17
3.819527319307597e+03 1.002874996662337e-15 9.885021203073381e-17
3.820406899235862e+03 1.228601092913370e-15 1.021832326191379e-16
3.821286681718213e+03 1.035928704378967e-15 9.855155028316707e-17
3.822166666801289e+03 1.022354659392630e-15 1.006639505265510e-16
3.823046854531750e+03 9.677033836112992e-16 1.024080285105874e-16
3.823927244956258e+03 1.025252190727329e-15 1.057661261986983e-16
3.824807838121497e+03 1.039857058936979e-15 1.052139467488786e-16
3.825688634074147e+03 8.133491474963742e-16 9.920253992618043e-17
3.826569632860916e+03 7.899018779585361e-16 9.662001582487533e-17
3.827450834528504e+03 9.238425152190670e-16 9.692249528273744e-17
3.828332239123642e+03 7.910968098908168e-16 9.555352473943197e-17
3.829213846693050e+03 8.163773202757033e-16 9.699905242486654e-17
3.830095657283480e+03 8.123851512390094e-16 9.766288926775094e-17
3.830977670941677e+03 7.041021937502771e-16 9.435878534319504e-17
3.831859887714410e+03 7.193169595702658e-16 9.220113959123420e-17
3.832742307648452e+03 6.500201657736600e-16 9.088179268748754e-17
3.833624930790583e+03 8.572453030420219e-16 9.507410474264479e-17
3.834507757187606e+03 1.291860998237713e-15 1.037896276792225e-16
3.835390786886321e+03 1.901386490846982e-15 1.160832659056533e-16
3.836274019933552e+03 2.359883181831830e-15 1.226982613836274e-16
3.837157456376119e+03 1.947582265458394e-15 1.137746079381447e-16
3.838041096260871e+03 9.240606336552305e-16 9.455766469847600e-17
3.838924939634648e+03 7.197150418892706e-16 8.881709903237364e-17
3.839808986544318e+03 8.068444827604730e-16 9.146265000117214e-17
3.840693237036745e+03 6.822369100191432e-16 8.823050340602025e-17
3.841577691158819e+03 6.885031086045350e-16 8.874614377677391e-17
3.842462348957426e+03 6.880035451214112e-16 8.759764601506630e-17
3.843347210479476e+03 7.568720021010954e-16 8.702144023647137e-17
3.844232275771875e+03 8.303518503797293e-16 8.741731601582397e-17
3.845117544881559e+03 8.832987596661008e-16 8.753695122306069e-17
3.846003017855453e+03 9.619631084105332e-16 8.682901070058730e-17
3.846888694740514e+03 7.145843913151258e-16 8.067981482277608e-17
3.847774575583691e+03 1.027837153193598e-15 8.676356876837708e-17
3.848660660431960e+03 8.829097753993427e-16 8.347077208570284e-17
3.849546949332293e+03 7.559570060999428e-16 8.114726677654101e-17
3.850433442331688e+03 8.769725493347196e-16 8.275987127447109e-17
3.851320139477141e+03 7.674035023634122e-16 8.228536456478573e-17
3.852207040815661e+03 8.440928139397610e-16 8.450010028056085e-17
3.853094146394279e+03 9.825587875461990e-16 8.970313318184885e-17
3.853981456260019e+03 9.052024147971572e-16 9.131798390447870e-17
3.854868970459934e+03 9.754196415150473e-16 9.398517291186693e-17
3.855756689041071e+03 7.931863473115740e-16 9.267728890215876e-17
3.856644612050504e+03 7.654622885617206e-16 9.188433559977580e-17
3.857532739535302e+03 8.934853427880919e-16 9.307320829073567e-17
3.858421071542559e+03 8.736592056733982e-16 9.047064783482945e-17
3.859309608119368e+03 9.282921937434983e-16 8.957650325909214e-17
3.860198349312845e+03 7.791759446647388e-16 8.592858269034514e-17
3.861087295170102e+03 8.545018552944610e-16 8.687431114393248e-17
3.861976445738278e+03 1.061784870028333e-15 8.948722963680873e-17
3.862865801064508e+03 8.978492647418521e-16 8.838400798711765e-17
3.863755361195951e+03 9.509496978736661e-16 9.139555888386822e-17
3.864645126179764e+03 1.036137705497303e-15 9.452917869221216e-17
3.865535096063128e+03 9.211802054213818e-16 9.177168305698585e-17
3.866425270893222e+03 9.726114293145199e-16 9.480889054415277e-17
3.867315650717248e+03 2.018127482511141e-15 1.176572308600188e-16
3.868206235582412e+03 6.328500563568308e-15 1.743430060434461e-16
3.869097025535925e+03 1.143326067113948e-14 2.679770271883216e-16
3.869988020625025e+03 1.165832555374834e-14 2.702299598500416e-16
3.870879220896945e+03 6.567899555027643e-15 1.707014134922938e-16
3.871770626398941e+03 1.921624474176633e-15 1.090057185854033e-16
3.872662237178268e+03 9.745196348249166e-16 8.513458494556864e-17
3.873554053282206e+03 1.017617414642929e-15 8.568502240704599e-17
3.874446074758030e+03 9.692139441841093e-16 8.437859653341367e-17
3.875338301653042e+03 8.065488797687211e-16 8.087875639697012e-17
3.876230734014538e+03 8.038967100814510e-16 8.255828927206347e-17
3.877123371889844e+03 9.932226516346248e-16 8.472875319123854e-17
3.878016215326278e+03 8.100371116739971e-16 8.020806069078498e-17
3.878909264371185e+03 7.967591206714671e-16 7.878040050539309e-17
3.879802519071906e+03 1.079258748506559e-15 8.297144761864042e-17
3.880695979475808e+03 1.010762851126737e-15 8.274656399354440e-17
3.881589645630254e+03 8.465029661594841e-16 7.908375505370600e-17
3.882483517582633e+03 7.162723664808188e-16 7.553212103628208e-17
3.883377595380330e+03 7.255877884067949e-16 7.499222897371847e-17
3.884271879070754e+03 8.046607082247730e-16 7.651488637646439e-17
3.885166368701313e+03 7.296546460299479e-16 7.576815517964441e-17
3.886061064319439e+03 7.734159809386077e-16 7.678593481122103e-17
3.886955965972563e+03 8.476083161398221e-16 8.023418586950501e-17
3.887851073708130e+03 1.646966733413300e-15 9.436160518116419e-17
3.888746387573604e+03 3.604271126520171e-15 1.307556204111081e-16
3.889641907616447e+03 5.083775134700145e-15 1.590651063991114e-16
3.890537633884145e+03 3.987477067062823e-15 1.388206447068587e-16
3.891433566424181e+03 1.852747100681410e-15 9.963032639479677e-17
3.892329705284066e+03 7.467341773963392e-16 7.531560846715213e-17
3.893226050511302e+03 6.703158059908593e-16 7.271783707194318e-17
3.894122602153421e+03 5.890782917147447e-16 7.088778538936507e-17
3.895019360257950e+03 7.462392688230945e-16 7.390544956694742e-17
3.895916324872442e+03 7.512472179078252e-16 7.405137407624016e-17
3.896813496044444e+03 7.024180576049749e-16 7.326167312073373e-17
3.897710873821533e+03 7.329888419169212e-16 7.389753612018383e-17
3.898608458251278e+03 6.946241703600209e-16 7.336973597515699e-17
3.899506249381276e+03 7.742675086383049e-16 7.616024783351594e-17
3.900404247259119e+03 7.806574584645847e-16 7.632548522178583e-17
3.901302451932426e+03 8.259654059632262e-16 7.726807333241926e-17
3.902200863448810e+03 8.607022915720738e-16 7.721045744331712e-17
3.903099481855914e+03 8.341077311328130e-16 7.732986892751704e-17
3.903998307201376e+03 9.187435809604890e-16 7.736707730024401e-17
3.904897339532848e+03 7.563147053809053e-16 7.412148678033974e-17
3.905796578898002e+03 7.135613429202039e-16 7.297990585520468e-17
3.906696025344509e+03 8.771955407498194e-16 7.591982938707773e-17
3.907595678920063e+03 8.863398133012157e-16 7.807827407289760e-17
3.908495539672356e+03 9.830954495586662e-16 8.009611323245309e-17
3.909395607649105e+03 9.585714609658320e-16 7.999448722921548e-17
3.910295882898023e+03 9.270399015876772e-16 7.948890537813182e-17
3.911196365466849e+03 8.023255654198859e-16 7.816854314009010e-17
3.912097055403318e+03 7.683281204918833e-16 7.745670825117042e-17
3.912997952755192e+03 8.897770997346151e-16 7.846514270102644e-17
3.913899057570227e+03 7.814892970093905e-16 7.613823847753056e-17
3.914800369896207e+03 7.310110069934457e-16 7.555972253434978e-17
3.915701889780912e+03 9.456490283837280e-16 7.791567743743372e-17
3.916603617272145e+03 1.034553672367347e-15 7.910226626372978e-17
3.917505552417709e+03 9.182868119783917e-16 7.827292784283525e-17
3.918407695265430e+03 9.060724436620622e-16 7.806272491579699e-17
3.919310045863132e+03 7.645303313847660e-16 7.487164424751127e-17
3.920212604258665e+03 8.921542951437679e-16 7.765965215232928e-17
3.921115370499871e+03 9.074534756070048e-16 7.868768931421861e-17
3.922018344634625e+03 9.433650234482918e-16 7.887103925788947e-17
3.922921526710797e+03 9.981621759320986e-16 7.952904970747448e-17
3.923824916776267e+03 9.133554060932742e-16 7.837277686159667e-17
3.924728514878941e+03 8.262073980029358e-16 7.695071922885475e-17
3.925632321066720e+03 9.005282986648572e-16 7.827395397202583e-17
3.926536335387529e+03 9.015497076833848e-16 7.921971603923851e-17
3.927440557889290e+03 8.289759390703735e-16 7.883303639533224e-17
3.928344988619954e+03 8.112610907905396e-16 7.858415289091813e-17
3.929249627627463e+03 7.440677656514517e-16 7.671429173415088e-17
3.930154474959788e+03 8.745953966693482e-16 7.673114505806924e-17
3.931059530664897e+03 8.458856755962728e-16 7.573134552240741e-17
3.931964794790782e+03 7.375692510527692e-16 7.304956968319398e-17
3.932870267385430e+03 6.457953333350979e-16 7.130090543877966e-17
3.933775948496857e+03 6.533815637474770e-16 7.220102693908012e-17
3.934681838173075e+03 7.258843795941581e-16 7.444810557771378e-17
3.935587936462120e+03 6.166474481933759e-16 7.387935047364457e-17
3.936494243412023e+03 6.273962220931885e-16 7.422328744708380e-17
3.937400759070846e+03 8.650088088454991e-16 7.702010020833387e-17
3.938307483486642e+03 7.817704157691702e-16 7.561757780142560e-17
3.939214416707493e+03 8.168608234598508e-16 7.606645535994417e-17
3.940121558781475e+03 9.374093838081746e-16 7.734769464374570e-17
3.941028909756693e+03 8.785007844292695e-16 7.593726722971690e-17
3.941936469681249e+03 8.286511953248232e-16 7.486122213106922e-17
3.942844238603258e+03 7.806250966888540e-16 7.386383091677876e-17
3.943752216570855e+03 7.891729153573956e-16 7.282752529634897e-17
3.944660403632174e+03 9.303081296307329e-16 7.344222548628705e-17
3.945568799835372e+03 7.046416294641956e-16 6.898169857973123e-17
3.946477405228606e+03 8.617504633230800e-16 7.275201906774730e-17
3.947386219860055e+03 8.053814693422430e-16 7.136043796902858e-17
3.948295243777897e+03 8.579739947755824e-16 7.198122659582491e-17
3.949204477030335e+03 7.877086338851028e-16 7.168773749663529e-17
3.950113919665567e+03 8.314180035856731e-16 7.292559238090457e-17
3.951023571731819e+03 8.190139754823163e-16 7.273185063401328e-17
3.951933433277312e+03 7.505475188658044e-16 7.234803652173510e-17
3.952843504350295e+03 7.736184381406372e-16 7.317038178880005e-17
3.953753784999009e+03 7.428368518345603e-16 7.224737716265401e-17
3.954664275271725e+03 7.090833813776524e-16 7.097763621808461e-17
3.955574975216709e+03 8.736451373896172e-16 7.481774848823982e-17
3.956485884882252e+03 8.597000520540910e-16 7.652437784035575e-17
3.957397004316643e+03 8.142262210902065e-16 7.618322660857654e-17
3.958308333568196e+03 7.365136094350883e-16 7.593453871150609e-17
3.959219872685224e+03 8.042499018597179e-16 8.036665512524433e-17
3.960131621716053e+03 7.803624087647664e-16 8.527884791190733e-17
3.961043580709031e+03 7.983319074908148e-16 8.801923150898807e-17
3.961955749712500e+03 8.828198390158112e-16 8.623298363569376e-17
3.962868128774831e+03 7.905061233576770e-16 7.990591413075314e-17
3.963780717944390e+03 7.219668647503811e-16 7.537705259400574e-17
3.964693517269568e+03 8.218470672231707e-16 7.634440100528271e-17
3.965606526798754e+03 9.286007906124491e-16 7.586392153010144e-17
3.966519746580363e+03 1.550905477356215e-15 8.957042035408675e-17
3.967433176662804e+03 3.116434394608671e-15 1.158984892682321e-16
3.968346817094514e+03 4.180004331362815e-15 1.377492703640236e-16
3.969260667923927e+03 4.069795456966359e-15 1.379836915661893e-16
3.970174729199501e+03 3.979953756740983e-15 1.356266723885852e-16
3.971089000969690e+03 4.076073818925572e-15 1.318513526971644e-16
3.972003483282977e+03 2.960754238633308e-15 1.073956467415072e-16
3.972918176187839e+03 1.147145439864360e-15 7.878059458832167e-17
3.973833079732779e+03 6.479560715859033e-16 6.869550391304190e-17
3.974748193966298e+03 7.185816027628071e-16 7.085899780704385e-17
3.975663518936920e+03 6.275243767215094e-16 7.004266502076775e-17
3.976579054693168e+03 7.602446710498393e-16 7.142939951869150e-17
3.977494801283592e+03 7.609425397390760e-16 7.088149259432890e-17
3.978410758756737e+03 6.533584325094073e-16 6.944306712770709e-17
3.979326927161165e+03 6.984558159907381e-16 6.994405432735339e-17
3.980243306545457e+03 8.041782155095704e-16 7.078316959384086e-17
3.981159896958190e+03 7.466453666564249e-16 6.976101426390746e-17
3.982076698447970e+03 6.653685088192515e-16 6.881236899150030e-17
3.982993711063395e+03 7.663505069158572e-16 7.144849659215300e-17
3.983910934853094e+03 7.787776829947112e-16 7.168649525978342e-17
3.984828369865689e+03 8.719559908161213e-16 7.120892118127913e-17
3.985746016149828e+03 8.139568247472059e-16 6.919386308322812e-17
3.986663873754158e+03 7.810041411238887e-16 6.871397484273570e-17
3.987581942727348e+03 7.269355246117946e-16 6.921815687105739e-17
3.988500223118067e+03 7.808164338551773e-16 7.090587402782074e-17
3.989418714975010e+03 8.499004883219336e-16 7.361408990534616e-17
3.990337418346864e+03 8.148423012944373e-16 7.427963015330193e-17
3.991256333282348e+03 8.521370776996576e-16 7.510208812902316e-17
3.992175459830173e+03 9.682802355511440e-16 7.627486192761648e-17
3.993094798039078e+03 7.499383348321276e-16 7.138508663684116e-17
3.994014347957797e+03 8.340476270975255e-16 7.128765680959841e-17
3.994934109635093e+03 8.286367829498316e-16 6.947211722109555e-17
3.995854083119726e+03 8.137115589160046e-16 6.896007380744858e-17
3.996774268460467e+03 8.170017342086765e-16 6.910436195903688e-17
3.997694665706114e+03 8.315096100576414e-16 7.010577950687724e-17
3.998615274905455e+03 9.191335207276585e-16 7.190346526928960e-17
3.999536096107308e+03 9.111895474357496e-16 7.303058427409831e-17
4.000457129360488e+03 8.150380504696392e-16 7.193920072753878e-17
4.001378374713833e+03 9.220196753522964e-16 7.229959988262300e-17
4.002299832216179e+03 9.375630620936290e-16 7.177717693592360e-17
4.003221501916390e+03 8.047956994299532e-16 6.847668015236194e-17
4.004143383863323e+03 8.606290727342103e-16 6.872994872772546e-17
4.005065478105863e+03 8.938370366428712e-16 6.922157108511760e-17
4.005987784692891e+03 7.463525422144233e-16 6.717955153041647e-17
4.006910303673315e+03 7.505916170569337e-16 6.742076407078558e-17
4.007833035096037e+03 7.320167369879900e-16 6.793317281217142e-17
4.008755979009988e+03 7.670198900451423e-16 6.842955051701785e-17
4.009679135464094e+03 9.384979050632684e-16 7.067189631820233e-17
4.010602504507306e+03 9.133515499050975e-16 7.022557996946039e-17
4.011526086188574e+03 7.222302229649421e-16 6.762156257091397e-17
4.012449880556873e+03 8.260514688929505e-16 7.022226763937030e-17
4.013373887661174e+03 7.642700947500266e-16 6.916564703744500e-17
4.014298107550473e+03 1.020138576874502e-15 7.154102297375277e-17
4.015222540273769e+03 7.979531314435108e-16 6.595361109736336e-17
4.016147185880070e+03 7.212196332419431e-16 6.631981374622367e-17
4.017072044418408e+03 7.251177332650968e-16 6.534860482364520e-17
4.017997115937809e+03 7.750843507376371e-16 6.545977444891310e-17
4.018922400487329e+03 8.838656368049388e-16 6.764355954893144e-17
4.019847898116016e+03 8.666342433091291e-16 6.867496046823648e-17
4.020773608872948e+03 7.804457384702792e-16 6.794457959869253e-17
4.021699532807196e+03 8.555694159184739e-16 6.902234443011177e-17
4.022625669967861e+03 8.162804079920168e-16 6.665902567884423e-17
4.023552020404038e+03 8.793818697208114e-16 6.745578431791720e-17
4.024478584164848e+03 8.676511325103770e-16 6.664939730104296e-17
4.025405361299409e+03 9.995945037407604e-16 6.949562213981573e-17
4.026332351856866e+03 1.051738154948700e-15 7.154899635168421e-17
4.027259555886359e+03 1.154093533015928e-15 7.413719482662147e-17
4.028186973437055e+03 1.038320864516696e-15 7.284838860905279e-17
4.029114604558116e+03 7.552409325946389e-16 6.899620485435784e-17
4.030042449298734e+03 7.122452050717276e-16 6.772622873577387e-17
4.030970507708094e+03 7.831218352129512e-16 6.828868619857424e-17
4.031898779835407e+03 7.809645241191210e-16 6.590537477658145e-17
4.032827265729887e+03 8.125657715397856e-16 6.557048478542574e-17
4.033755965440756e+03 7.909965626909799e-16 6.346464644451457e-17
4.034684879017262e+03 8.112891412212382e-16 6.426717510410018e-17
4.035614006508645e+03 8.975155044707509e-16 6.641947937163870e-17
4.036543347964176e+03 8.078662430200662e-16 6.544037730560026e-17
4.037472903433120e+03 7.758390432992088e-16 6.453509751006864e-17
4.038402672964769e+03 8.386761136262478e-16 6.455922245416006e-17
4.039332656608409e+03 8.480956016465089e-16 6.416180843495607e-17
4.040262854413356e+03 8.297867190969161e-16 6.428177562308055e-17
4.041193266428920e+03 8.001609812266811e-16 6.373967135342547e-17
4.042123892704438e+03 8.015796900739252e-16 6.411278195775722e-17
4.043054733289244e+03 7.054649827028345e-16 6.290999622019279e-17
4.043985788232697e+03 8.845785234226809e-16 6.653603703353212e-17
4.044917057584154e+03 7.736204544471875e-16 6.426081567920575e-17
4.045848541392995e+03 7.614650563022744e-16 6.366582610714113e-17
4.046780239708601e+03 8.031436479488451e-16 6.416339932310854e-17
4.047712152580378e+03 8.230796596765574e-16 6.437312885349311e-17
4.048644280057726e+03 8.425774830402608e-16 6.425454495098533e-17
4.049576622190072e+03 7.961557313447761e-16 6.339913198852994e-17
4.050509179026843e+03 7.150644410740690e-16 6.185109677676460e-17
4.051441950617488e+03 8.000508548403285e-16 6.325291088493894e-17
4.052374937011458e+03 8.260543773962614e-16 6.469929996961620e-17
4.053308138258215e+03 7.242423754416658e-16 6.176883407838261e-17
4.054241554407245e+03 7.805981324503076e-16 6.248402249178561e-17
4.055175185508028e+03 7.481123532023109e-16 6.203297141644266e-17
4.056109031610073e+03 7.500109376555197e-16 6.278770250676726e-17
4.057043092762883e+03 8.692209379921551e-16 6.454994068964033e-17
4.057977369015988e+03 8.637903297818912e-16 6.386964925625598e-17
4.058911860418916e+03 8.221158006844373e-16 6.312308414938705e-17
4.059846567021221e+03 8.433746613127608e-16 6.353920801062496e-17
4.060781488872450e+03 7.726382261475311e-16 6.352197156821612e-17
4.061716626022182e+03 8.241473382681481e-16 6.433634696850630e-17
4.062651978519987e+03 8.502619276236088e-16 6.488220241653556e-17
4.063587546415466e+03 7.383452139689019e-16 6.214024578122383e-17
4.064523329758214e+03 7.290600804874395e-16 6.067847312543152e-17
4.065459328597852e+03 7.234936559703305e-16 6.037822301485710e-17
4.066395542983998e+03 8.117676314055338e-16 6.218960660953906e-17
4.067331972966298e+03 8.346976098815940e-16 6.366363699648483e-17
4.068268618594391e+03 9.169843467671052e-16 6.627783724820542e-17
4.069205479917947e+03 1.024200551714624e-15 6.796665615837023e-17
4.070142556986628e+03 9.362726356334110e-16 6.605224162104423e-17
4.071079849850125e+03 8.083076490545466e-16 6.280654729640933e-17
4.072017358558130e+03 8.587451356066892e-16 6.300858672097813e-17
4.072955083160341e+03 7.501897826148706e-16 6.110880888832059e-17
4.073893023706487e+03 8.755103302969870e-16 6.368602390042034e-17
4.074831180246287e+03 7.593766647770376e-16 6.290465449821843e-17
4.075769552829489e+03 8.731999049098255e-16 6.521106438503614e-17
4.076708141505838e+03 8.365481993047827e-16 6.378590927046817e-17
4.077646946325103e+03 8.249836011720865e-16 6.268686315425281e-17
4.078585967337051e+03 7.875944908910465e-16 6.245925796553449e-17
4.079525204591476e+03 7.175918313362193e-16 6.267702932074467e-17
4.080464658138168e+03 8.173005238704451e-16 6.483921012261363e-17
4.081404328026945e+03 8.972014984018672e-16 6.661113601932472e-17
4.082344214307616e+03 7.338372691828424e-16 6.273552361621497e-17
4.083284317030025e+03 7.590726634497594e-16 6.267549952009425e-17
4.084224636244003e+03 7.390253660047288e-16 6.142817359108970e-17
4.085165171999415e+03 7.112737868026832e-16 6.025655538503874e-17
4.086105924346120e+03 6.400510673499976e-16 5.849772090157932e-17
4.087046893334002e+03 7.282352204080392e-16 5.936921375419313e-17
4.087988079012942e+03 6.933504783036817e-16 6.025441109370336e-17
4.088929481432851e+03 6.961702587146526e-16 6.096024199229937e-17
4.089871100643636e+03 7.690965394226118e-16 6.223784546588458e-17
4.090812936695216e+03 7.220213070728175e-16 6.077966552640535e-17
4.091754989637535e+03 7.157043704724653e-16 5.956280797470548e-17
4.092697259520532e+03 7.448554398404747e-16 5.903582106465275e-17
4.093639746394172e+03 7.043903212920428e-16 5.739465315145208e-17
4.094582450308417e+03 6.096268582063323e-16 5.528678700246614e-17
4.095525371313257e+03 5.625893884314584e-16 5.471629311427881e-17
4.096468509458676e+03 6.950000010654238e-16 5.767022525865945e-17
4.097411864794686e+03 6.884126596304877e-16 5.804945335109210e-17
4.098355437371296e+03 7.464385976694780e-16 5.862553358134141e-17
4.099299227238541e+03 6.724099240705622e-16 5.886769367957312e-17
4.100243234446450e+03 9.859935053855211e-16 6.512984825985753e-17
4.101187459045083e+03 2.799024718978199e-15 9.573828679536385e-17
4.102131901084493e+03 5.245207672822157e-15 1.423424762250559e-16
4.103076560614762e+03 5.515920513501910e-15 1.453862666290241e-16
4.104021437685966e+03 2.893304738700290e-15 1.009958124485697e-16
4.104966532348211e+03 1.058318548036422e-15 6.562171544748451e-17
4.105911844651596e+03 5.725426001564017e-16 5.557770380423747e-17
4.106857374646247e+03 6.713983132202508e-16 5.669035845284554e-17
4.107803122382291e+03 7.201324228691853e-16 5.808126392764134e-17
4.108749087909874e+03 6.400457378834740e-16 5.758346051477145e-17
4.109695271279149e+03 6.109545569437781e-16 5.624459466584464e-17
4.110641672540277e+03 6.711778979760231e-16 5.605212966100766e-17
4.111588291743443e+03 7.332423404282465e-16 5.688973322578171e-17
4.112535128938827e+03 7.608873013578792e-16 5.811032186177596e-17
4.113482184176640e+03 7.608969647822844e-16 5.943042202177946e-17
4.114429457507083e+03 6.756038433714470e-16 5.865135559269885e-17
4.115376948980389e+03 6.271869939845637e-16 5.689484210491878e-17
4.116324658646784e+03 6.948852745977455e-16 5.811517940786843e-17
4.117272586556524e+03 7.613748357498081e-16 5.912869202177442e-17
4.118220732759859e+03 7.388265102710936e-16 5.825115480736137e-17
4.119169097307065e+03 7.340311979208450e-16 5.903682361490816e-17
4.120117680248417e+03 7.857418058391710e-16 6.028635510103174e-17
4.121066481634215e+03 7.703955922684637e-16 6.005293765687748e-17
4.122015501514757e+03 7.256448803677224e-16 5.821230361869771e-17
4.122964739940365e+03 7.272209144620118e-16 5.733875629880475e-17
4.123914196961359e+03 6.979810556181060e-16 5.727590458426794e-17
4.124863872628088e+03 8.226488536215022e-16 5.979622664873591e-17
4.125813766990893e+03 6.825913658791914e-16 5.643590690120138e-17
4.126763880100146e+03 7.263929775003919e-16 5.826564310076358e-17
4.127714212006215e+03 7.587267542525514e-16 5.798791415597825e-17
4.128664762759484e+03 7.387763104638898e-16 5.634645158562473e-17
4.129615532410357e+03 7.245077233868700e-16 5.529988472585995e-17
4.130566521009234e+03 7.205932333692974e-16 5.535377524553733e-17
4.131517728606545e+03 7.452272955219918e-16 5.557481142611766e-17
4.132469155252712e+03 6.697699278671716e-16 5.419531788887602e-17
4.133420800998188e+03 6.518010546883171e-16 5.369691942237025e-17
4.134372665893422e+03 8.635076366453830e-16 5.720787660261871e-17
4.135324749988887e+03 6.171304094849899e-16 5.347593137178024e-17
4.136277053335053e+03 6.844890001013938e-16 5.385144420329744e-17
4.137229575982419e+03 8.539494365345909e-16 5.708197971879581e-17
4.138182317981478e+03 7.601341364619712e-16 5.731481776373402e-17
4.139135279382754e+03 7.590736609830328e-16 5.665592317209500e-17
4.140088460236761e+03 6.873552839422303e-16 5.600826915981149e-17
4.141041860594044e+03 6.784590348249299e-16 5.539900463663812e-17
4.141995480505145e+03 6.775984991428337e-16 5.470385520525099e-17
4.142949320020632e+03 6.961864363971748e-16 5.453328200651160e-17
4.143903379191066e+03 7.135769744263353e-16 5.491642520958453e-17
4.144857658067041e+03 6.653460738340158e-16 5.451042309665381e-17
4.145812156699142e+03 7.785148063938167e-16 5.612975714117915e-17
4.146766875137985e+03 7.121245392569894e-16 5.486558900673838e-17
4.147721813434184e+03 7.594083677833419e-16 5.604550341411211e-17
4.148676971638363e+03 7.676434461893844e-16 5.764006664032523e-17
4.149632349801174e+03 7.792672811142913e-16 5.763505051104461e-17
4.150587947973261e+03 7.426841550345995e-16 5.681411502302974e-17
4.151543766205297e+03 7.370422623321657e-16 5.653551614244272e-17
4.152499804547950e+03 7.540046519821782e-16 5.654831497942214e-17
4.153456063051917e+03 7.152468798037746e-16 5.599027407240711e-17
4.154412541767890e+03 7.175962862302450e-16 5.604179535804331e-17
4.155369240746588e+03 7.809206020789892e-16 5.837710853816993e-17
4.156326160038725e+03 7.458757957979345e-16 5.889821806951112e-17
4.157283299695046e+03 7.927216080062515e-16 5.899507621355090e-17
4.158240659766288e+03 7.026205956930782e-16 5.590354577525412e-17
4.159198240303220e+03 7.083501465062295e-16 5.540805272944171e-17
4.160156041356600e+03 7.511159343128914e-16 5.592656071672180e-17
4.161114062977220e+03 6.060410351472922e-16 5.352036286136444e-17
4.162072305215864e+03 7.531293865251597e-16 5.593082350080794e-17
4.163030768123347e+03 7.374932726057480e-16 5.624925943422096e-17
4.163989451750476e+03 6.433259480790678e-16 5.425737411108882e-17
4.164948356148088e+03 6.659019060684227e-16 5.412987834771688e-17
4.165907481367020e+03 6.998904417571140e-16 5.414357485464617e-17
4.166866827458119e+03 7.381544526013830e-16 5.431148265344844e-17
4.167826394472256e+03 7.387105564127205e-16 5.426087240508637e-17
4.168786182460299e+03 6.763383204132776e-16 5.246188591973750e-17
4.169746191473142e+03 6.763962218194041e-16 5.207098334822726e-17
4.170706421561678e+03 8.415356521313004e-16 5.632381393369806e-17
4.171666872776823e+03 7.132204093078816e-16 5.517749832340964e-17
4.172627545169492e+03 7.250817663224079e-16 5.481328086758092e-17
4.173588438790627e+03 6.608746966379836e-16 5.300965139713531e-17
4.174549553691166e+03 6.505880626768904e-16 5.273550854673490e-17
4.175510889922074e+03 7.579984800211163e-16 5.442759600562959e-17
4.176472447534311e+03 7.387686264610375e-16 5.466732088852444e-17
4.177434226578867e+03 6.462435433328679e-16 5.374405429101854e-17
4.178396227106727e+03 7.112978362462338e-16 5.515340501857309e-17
4.179358449168903e+03 6.979588227568251e-16 5.446482892800110e-17
4.180320892816400e+03 7.774403855351910e-16 5.510883379022188e-17
4.181283558100259e+03 6.888173110141391e-16 5.295428593980218e-17
4.182246445071508e+03 7.265413116611101e-16 5.412334872965299e-17
4.183209553781208e+03 6.841776040103135e-16 5.346880478831680e-17
4.184172884280413e+03 6.910443607094774e-16 5.375396705345323e-17
4.185136436620206e+03 6.760639658335494e-16 5.352994584978960e-17
4.186100210851670e+03 7.232732705520232e-16 5.365175573280770e-17
4.187064207025897e+03 7.471550945053349e-16 5.355029066366691e-17
4.188028425194009e+03 6.622607063522265e-16 5.279466452262869e-17
4.188992865407117e+03 6.419397291821210e-16 5.343403983817208e-17
4.189957527716364e+03 7.588115510194196e-16 5.610157217849863e-17
4.190922412172887e+03 7.999625124761256e-16 5.688469781294332e-17
4.191887518827851e+03 6.932222531922390e-16 5.416733650089216e-17
4.192852847732417e+03 7.017946828660279e-16 5.281424747447975e-17
4.193818398937775e+03 7.881406370522200e-16 5.360015621110436e-17
4.194784172495107e+03 6.716516924693881e-16 5.161439619672491e-17
4.195750168455627e+03 8.032650546938076e-16 5.345517950892629e-17
4.196716386870543e+03 7.745534748276526e-16 5.335011066379623e-17
4.197682827791092e+03 6.353257537498677e-16 5.151864294171474e-17
4.198649491268503e+03 5.993448261823569e-16 5.072890541046879e-17
4.199616377354037e+03 6.892891553413163e-16 5.203418770866764e-17
4.200583486098950e+03 7.848713676639428e-16 5.387040624215410e-17
4.201550817554525e+03 7.234369936553868e-16 5.323569383742126e-17
4.202518371772039e+03 6.705523230505922e-16 5.211510910773178e-17
4.203486148802801e+03 7.171298859123337e-16 5.401843745146759e-17
4.204454148698112e+03 7.416675478701560e-16 5.458426069379703e-17
4.205422371509304e+03 6.118982771551225e-16 5.272138783117312e-17
4.206390817287706e+03 6.624796222529713e-16 5.237614595339228e-17
4.207359486084660e+03 6.348140140706982e-16 5.142591295405697e-17
4.208328377951532e+03 6.234984923703968e-16 5.089542038048712e-17
4.209297492939684e+03 6.634272898185043e-16 5.101521706742827e-17
4.210266831100505e+03 7.309677987932526e-16 5.180781685331282e-17
4.211236392485381e+03 7.473687953227501e-16 5.170534081800972e-17
4.212206177145724e+03 6.802120943863724e-16 5.049402929263608e-17
4.213176185132944e+03 6.387204406125367e-16 4.979539956320200e-17
4.214146416498478e+03 6.076106784444329e-16 4.894804176691803e-17
4.215116871293757e+03 6.937034682575287e-16 5.066705723880281e-17
4.216087549570244e+03 6.896893626889814e-16 5.072325417725754e-17
4.217058451379394e+03 7.003089426553437e-16 5.054652157856729e-17
4.218029576772690e+03 6.708546600235131e-16 5.026519656916539e-17
4.219000925801615e+03 6.092981405412014e-16 5.045233069689446e-17
4.219972498517674e+03 6.228909258986804e-16 5.114511421848177e-17
4.220944294972373e+03 5.841052991703864e-16 5.203937624710474e-17
4.221916315217243e+03 5.916098356492956e-16 5.324248165136953e-17
4.222888559303811e+03 6.857468205871709e-16 5.453450048145139e-17
4.223861027283633e+03 7.125220323280853e-16 5.378529087113324e-17
4.224833719208264e+03 7.027430727471044e-16 5.243409300905417e-17
4.225806635129271e+03 6.813037733796430e-16 5.158983280021512e-17
4.226779775098245e+03 6.310505773778900e-16 5.074784931411317e-17
4.227753139166774e+03 6.158443124348992e-16 5.828161728900669e-17
4.228726727386470e+03 6.962732074695905e-16 5.400870154607670e-17
4.229700539808946e+03 6.386341005489290e-16 5.221939054656218e-17
4.230674576485841e+03 6.315029855055804e-16 5.038635161293313e-17
4.231648837468788e+03 6.947384594734052e-16 5.011236113455471e-17
4.232623322809449e+03 6.643507378402381e-16 5.054500496244907e-17
4.233598032559483e+03 6.903901466990450e-16 5.224902556094270e-17
4.234572966770577e+03 7.187660841955258e-16 5.303474191066442e-17
4.235548125494411e+03 6.438005918175813e-16 5.139479604339257e-17
4.236523508782697e+03 6.557427551750126e-16 5.056458992350602e-17
4.237499116687139e+03 6.561326225142031e-16 4.972575487096043e-17
4.238474949259472e+03 6.218114884635077e-16 4.916164320152762e-17
4.239451006551426e+03 6.367093898712027e-16 4.934190485322064e-17
4.240427288614757e+03 6.947415205686953e-16 5.325735770814260e-17
4.241403795501219e+03 7.282886651405155e-16 5.466150084961289e-17
4.242380527262595e+03 6.691950837830187e-16 5.293820492900382e-17
4.243357483950659e+03 6.218778339514393e-16 5.148461225563690e-17
4.244334665617220e+03 7.054306579743393e-16 5.212312398603152e-17
4.245312072314080e+03 6.848870823005399e-16 5.155831113627685e-17
4.246289704093059e+03 6.395509212996736e-16 5.098647401807332e-17
4.247267561005996e+03 6.546940138817680e-16 5.115690902820564e-17
4.248245643104728e+03 5.811452453617615e-16 4.936507388328608e-17
4.249223950441121e+03 5.797189760914110e-16 4.830161700216544e-17
4.250202483067035e+03 6.126974800563701e-16 4.805705974144933e-17
4.251181241034360e+03 6.232196174790946e-16 4.841323959655164e-17
4.252160224394979e+03 7.028313514516372e-16 4.973016218345649e-17
4.253139433200807e+03 6.618227687173870e-16 5.026610539997505e-17
4.254118867503749e+03 7.044336507984159e-16 5.237601392742230e-17
4.255098527355745e+03 7.214743322716692e-16 5.229062915475105e-17
4.256078412808726e+03 6.642395402202165e-16 5.097637456030178e-17
4.257058523914654e+03 6.873348723748999e-16 5.103921418352851e-17
4.258038860725484e+03 6.795274640863873e-16 5.069785496887170e-17
4.259019423293201e+03 6.472500052510354e-16 5.019608495719048e-17
4.260000211669784e+03 6.792975896278205e-16 5.110821782638331e-17
4.260981225907243e+03 6.158560888804609e-16 4.969715256375135e-17
4.261962466057584e+03 5.905329601539285e-16 4.942375605974216e-17
4.262943932172837e+03 6.193013388664817e-16 5.121097286975074e-17
4.263925624305033e+03 6.032651343338536e-16 5.677551509872661e-17
4.264907542506219e+03 6.522492444569924e-16 6.669362331815029e-17
4.265889686828463e+03 7.929177862773566e-16 7.043681656700062e-17
4.266872057323829e+03 7.571920848582589e-16 6.432556438709824e-17
4.267854654044408e+03 6.240136956546932e-16 5.472871839295843e-17
4.268837477042289e+03 6.020288569990726e-16 5.046448621783623e-17
4.269820526369589e+03 6.090475387541869e-16 4.854707332507395e-17
4.270803802078420e+03 5.666069368603489e-16 4.678656184764468e-17
4.271787304220922e+03 5.656375818363058e-16 4.708524362670482e-17
4.272771032849231e+03 6.170818498355076e-16 4.975547948350079e-17
4.273754988015512e+03 6.144574543636130e-16 5.228654340518950e-17
4.274739169771925e+03 6.428145452819683e-16 5.244774855050150e-17
4.275723578170659e+03 7.641665972195099e-16 5.249625219817825e-17
4.276708213263896e+03 6.334001702954923e-16 4.885496164376886e-17
4.277693075103852e+03 6.005136957967405e-16 4.751209439820119e-17
4.278678163742731e+03 6.461068636899204e-16 4.854154647250494e-17
4.279663479232772e+03 6.311376979755702e-16 4.964869385699391e-17
4.280649021626209e+03 6.093915505451400e-16 4.988898221141147e-17
4.281634790975299e+03 7.132503240308807e-16 5.075745550762635e-17
4.282620787332301e+03 6.760908691023834e-16 4.936540278687263e-17
4.283607010749498e+03 5.870183049810834e-16 4.744079987759306e-17
4.284593461279176e+03 6.128090532066940e-16 4.696500142691269e-17
4.285580138973630e+03 6.122295740326227e-16 4.708523634412828e-17
4.286567043885181e+03 6.143121198729604e-16 4.786935414344101e-17
4.287554176066147e+03 5.790338879786242e-16 4.812718944827317e-17
4.288541535568872e+03 7.046298796429380e-16 5.011129089702374e-17
4.289529122445696e+03 6.943492117200278e-16 4.987164805206805e-17
4.290516936748988e+03 5.591598330534119e-16 4.618722632492445e-17
4.291504978531115e+03 6.770327169602204e-16 4.756016978598390e-17
4.292493247844468e+03 6.362305433892041e-16 4.685823064289417e-17
4.293481744741435e+03 5.483332610531310e-16 4.572548382713725e-17
4.294470469274435e+03 6.246027417009552e-16 4.725035009043460e-17
4.295459421495882e+03 7.264640955029258e-16 4.954351338796002e-17
4.296448601458214e+03 6.647749867891750e-16 4.850267322844989e-17
4.297438009213872e+03 5.887854730729815e-16 4.660216066713347e-17
4.298427644815319e+03 6.906161704358524e-16 4.790038145744396e-17
4.299417508315017e+03 7.235394125384042e-16 4.839287908638775e-17
4.300407599765455e+03 6.107776071555182e-16 4.651878926397496e-17
4.301397919219119e+03 6.942577471565204e-16 6.553541178763255e-17
4.302388466728524e+03 6.782741130970515e-16 6.657665275323274e-17
4.303379242346184e+03 6.598977311484106e-16 6.523498177226362e-17
4.304370246124621e+03 5.983857714323990e-16 6.411416420987226e-17
4.305361478116390e+03 6.428249806069592e-16 4.990788540729061e-17
4.306352938374033e+03 6.398709143890853e-16 5.142915390869615e-17
4.307344626950127e+03 5.522672565339971e-16 4.993657517079838e-17
4.308336543897242e+03 5.899960611879478e-16 4.800309459048866e-17
4.309328689267975e+03 6.410894816893472e-16 4.667738480194666e-17
4.310321063114922e+03 5.944243900085583e-16 4.560912285494314e-17
4.311313665490706e+03 6.211289317677700e-16 4.634367222467000e-17
4.312306496447942e+03 6.400557339327988e-16 4.750656816185294e-17
4.313299556039282e+03 5.976549083721880e-16 4.726791805411427e-17
4.314292844317365e+03 6.559288221183529e-16 4.772021495018993e-17
4.315286361334865e+03 6.181953108560333e-16 4.651089853912223e-17
4.316280107144447e+03 5.487805047414446e-16 4.552439919244522e-17
4.317274081798809e+03 6.402931791176055e-16 4.833486336566820e-17
4.318268285350639e+03 6.061541865500601e-16 4.923822452802920e-17
4.319262717852661e+03 6.383858771020402e-16 4.860531414031022e-17
4.320257379357587e+03 6.465853332743970e-16 4.690697933422990e-17
4.321252269918163e+03 5.884131989164647e-16 4.582816696042730e-17
4.322247389587127e+03 5.942073816953711e-16 4.609426529887185e-17
4.323242738417251e+03 6.338347450940141e-16 4.672155688952371e-17
4.324238316461299e+03 5.757668183969604e-16 4.636327294855970e-17
4.325234123772055e+03 5.479515231284021e-16 4.554211480138938e-17
4.326230160402321e+03 6.320992176629790e-16 4.714569464305596e-17
4.327226426404900e+03 5.304693900284720e-16 4.612780966666777e-17
4.328222921832620e+03 5.183638521063384e-16 4.476650920031066e-17
4.329219646738306e+03 5.640533909012555e-16 4.453802072851187e-17
4.330216601174811e+03 5.565108914007855e-16 4.438465253381777e-17
4.331213785194986e+03 5.668837033946499e-16 4.477030477263096e-17
4.332211198851709e+03 6.189230211689594e-16 4.565588383810188e-17
4.333208842197852e+03 5.934409394148862e-16 4.575183009042328e-17
4.334206715286317e+03 6.167493454507709e-16 4.618280037340692e-17
4.335204818170003e+03 5.984798269095712e-16 4.552324582103074e-17
4.336203150901837e+03 5.153471167730341e-16 4.394195971736595e-17
4.337201713534741e+03 5.272180106874477e-16 4.366099541672483e-17
4.338200506121665e+03 5.938537915460472e-16 4.727736450476141e-17
4.339199528715557e+03 1.504346142641218e-15 6.021584543647059e-17
4.340198781369392e+03 5.240738718549247e-15 1.288824968219693e-16
4.341198264136141e+03 8.897721320064709e-15 1.942809489162288e-16
4.342197977068805e+03 7.256808883613727e-15 1.668164856295300e-16
4.343197920220377e+03 2.919765399290645e-15 8.665450439794063e-17
4.344198093643882e+03 7.657945963412204e-16 4.972434370203569e-17
4.345198497392346e+03 4.335055593263750e-16 4.474252792432468e-17
4.346199131518803e+03 5.311306013767912e-16 4.533745509527125e-17
4.347199996076316e+03 5.107806628832870e-16 4.520224341007620e-17
4.348201091117940e+03 5.356736601080430e-16 4.390590855704255e-17
4.349202416696760e+03 5.556745391269410e-16 4.319341024900737e-17
4.350203972865858e+03 5.330825566995144e-16 4.335156629132645e-17
4.351205759678343e+03 5.390295372951148e-16 4.407241154855429e-17
4.352207777187321e+03 4.930396198879057e-16 4.350463167526307e-17
4.353210025445926e+03 5.564419782656429e-16 4.380761479885177e-17
4.354212504507288e+03 5.347865227767465e-16 4.363237745428249e-17
4.355215214424567e+03 4.693059141335873e-16 4.284676672789489e-17
4.356218155250914e+03 5.792504569602500e-16 4.515513259351012e-17
4.357221327039516e+03 5.614223245536785e-16 4.551006033997139e-17
4.358224729843549e+03 5.093745788218645e-16 4.563724753590642e-17
4.359228363716222e+03 5.913224670569892e-16 4.571503635754495e-17
4.360232228710737e+03 6.256257554843251e-16 4.477431126596267e-17
4.361236324880329e+03 5.927415462253397e-16 4.472712262090481e-17
4.362240652278224e+03 8.829023485389407e-16 5.056570747360423e-17
4.363245210957679e+03 1.639855281604161e-15 6.310608870232210e-17
4.364250000971949e+03 2.118996872381435e-15 7.218411447423779e-17
4.365255022374305e+03 1.607248771665800e-15 6.412732119055289e-17
4.366260275218039e+03 8.378364683051312e-16 5.257796794928922e-17
4.367265759556442e+03 6.196785921389367e-16 4.807348594280190e-17
4.368271475442832e+03 6.139468039253935e-16 4.702626441589622e-17
4.369277422930520e+03 5.918630454365020e-16 4.523451779219291e-17
4.370283602072850e+03 5.220642122629855e-16 4.265754748555085e-17
4.371290012923162e+03 5.347072091506289e-16 4.274126897911660e-17
4.372296655534820e+03 6.277607970892839e-16 4.441196559936127e-17
4.373303529961190e+03 5.654395730893385e-16 4.350072777025474e-17
4.374310636255663e+03 5.647150300647971e-16 4.295214914252734e-17
4.375317974471624e+03 5.549890838102081e-16 4.320785604501352e-17
4.376325544662493e+03 5.677931366766809e-16 4.403181437972193e-17
4.377333346881678e+03 6.248143855168655e-16 4.587831377711500e-17
4.378341381182624e+03 6.423204790945453e-16 4.743468562301103e-17
4.379349647618766e+03 6.211064932797419e-16 4.706543233873619e-17
4.380358146243569e+03 5.770074512968903e-16 4.491294954968478e-17
4.381366877110494e+03 5.674942846610398e-16 4.363702943632892e-17
4.382375840273032e+03 5.910129013817529e-16 4.423893313984669e-17
4.383385035784673e+03 5.229623345147206e-16 4.257265509596609e-17
4.384394463698919e+03 6.233208654308159e-16 4.353907173287729e-17
4.385404124069298e+03 5.354635665531307e-16 4.130391296645973e-17
4.386414016949332e+03 5.779150195225112e-16 4.206083952840051e-17
4.387424142392573e+03 6.406754208817114e-16 4.355081499530017e-17
4.388434500452568e+03 7.268237754310771e-16 4.500026764885402e-17
4.389445091182895e+03 5.952650694988420e-16 4.388189002527879e-17
4.390455914637126e+03 5.542519321571957e-16 4.362906579495018e-17
4.391466970868860e+03 5.711427216666432e-16 4.396728261478789e-17
4.392478259931696e+03 5.488369977131392e-16 4.333018643139303e-17
4.393489781879259e+03 5.667957382190540e-16 4.245846615818668e-17
4.394501536765169e+03 5.355521769583807e-16 4.178353146648879e-17
4.395513524643080e+03 6.374793460128326e-16 4.350596461601276e-17
4.396525745566635e+03 5.822225507943698e-16 4.332357044548389e-17
4.397538199589512e+03 5.794884791613116e-16 4.324680706319353e-17
4.398550886765380e+03 6.710323548412473e-16 4.422118479841423e-17
4.399563807147940e+03 6.795300847117158e-16 4.390287491941040e-17
4.400576960790886e+03 6.596969056972287e-16 4.384732084892125e-17
4.401590347747944e+03 5.805406327898830e-16 4.317450967548820e-17
4.402603968072835e+03 6.027203784629273e-16 4.368340754282715e-17
4.403617821819308e+03 5.520777882318015e-16 4.342066102417369e-17
4.404631909041108e+03 5.857195821218987e-16 4.319331763240453e-17
4.405646229792009e+03 5.519987335870836e-16 4.223600059788408e-17
4.406660784125785e+03 5.146596090652165e-16 4.181310730486248e-17
4.407675572096223e+03 6.100328912985895e-16 4.366115375425564e-17
4.408690593757134e+03 6.132475002311553e-16 4.405114903360150e-17
4.409705849162325e+03 6.008147079261262e-16 4.387494511148268e-17
4.410721338365633e+03 5.774949777509899e-16 4.250238931233899e-17
4.411737061420888e+03 6.639421343788843e-16 4.382523261649753e-17
4.412753018381952e+03 6.223810118064681e-16 4.283812159448678e-17
4.413769209302684e+03 6.451978012126152e-16 4.339529042790333e-17
4.414785634236965e+03 5.901163776400166e-16 4.235423591471766e-17
4.415802293238679e+03 6.436840303337081e-16 4.408356981140222e-17
4.416819186361739e+03 5.515772571888216e-16 4.291529975611317e-17
4.417836313660046e+03 5.816696204940258e-16 4.210810164388121e-17
4.418853675187540e+03 5.324982220064792e-16 4.083397163551472e-17
4.419871270998150e+03 5.531696008067305e-16 4.103824737050412e-17
4.420889101145835e+03 5.830774149991053e-16 4.216265195521997e-17
4.421907165684555e+03 5.895270345058574e-16 4.219364799456383e-17
4.422925464668292e+03 6.368540466469695e-16 4.304357700885232e-17
4.423943998151028e+03 5.791591815207899e-16 4.173421968417259e-17
4.424962766186772e+03 5.570376686741911e-16 4.123873027766171e-17
4.425981768829533e+03 4.915833163950071e-16 4.010534600806123e-17
4.427001006133336e+03 4.703685612521872e-16 3.970019557637095e-17
4.428020478152227e+03 5.867122163204709e-16 4.248868348686200e-17
4.429040184940248e+03 6.508961306835024e-16 4.387622801869390e-17
4.430060126551473e+03 5.936489090583239e-16 4.284780785594685e-17
4.431080303039968e+03 5.621634405907726e-16 4.147308818739603e-17
4.432100714459832e+03 6.097690152162671e-16 4.127758625797177e-17
4.433121360865156e+03 5.335564714514919e-16 4.101039533863923e-17
4.434142242310065e+03 4.854774806853858e-16 4.105830685802075e-17
4.435163358848672e+03 5.389987713450508e-16 4.133151267594459e-17
4.436184710535127e+03 5.280685209574575e-16 4.121878791348423e-17
4.437206297423573e+03 5.113477142922837e-16 4.105853310797759e-17
4.438228119568182e+03 5.966099930139171e-16 4.224753334764920e-17
4.439250177023118e+03 6.035218146537351e-16 4.163079957590137e-17
4.440272469842583e+03 5.493464029089281e-16 4.058503723457998e-17
4.441294998080766e+03 5.765694314381886e-16 4.099923871792745e-17
4.442317761791890e+03 5.020743635808474e-16 3.988284987068688e-17
4.443340761030173e+03 5.259376423110449e-16 3.980976568855076e-17
4.444363995849859e+03 5.548094132614413e-16 4.089741503096875e-17
4.445387466305199e+03 5.532347483867455e-16 4.164065292915899e-17
4.446411172450449e+03 6.211040590566532e-16 4.269813221558144e-17
4.447435114339894e+03 5.639381715397234e-16 4.148476716200952e-17
4.448459292027814e+03 5.961869211421078e-16 4.118114771626210e-17
4.449483705568519e+03 5.630077265875571e-16 4.072650038904819e-17
4.450508355016313e+03 5.840013590181061e-16 4.069698148527367e-17
4.451533240425530e+03 5.845768065005360e-16 4.095208427672270e-17
4.452558361850502e+03 5.696346347403589e-16 4.167195115111020e-17
4.453583719345586e+03 5.490474556762861e-16 4.251077198534358e-17
4.454609312965138e+03 4.979301635184610e-16 4.152204264969877e-17
4.455635142763543e+03 5.997196429038435e-16 4.193250861467727e-17
4.456661208795179e+03 5.159209477392910e-16 3.979980519169064e-17
4.457687511114457e+03 5.231734927883645e-16 3.991870384740420e-17
4.458714049775782e+03 5.534014132826095e-16 4.041418815867247e-17
4.459740824833589e+03 5.393300189391480e-16 3.997043034482074e-17
4.460767836342306e+03 5.811531159100483e-16 4.034755404971688e-17
4.461795084356395e+03 5.743144136979548e-16 4.061745474952006e-17
4.462822568930309e+03 5.647620161946041e-16 4.011691836691133e-17
4.463850290118535e+03 4.955608862164453e-16 3.998385662239005e-17
4.464878247975551e+03 5.355924047513075e-16 4.176423755312765e-17
4.465906442555867e+03 5.665910282608310e-16 4.199579064712203e-17
4.466934873913995e+03 6.608525760365925e-16 4.209423591848767e-17
4.467963542104455e+03 6.256206174160677e-16 4.057944990937319e-17
4.468992447181795e+03 4.993535911627790e-16 3.926102336737373e-17
4.470021589200557e+03 5.839871727517204e-16 4.212278770509563e-17
4.471050968215315e+03 8.084856407552806e-16 4.773720316659038e-17
4.472080584280638e+03 1.198006458261122e-15 5.472645355452646e-17
4.473110437451121e+03 1.170735539582566e-15 5.267934051136096e-17
4.474140527781357e+03 7.467026771566556e-16 4.376264183849290e-17
4.475170855325973e+03 5.351815042933966e-16 3.935554633067657e-17
4.476201420139584e+03 4.707001339378902e-16 3.858473003874974e-17
4.477232222276839e+03 5.725341144688910e-16 4.077527562056085e-17
4.478263261792381e+03 5.221681484070220e-16 3.983900638395580e-17
4.479294538740883e+03 5.261948704057116e-16 4.009592090297287e-17
4.480326053177015e+03 5.378641178479936e-16 4.101850847392005e-17
4.481357805155474e+03 5.546251224019836e-16 4.092465970981709e-17
4.482389794730956e+03 5.565724629395425e-16 3.999016351861094e-17
4.483422021958182e+03 4.962413322051013e-16 3.850175311596772e-17
4.484454486891872e+03 4.827265690559652e-16 3.828141877377503e-17
4.485487189586776e+03 5.297560589656210e-16 3.947044218090881e-17
4.486520130097637e+03 5.256695272466420e-16 4.020368301227797e-17
4.487553308479230e+03 5.244564800671605e-16 4.041861506958415e-17
4.488586724786327e+03 5.243955912194721e-16 4.082823408659157e-17
4.489620379073716e+03 4.635635640079894e-16 3.965686329779403e-17
4.490654271396208e+03 6.266326960440225e-16 4.117180862799689e-17
4.491688401808610e+03 5.526872426595094e-16 3.920921596226276e-17
4.492722770365762e+03 4.953608942515279e-16 3.819454257720923e-17
4.493757377122493e+03 5.917375439731272e-16 3.921401807991413e-17
4.494792222133668e+03 5.167464338813192e-16 3.800572496971915e-17
4.495827305454142e+03 5.404236872681190e-16 3.878985353246587e-17
4.496862627138806e+03 5.691168509783456e-16 3.880372206365333e-17
4.497898187242539e+03 5.476174531226012e-16 3.880758280240959e-17
4.498933985820258e+03 5.328859860025851e-16 3.906783715220310e-17
4.499970022926870e+03 5.649328604160323e-16 3.982874906788565e-17
4.501006298617312e+03 5.694315978634447e-16 4.058067228655246e-17
4.502042812946519e+03 5.303900720423276e-16 4.028048090538007e-17
4.503079565969455e+03 4.969978806544253e-16 3.976375062479175e-17
4.504116557741077e+03 5.134607553801424e-16 3.931693379398242e-17
4.505153788316376e+03 5.973247887350081e-16 4.043288233384333e-17
4.506191257750334e+03 5.811054923651328e-16 4.089625019869576e-17
4.507228966097969e+03 5.311814310362117e-16 4.006100668514608e-17
4.508266913414290e+03 5.094598649736446e-16 3.911295311556892e-17
4.509305099754327e+03 4.908043130722273e-16 3.873960887914678e-17
4.510343525173131e+03 5.113193329211180e-16 3.800936669464591e-17
4.511382189725749e+03 5.230604749756714e-16 3.766598548392124e-17
4.512421093467262e+03 4.767137021984403e-16 3.702548504932093e-17
4.513460236452738e+03 5.379115349929648e-16 3.846387801390641e-17
4.514499618737284e+03 5.697581247086007e-16 3.949860436999849e-17
4.515539240375996e+03 5.971001687009864e-16 3.959197548637550e-17
4.516579101424003e+03 5.956075925138940e-16 3.899214127923016e-17
4.517619201936428e+03 5.491938106858561e-16 3.810214631085465e-17
4.518659541968426e+03 5.536763853059976e-16 3.824374834685164e-17
4.519700121575146e+03 5.572315559979803e-16 3.846928618284983e-17
4.520740940811767e+03 5.357578686514466e-16 3.782166383432964e-17
4.521781999733463e+03 5.697980534110075e-16 3.856620825522434e-17
4.522823298395439e+03 5.337164208902509e-16 3.838885858531000e-17
4.523864836852895e+03 5.172039951251505e-16 3.840562517785974e-17
4.524906615161060e+03 5.057523788467909e-16 3.805091969909191e-17
4.525948633375159e+03 5.408093059949341e-16 3.804375893350921e-17
4.526990891550450e+03 5.600705094330568e-16 3.791046976264745e-17
4.528033389742186e+03 6.024066910041570e-16 3.879060806491434e-17
4.529076128005636e+03 5.282453537733976e-16 3.716490075714027e-17
4.530119106396093e+03 5.122743590815449e-16 3.720480247092486e-17
4.531162324968845e+03 5.125053164551554e-16 3.748254920121648e-17
4.532205783779214e+03 4.919762684302962e-16 3.781753863946611e-17
4.533249482882510e+03 5.491381624059126e-16 3.881544205443766e-17
4.534293422334083e+03 5.484117015167339e-16 3.864644001852304e-17
4.535337602189268e+03 5.423759457562063e-16 3.867732780264810e-17
4.536382022503438e+03 5.219913201350876e-16 3.896370767409634e-17
4.537426683331956e+03 4.820510645558717e-16 3.866453050829171e-17
4.538471584730220e+03 4.733772796755071e-16 3.764180416853659e-17
4.539516726753620e+03 4.752230447984279e-16 3.666358750637187e-17
4.540562109457577e+03 5.317182747533518e-16 3.753426642239517e-17
4.541607732897507e+03 5.720025778146576e-16 3.781609005101178e-17
4.542653597128858e+03 5.371882384304619e-16 3.732564503975844e-17
4.543699702207069e+03 5.898959966605863e-16 3.833564092572135e-17
4.544746048187615e+03 4.987358067674788e-16 3.650577480408314e-17
4.545792635125963e+03 5.614386558063383e-16 3.749086375771116e-17
4.546839463077610e+03 4.856216999485348e-16 3.625120073653208e-17
4.547886532098049e+03 5.580936267896096e-16 3.785643872364132e-17
4.548933842242805e+03 5.065467070389551e-16 3.736410455605816e-17
4.549981393567394e+03 4.575688469442317e-16 3.685537519498339e-17
4.551029186127365e+03 5.066632039243957e-16 3.714394822523492e-17
4.552077219978270e+03 5.485896851186900e-16 3.750209401858488e-17
4.553125495175665e+03 5.443462865717571e-16 3.686558021267124e-17
4.554174011775141e+03 5.328797981237717e-16 3.646428253855984e-17
4.555222769832280e+03 4.943343490975375e-16 3.595753608986934e-17
4.556271769402695e+03 4.780877887746183e-16 3.599764474124894e-17
4.557321010541993e+03 5.268310083999002e-16 3.765331460398403e-17
4.558370493305812e+03 5.435314364028929e-16 3.839579655087563e-17
4.559420217749788e+03 5.206006011467198e-16 3.759003925998206e-17
4.560470183929584e+03 5.056043008760247e-16 3.695933206119967e-17
4.561520391900858e+03 5.527975874185829e-16 3.807257494763713e-17
4.562570841719301e+03 5.970702252832165e-16 3.864568731815046e-17
4.563621533440599e+03 5.646279112830005e-16 3.868308360694622e-17
4.564672467120467e+03 5.817969500545441e-16 3.945809602317094e-17
4.565723642814613e+03 5.610034501292582e-16 3.936093235066448e-17
4.566775060578781e+03 4.759153274687117e-16 3.759095336844376e-17
4.567826720468705e+03 5.102615174092189e-16 3.785314817489240e-17
4.568878622540155e+03 4.939080618697117e-16 3.741341534266510e-17
4.569930766848890e+03 5.265661822350211e-16 3.850029039832403e-17
4.570983153450703e+03 6.096312778025338e-16 4.047200679956867e-17
4.572035782401388e+03 5.335034362293569e-16 3.937171210235156e-17
4.573088653756747e+03 4.754414729752243e-16 3.770871936555795e-17
4.574141767572613e+03 5.088181692578870e-16 3.739859348220367e-17
4.575195123904811e+03 4.753400452418390e-16 3.733508488937431e-17
4.576248722809199e+03 4.900763680507755e-16 3.724560910910512e-17
4.577302564341628e+03 5.270087073437416e-16 3.741167787866692e-17
4.578356648557980e+03 4.529828799685091e-16 3.525216150716264e-17
4.579410975514134e+03 5.028670879055442e-16 3.573499404509975e-17
4.580465545265998e+03 5.241825287252300e-16 3.674113532883457e-17
4.581520357869475e+03 5.107850574543862e-16 3.769710930357100e-17
4.582575413380498e+03 5.702299244979369e-16 4.065621539389712e-17
4.583630711854997e+03 4.678115539713186e-16 3.862301262890672e-17
4.584686253348931e+03 4.488057078100179e-16 3.655477904039751e-17
4.585742037918257e+03 5.126628480504867e-16 3.694552445607138e-17
4.586798065618957e+03 5.476194501849811e-16 3.686784130266824e-17
4.587854336507015e+03 5.469752655114449e-16 3.658099448197592e-17
4.588910850638441e+03 5.570831470342559e-16 3.652464376530231e-17
4.589967608069240e+03 5.517631359323184e-16 3.656886213279895e-17
4.591024608855451e+03 5.724215300502914e-16 3.670393964837482e-17
4.592081853053111e+03 5.832033910074845e-16 3.693456389234569e-17
4.593139340718268e+03 5.557561306586984e-16 3.657316174055537e-17
4.594197071906999e+03 5.089391364981987e-16 3.611715773708571e-17
4.595255046675374e+03 5.125865066755264e-16 3.636044007538769e-17
4.596313265079494e+03 5.345945377696294e-16 3.711440266624706e-17
4.597371727175458e+03 5.020502777842879e-16 3.705600446811860e-17
4.598430433019392e+03 5.344852198151592e-16 3.765188110341217e-17
4.599489382667418e+03 5.151380186602315e-16 3.663149034246415e-17
4.600548576175692e+03 5.323305105461844e-16 3.616608078901157e-17
4.601608013600358e+03 5.536792483893158e-16 3.701159343977613e-17
4.602667694997600e+03 5.020249419686401e-16 3.628357070695533e-17
4.603727620423590e+03 5.168713548760196e-16 3.673658708798780e-17
4.604787789934533e+03 4.657416286827357e-16 3.528208061271496e-17
4.605848203586629e+03 5.671812279486824e-16 3.750911818457633e-17
4.606908861436109e+03 5.719966955084123e-16 3.850623068273527e-17
4.607969763539200e+03 5.539366930647917e-16 3.775138315389719e-17
4.609030909952159e+03 5.221017616606230e-16 3.679328669728164e-17
4.610092300731238e+03 5.083089900571522e-16 3.618782734336059e-17
4.611153935932718e+03 5.104782580644914e-16 3.633312310637281e-17
4.612215815612877e+03 4.712139296107297e-16 3.633636988747239e-17
4.613277939828026e+03 5.065835154325023e-16 3.730396818088885e-17
4.614340308634472e+03 5.078159275690661e-16 3.775138084330770e-17
4.615402922088536e+03 5.057010567921513e-16 3.766818003550239e-17
4.616465780246566e+03 5.563462208639637e-16 3.808635650189649e-17
4.617528883164904e+03 4.781310461498753e-16 3.704276210210439e-17
4.618592230899925e+03 4.799140674742355e-16 3.677770544943710e-17
4.619655823507997e+03 5.538979774427655e-16 3.800334455918502e-17
4.620719661045518e+03 4.906105927535931e-16 3.728432876525013e-17
4.621783743568885e+03 4.476339218036232e-16 3.592022229827075e-17
4.622848071134523e+03 5.354271736420883e-16 3.668762098957161e-17
4.623912643798851e+03 4.813012557868903e-16 3.527292337122774e-17
4.624977461618322e+03 5.390971763782152e-16 3.576600263695377e-17
4.626042524649382e+03 5.595722904265336e-16 3.623282013824538e-17
4.627107832948511e+03 5.025879764459861e-16 3.543386388134160e-17
4.628173386572176e+03 5.446579056839399e-16 3.614176020891895e-17
4.629239185576886e+03 5.863650481087192e-16 3.626848643757751e-17
4.630305230019137e+03 4.393412892303286e-16 3.459765599488584e-17
4.631371519955459e+03 4.803989000775988e-16 3.537226630989692e-17
4.632438055442377e+03 5.771746037197237e-16 3.634469665597795e-17
4.633504836536446e+03 5.491059337892207e-16 3.616552981668318e-17
4.634571863294217e+03 5.097978108812222e-16 3.566122762150572e-17
4.635639135772272e+03 5.328938780009700e-16 3.594228049994020e-17
4.636706654027191e+03 5.307866917520320e-16 3.592286808611928e-17
4.637774418115569e+03 4.455132961223253e-16 3.507290981063763e-17
4.638842428094028e+03 4.856009043583026e-16 3.600039038114788e-17
4.639910684019183e+03 6.308324471193969e-16 3.851205601156364e-17
4.640979185947679e+03 4.906630469110020e-16 3.693651228516137e-17
4.642047933936159e+03 5.082823209139520e-16 3.627771770658909e-17
4.643116928041298e+03 5.103507488849196e-16 3.609077121057958e-17
4.644186168319760e+03 5.923398673279447e-16 3.725303134569308e-17
4.645255654828248e+03 5.315849751623433e-16 3.707838099998313e-17
4.646325387623455e+03 4.977394278354556e-16 3.734322323655769e-17
4.647395366762104e+03 4.346747412756836e-16 3.680327601721262e-17
4.648465592300918e+03 5.567045516202661e-16 3.723236743760762e-17
4.649536064296646e+03 5.304619794804802e-16 3.646324436130373e-17
4.650606782806035e+03 5.050444844740117e-16 3.586607836418872e-17
4.651677747885864e+03 5.600723097251840e-16 3.612326613262937e-17
4.652748959592903e+03 5.253476385524170e-16 3.516111065886542e-17
4.653820417983958e+03 5.386442846097039e-16 3.541657376332232e-17
4.654892123115826e+03 4.943843374571208e-16 3.596121565335901e-17
4.655964075045336e+03 4.709480632623099e-16 3.683343285498069e-17
4.657036273829320e+03 4.962405584126842e-16 3.720872316258771e-17
4.658108719524617e+03 5.568822886031246e-16 3.708510689779163e-17
4.659181412188100e+03 5.885575079776476e-16 3.653520355767605e-17
4.660254351876629e+03 5.916481915142485e-16 3.592391586342336e-17
4.661327538647101e+03 5.507605414936824e-16 3.499054659573187e-17
4.662400972556407e+03 4.456289649456615e-16 3.349985062430605e-17
4.663474653661468e+03 4.966269564856626e-16 3.407094704948427e-17
4.664548582019201e+03 4.683124355248894e-16 3.379051865650541e-17
4.665622757686550e+03 4.496888550413847e-16 3.322865541951397e-17
4.666697180720463e+03 4.435103121036064e-16 3.366092057579184e-17
4.667771851177909e+03 5.130796475857528e-16 3.498100010759341e-17
4.668846769115861e+03 5.118670478430155e-16 3.520597865405633e-17
4.669921934591316e+03 4.586788754608022e-16 3.385037489860638e-17
4.670997347661271e+03 4.799931988428349e-16 3.451609988239594e-17
4.672073008382753e+03 5.026191692878136e-16 3.599953965929014e-17
4.673148916812780e+03 5.250703632433030e-16 3.662084632546721e-17
4.674225073008408e+03 5.406221999419914e-16 3.643842496523398e-17
4.675301477026683e+03 5.270714383985471e-16 3.560277026395991e-17
4.676378128924684e+03 5.301531667792533e-16 3.514560541857711e-17
4.677455028759490e+03 5.451066499807521e-16 3.531423373486792e-17
4.678532176588193e+03 5.282698097237792e-16 3.511159900237830e-17
4.679609572467909e+03 5.263741412841739e-16 3.496127741223955e-17
4.680687216455754e+03 5.543976586299536e-16 3.541464362467662e-17
4.681765108608873e+03 5.273965346328949e-16 3.556630943984148e-17
4.682843248984403e+03 5.233666734574222e-16 3.540713295190763e-17
4.683921637639516e+03 5.517205302253459e-16 3.584245897614712e-17
4.685000274631379e+03 5.487318752639334e-16 3.558470949968747e-17
4.686079160017189e+03 5.950849250568550e-16 3.614744659289409e-17
4.687158293854137e+03 6.096690333957066e-16 3.667778451607261e-17
4.688237676199448e+03 6.111785351090440e-16 3.649869708393903e-17
4.689317307110341e+03 5.616038375491293e-16 3.511637610419448e-17
4.690397186644065e+03 4.826072543247077e-16 3.366872843854806e-17
4.691477314857865e+03 5.337015425407633e-16 3.488568055312431e-17
4.692557691809018e+03 5.297848640785629e-16 3.535948553706068e-17
4.693638317554795e+03 5.327203647148965e-16 3.582644247643144e-17
4.694719192152500e+03 5.410736400678057e-16 3.564505345273636e-17
4.695800315659428e+03 4.864773758039196e-16 3.448366546437171e-17
4.696881688132911e+03 5.505901629267140e-16 3.525229025782319e-17
4.697963309630272e+03 5.425878887487130e-16 3.475550170721614e-17
4.699045180208866e+03 5.019298650227643e-16 3.414741218351964e-17
4.700127299926045e+03 4.829016857114970e-16 3.447330374686759e-17
4.701209668839189e+03 5.437284119361760e-16 3.589584940895377e-17
4.702292287005681e+03 5.492584641163388e-16 3.579277980123924e-17
4.703375154482917e+03 5.146078874012253e-16 3.496138615183238e-17
4.704458271328315e+03 4.968414927445915e-16 3.418008810492492e-17
4.705541637599295e+03 5.076800608288768e-16 3.418050852937894e-17
4.706625253353303e+03 5.093266720975262e-16 3.463190830871694e-17
4.707709118647784e+03 5.162715532826044e-16 3.546979600482807e-17
4.708793233540211e+03 4.957380071712361e-16 3.484263040658360e-17
4.709877598088054e+03 5.000160468946831e-16 3.402768478260794e-17
4.710962212348813e+03 5.927337541517875e-16 3.541780747868935e-17
4.712047076379987e+03 6.498718233847769e-16 3.753319354155236e-17
4.713132190239100e+03 6.802528862081368e-16 3.898189053589393e-17
4.714217553983677e+03 6.019934013762025e-16 3.733804951955979e-17
4.715303167671270e+03 5.753683734506832e-16 3.554064189644490e-17
4.716389031359430e+03 5.074501665859457e-16 3.417675546612972e-17
4.717475145105736e+03 4.534016025949056e-16 3.390674144010996e-17
4.718561508967764e+03 4.403315748227059e-16 3.520641562086843e-17
4.719648123003122e+03 4.727373350187879e-16 3.576487329544901e-17
4.720734987269411e+03 4.539103652975198e-16 3.341719100411575e-17
4.721822101824266e+03 4.320590407249852e-16 3.261536992824151e-17
4.722909466725317e+03 4.990946708942842e-16 3.363142074370865e-17
4.723997082030212e+03 4.899582784929162e-16 3.354484104942466e-17
4.725084947796626e+03 4.513549156815114e-16 3.345532305891146e-17
4.726173064082225e+03 5.631378315819619e-16 3.510604522953622e-17
4.727261430944712e+03 4.882256891146229e-16 3.362986615514198e-17
4.728350048441778e+03 4.230885894151860e-16 3.259044433682420e-17
4.729438916631152e+03 4.042083195705655e-16 3.268196860619203e-17
4.730528035570556e+03 4.409554448772560e-16 3.329759703316036e-17
4.731617405317741e+03 4.514571137696586e-16 3.388741878834950e-17
4.732707025930457e+03 4.735478585537811e-16 3.475732443816770e-17
4.733796897466484e+03 4.683736869924638e-16 3.421444129221753e-17
4.734887019983595e+03 4.301124793692526e-16 3.346761529019006e-17
4.735977393539597e+03 4.856781440843698e-16 3.443240171984337e-17
4.737068018192291e+03 5.071569679085760e-16 3.603583075586655e-17
4.738158893999510e+03 4.432966643688242e-16 3.579605743085230e-17
4.739250021019084e+03 5.070946845003829e-16 3.666037678798190e-17
4.740341399308870e+03 5.716355722549748e-16 3.685283555842828e-17
4.741433028926724e+03 5.636248707150491e-16 3.643055260908908e-17
4.742524909930532e+03 5.295281824415401e-16 3.659277536829288e-17
4.743617042378179e+03 5.188887574003762e-16 3.728221602234548e-17
4.744709426327566e+03 4.220596991334747e-16 3.600059058702038e-17
4.745802061836617e+03 4.154734472008822e-16 3.489158570610399e-17
4.746894948963254e+03 4.447491818735641e-16 3.426275389270301e-17
4.747988087765432e+03 4.356047639100295e-16 3.341270180352487e-17
4.749081478301096e+03 4.471197420744805e-16 3.360847032508192e-17
4.750175120628228e+03 4.901170204977883e-16 3.449304706038971e-17
4.751269014804800e+03 4.951910463726951e-16 3.449506142348235e-17
4.752363160888821e+03 4.894618697570586e-16 3.428128630503234e-17
4.753457558938290e+03 4.353305620235342e-16 3.323150082855107e-17
4.754552209011242e+03 5.220137585481856e-16 3.494256399824986e-17
4.755647111165704e+03 5.284967141266365e-16 3.531180758806716e-17
4.756742265459737e+03 4.060477485436880e-16 3.434413649044502e-17
4.757837671951393e+03 4.553337579154297e-16 3.532056640693014e-17
4.758933330698762e+03 4.731826438934294e-16 3.470801670726909e-17
4.760029241759923e+03 4.648108838761608e-16 3.388245747875159e-17
4.761125405192990e+03 4.837007970766524e-16 3.402004873772788e-17
4.762221821056071e+03 5.081553436319232e-16 3.439715355695037e-17
4.763318489407308e+03 4.991740490457537e-16 3.477965194947790e-17
4.764415410304834e+03 4.643771563442544e-16 3.530475852825418e-17
4.765512583806816e+03 4.361263084743022e-16 3.638587172939598e-17
4.766610009971420e+03 4.502709587758020e-16 3.699409695431734e-17
4.767707688856828e+03 4.483820509747138e-16 3.593097680295567e-17
4.768805620521244e+03 3.794494586631594e-16 3.393389779823919e-17
4.769903805022874e+03 4.286673139677281e-16 3.313889591921126e-17
4.771002242419947e+03 4.733299358212538e-16 3.339187188944770e-17
4.772100932770695e+03 5.076677603672003e-16 3.390775301832982e-17
4.773199876133378e+03 4.444480574123233e-16 3.349474384064072e-17
4.774299072566252e+03 3.996118278091840e-16 3.381399533792301e-17
4.775398522127603e+03 4.597777205708785e-16 3.522951638544506e-17
4.776498224875716e+03 5.324011917690008e-16 3.566901178145969e-17
4.777598180868903e+03 4.090168205819220e-16 3.256301574413742e-17
4.778698390165474e+03 4.607909386066285e-16 3.330029629147443e-17
4.779798852823771e+03 4.239569897544533e-16 3.219910289330634e-17
4.780899568902129e+03 4.886352886699660e-16 3.361585043206723e-17
4.782000538458918e+03 4.060981227143418e-16 3.317685225569413e-17
4.783101761552498e+03 4.309658246411375e-16 3.357792447678524e-17
4.784203238241266e+03 4.420905741952137e-16 3.264950657981512e-17
4.785304968583611e+03 4.382984179758651e-16 3.290569535520012e-17
4.786406952637957e+03 4.768463805344402e-16 3.365496778918689e-17
4.787509190462718e+03 4.311695024599251e-16 3.339160404628075e-17
4.788611682116345e+03 3.846651749601380e-16 3.242701202143306e-17
4.789714427657285e+03 3.856834123448347e-16 3.202740746579762e-17
4.790817427144000e+03 4.322539548598022e-16 3.209159270236037e-17
4.791920680634980e+03 4.446001525824804e-16 3.214950134694692e-17
4.793024188188709e+03 4.203373378210363e-16 3.220998969147133e-17
4.794127949863700e+03 4.124114799903301e-16 3.298228593607379e-17
4.795231965718469e+03 4.346446326300874e-16 3.370338198892384e-17
4.796336235811556e+03 4.662072708261115e-16 3.412813212134149e-17
4.797440760201500e+03 4.727100134569711e-16 3.330325846121197e-17
4.798545538946872e+03 4.746097068450756e-16 3.254420210481950e-17
4.799650572106234e+03 4.690035468160560e-16 3.195722122295484e-17
4.800755859738186e+03 4.272895244819287e-16 3.106413252480621e-17
4.801861401901317e+03 4.313070634548314e-16 3.118590817014184e-17
4.802967198654253e+03 4.639276543755623e-16 3.191965881643649e-17
4.804073250055613e+03 4.624247995785600e-16 3.165196051543722e-17
4.805179556164049e+03 4.498737476132824e-16 3.104879599322751e-17
4.806286117038205e+03 4.825681613334197e-16 3.176054655971057e-17
4.807392932736759e+03 4.703899694496135e-16 3.172009090624514e-17
4.808500003318384e+03 4.542514120558145e-16 3.167291788782309e-17
4.809607328841787e+03 4.186987342386077e-16 3.197837307486476e-17
4.810714909365670e+03 3.691717565927973e-16 3.139919480452184e-17
4.811822744948752e+03 4.200282769421642e-16 3.157263991581818e-17
4.812930835649780e+03 4.923974831340431e-16 3.203227516415592e-17
4.814039181527493e+03 4.442371822740801e-16 3.074848914239229e-17
4.815147782640664e+03 4.918003594193508e-16 3.195011555705401e-17
4.816256639048062e+03 4.081693659050176e-16 3.072907333491631e-17
4.817365750808485e+03 4.415768856324676e-16 3.149604217933971e-17
4.818475117980728e+03 4.555705218716254e-16 3.133083287699647e-17
4.819584740623618e+03 4.487762973811746e-16 3.118310119601586e-17
4.820694618795977e+03 4.664874305289543e-16 3.237303867417679e-17
4.821804752556657e+03 4.682694864411654e-16 3.277041061754766e-17
4.822915141964511e+03 4.132570646144330e-16 3.237117521774253e-17
4.824025787078416e+03 5.069513445608015e-16 3.306005385949966e-17
4.825136687957251e+03 4.381781904960053e-16 3.140541915622998e-17
4.826247844659921e+03 4.420780022271944e-16 3.104515501143821e-17
4.827359257245332e+03 4.366316860534595e-16 3.122513878407371e-17
4.828470925772417e+03 4.356860248816399e-16 3.162250043495123e-17
4.829582850300108e+03 4.299166350786604e-16 3.210790089085350e-17
4.830695030887367e+03 4.455310565832268e-16 3.267525050550744e-17
4.831807467593149e+03 4.885462908955645e-16 3.331357919778095e-17
4.832920160476448e+03 4.898581769859658e-16 3.329215134021662e-17
4.834033109596250e+03 4.742745986178615e-16 3.255240546482329e-17
4.835146315011558e+03 4.263381324652382e-16 3.145979265727338e-17
4.836259776781403e+03 3.831027898560848e-16 3.093260398101505e-17
4.837373494964811e+03 4.252071185749887e-16 3.112692057751326e-17
4.838487469620839e+03 4.583618659073866e-16 3.096506967901943e-17
4.839601700808538e+03 4.055316919277073e-16 3.035593392938892e-17
4.840716188586995e+03 4.181137383487414e-16 3.087545952979818e-17
4.841830933015287e+03 4.202611380034044e-16 3.115692921938487e-17
4.842945934152529e+03 4.219183063076902e-16 3.087312160677982e-17
4.844061192057826e+03 4.368194314933147e-16 3.075940032920925e-17
4.845176706790317e+03 4.324667048130013e-16 3.082360639314585e-17
4.846292478409138e+03 3.738984519942252e-16 3.081718881231411e-17
4.847408506973454e+03 4.507710850486462e-16 3.237598782403918e-17
4.848524792542426e+03 4.066813289214585e-16 3.209222894294760e-17
4.849641335175248e+03 4.139391837574904e-16 3.212051712088219e-17
4.850758134931109e+03 3.797542411551531e-16 3.057646253017177e-17
4.851875191869229e+03 4.040590018179092e-16 2.952074471989273e-17
4.852992506048825e+03 4.244399024148378e-16 3.012145073708641e-17
4.854110077529146e+03 4.166530336073867e-16 2.927884659909079e-17
4.855227906369432e+03 3.511331062445214e-16 2.847208973691124e-17
4.856345992628962e+03 4.057998835520150e-16 2.921497399612399e-17
4.857464336367009e+03 3.974141743652166e-16 2.906637971048322e-17
4.858582937642863e+03 4.039023541111293e-16 3.066229416937088e-17
4.859701796515838e+03 1.143854189285326e-15 4.650608024665883e-17
4.860820913045249e+03 6.226188897819009e-15 1.010730895231719e-16
4.861940287290437e+03 1.373379676710369e-14 2.358281997990043e-16
4.863059919310742e+03 1.347955971826690e-14 2.464621158770065e-16
4.864179809165535e+03 5.721955755905736e-15 1.032480515206203e-16
4.865299956914181e+03 1.113289635111900e-15 4.024696611660310e-17
4.866420362616081e+03 3.490464876900429e-16 3.102028680393441e-17
4.867541026330625e+03 3.604563684144638e-16 2.979252091416942e-17
4.868661948117240e+03 3.939643375011768e-16 3.007461282709860e-17
4.869783128035349e+03 3.820325874982462e-16 2.926452387168254e-17
4.870904566144402e+03 3.385131239374124e-16 2.880187504355164e-17
4.872026262503850e+03 3.502278114881814e-16 2.966460925725393e-17
4.873148217173172e+03 3.840060531560868e-16 3.049853043977359e-17
4.874270430211844e+03 4.337633471344192e-16 3.118441710206187e-17
4.875392901679373e+03 4.460809113976801e-16 3.126255843722139e-17
4.876515631635262e+03 4.138362082173284e-16 3.076295461022074e-17
4.877638620139048e+03 4.288348835557182e-16 3.024257298218098e-17
4.878761867250265e+03 4.157027558945116e-16 2.991194722781092e-17
4.879885373028460e+03 3.999454725305273e-16 2.962656614752888e-17
4.881009137533213e+03 4.412043593288765e-16 3.109684188158013e-17
4.882133160824093e+03 4.132166621444085e-16 3.238134969325622e-17
4.883257442960706e+03 3.923831657454529e-16 3.209583239821496e-17
4.884381984002648e+03 4.783462540551815e-16 3.220596772164930e-17
4.885506784009552e+03 4.858990624728481e-16 3.166216374601449e-17
4.886631843041045e+03 4.246832906260050e-16 3.113252868166650e-17
4.887757161156785e+03 4.384204962557831e-16 3.126386124212988e-17
4.888882738416425e+03 3.823516000120533e-16 3.045888685288265e-17
4.890008574879654e+03 4.362639832701127e-16 3.059799200156601e-17
4.891134670606150e+03 3.515337413596869e-16 2.853794287822325e-17
4.892261025655629e+03 3.795204043802634e-16 2.799777947298550e-17
4.893387640087800e+03 4.555121577461615e-16 2.950769680240307e-17
4.894514513962404e+03 4.182453241048342e-16 2.918072862134329e-17
4.895641647339176e+03 4.526533766187865e-16 2.974599232321098e-17
4.896769040277887e+03 4.078979945012164e-16 2.873321739950218e-17
4.897896692838298e+03 4.362329668825145e-16 2.891906173074332e-17
4.899024605080209e+03 3.897187507235998e-16 2.773650696843571e-17
4.900152777063413e+03 4.499279680231512e-16 2.900055756930441e-17
4.901281208847721e+03 4.238281429145004e-16 2.856555718956534e-17
4.902409900492971e+03 4.081669968247578e-16 2.882419952525098e-17
4.903538852058995e+03 4.280076919306696e-16 2.923139579224723e-17
4.904668063605658e+03 4.172807062779493e-16 2.932214831290226e-17
4.905797535192821e+03 4.186664526583820e-16 2.996545670429364e-17
4.906927266880378e+03 4.662818307135205e-16 3.028243875992156e-17
4.908057258728214e+03 4.500680459219188e-16 2.988277883053082e-17
4.909187510796252e+03 4.739463838200594e-16 3.066635717095313e-17
4.910318023144406e+03 4.185960238050441e-16 2.982266437916944e-17
4.911448795832624e+03 4.520190549692928e-16 2.924789695243290e-17
4.912579828920850e+03 3.963880053970946e-16 2.813984724382329e-17
4.913711122469058e+03 4.070830368849054e-16 2.849835214078943e-17
4.914842676537220e+03 4.547816675561802e-16 2.922388313783556e-17
4.915974491185340e+03 4.255174016180403e-16 2.896445797859009e-17
4.917106566473413e+03 4.137890328421154e-16 2.849865704612347e-17
4.918238902461473e+03 4.040712221901862e-16 2.904736359072372e-17
4.919371499209546e+03 4.572963253647537e-16 3.072325865776582e-17
4.920504356777687e+03 4.476757380032528e-16 3.120946920133356e-17
4.921637475225954e+03 5.130738668229939e-16 3.219687953531778e-17
4.922770854614430e+03 5.912175360209446e-16 3.298064155120878e-17
4.923904495003204e+03 5.414482971613372e-16 3.141325147719236e-17
4.925038396452372e+03 4.772085944414104e-16 2.972057976843947e-17
4.926172559022064e+03 4.163054977194254e-16 2.834799231833014e-17
4.927306982772402e+03 4.165904006898060e-16 2.801880666341496e-17
4.928441667763542e+03 4.178055857456576e-16 2.796086168444741e-17
4.929576614055633e+03 4.179135761093758e-16 2.785486270970844e-17
4.930711821708861e+03 4.339937446828004e-16 2.838779987437410e-17
4.931847290783401e+03 3.930866201714527e-16 2.820684024705128e-17
4.932983021339467e+03 4.218743626817798e-16 2.887756536287701e-17
4.934119013437261e+03 4.356920780581570e-16 2.871571109224014e-17
4.935255267137025e+03 4.300531302858875e-16 2.841463656557211e-17
4.936391782498990e+03 4.203476730591977e-16 2.870358865723408e-17
4.937528559583424e+03 4.295152609697842e-16 2.940798793251247e-17
4.938665598450589e+03 3.872535201684873e-16 2.843208261785231e-17
4.939802899160777e+03 3.956656503428008e-16 2.800329157293507e-17
4.940940461774278e+03 4.463571467786659e-16 2.851736128167438e-17
4.942078286351413e+03 4.358938030227283e-16 2.819936826699752e-17
4.943216372952501e+03 4.408365166363993e-16 2.824760416390039e-17
4.944354721637889e+03 3.923728353507661e-16 2.782268595789926e-17
4.945493332467924e+03 3.870202375923327e-16 2.807954318938766e-17
4.946632205502983e+03 4.343580873764360e-16 2.914974801796480e-17
4.947771340803442e+03 4.228726995984874e-16 2.867427727640926e-17
4.948910738429693e+03 4.107360177815145e-16 2.787457797223707e-17
4.950050398442154e+03 4.325765147066497e-16 2.832778941535102e-17
4.951190320901240e+03 3.955083952603154e-16 2.792063608417452e-17
4.952330505867399e+03 3.953740399602637e-16 2.812502954821764e-17
4.953470953401071e+03 4.528750373179639e-16 2.947204794053115e-17
4.954611663562731e+03 4.673838032521409e-16 3.007593755121538e-17
4.955752636412851e+03 4.986062159099938e-16 3.100353814876632e-17
4.956893872011931e+03 1.266243246887307e-15 4.421553406174508e-17
4.958035370420472e+03 7.471076996740179e-15 1.385543830098987e-16
4.959177131699002e+03 2.535100590497706e-14 4.321053975617695e-16
4.960319155908046e+03 3.356078725414914e-14 5.944086329442724e-16
4.961461443108164e+03 1.818714351505797e-14 3.085940388726758e-16
4.962603993359909e+03 3.465307639264459e-15 7.903794359309944e-17
4.963746806723867e+03 5.903857811258796e-16 3.222562881535947e-17
4.964889883260620e+03 4.692976052007116e-16 2.914161316408643e-17
4.966033223030781e+03 4.376657286140349e-16 2.818530793174950e-17
4.967176826094960e+03 3.990311109477451e-16 2.779435800478768e-17
4.968320692513800e+03 4.432249366011384e-16 2.860735477856403e-17
4.969464822347942e+03 4.151863101454993e-16 2.833505855392758e-17
4.970609215658042e+03 4.494052443732439e-16 2.907633391820711e-17
4.971753872504783e+03 4.002838863509293e-16 2.841255559559599e-17
4.972898792948847e+03 4.136480713811611e-16 2.911336136301290e-17
4.974043977050943e+03 4.444649898270423e-16 2.991348562152930e-17
4.975189424871778e+03 4.570575041570548e-16 3.005172783815448e-17
4.976335136472095e+03 3.943652375614427e-16 2.921856618502758e-17
4.977481111912625e+03 4.091182249347807e-16 2.948426215314363e-17
4.978627351254139e+03 4.517329852646098e-16 2.958139149166657e-17
4.979773854557398e+03 3.818229352260478e-16 2.809887756501313e-17
4.980920621883201e+03 3.814296448478782e-16 2.801608286312615e-17
4.982067653292334e+03 4.251714887056549e-16 2.834242505245191e-17
4.983214948845625e+03 3.525394072223080e-16 2.764434945142928e-17
4.984362508603892e+03 3.929580718996832e-16 2.884671515092276e-17
4.985510332627987e+03 4.553140164226712e-16 2.982959630836934e-17
4.986658420978755e+03 4.610247959998259e-16 2.967327177716232e-17
4.987806773717079e+03 4.763679780789770e-16 2.938115555331803e-17
4.988955390903831e+03 4.509565450798897e-16 2.887214428184545e-17
4.990104272599922e+03 4.110158812203884e-16 2.861346652037673e-17
4.991253418866258e+03 4.190859256980259e-16 2.879117998562729e-17
4.992402829763761e+03 3.867249256889494e-16 2.829696578281905e-17
4.993552505353375e+03 3.775709128387953e-16 2.783148925061701e-17
4.994702445696063e+03 4.039751702656788e-16 2.812563056178333e-17
4.995852650852785e+03 4.168403332331952e-16 2.809347480668169e-17
4.997003120884522e+03 3.655904570960225e-16 2.734908926014440e-17
4.998153855852279e+03 4.272181973537711e-16 2.798323393240617e-17
4.999304855817056e+03 4.827784909008953e-16 2.890612671772003e-17
5.000456120839890e+03 4.729270543027435e-16 2.858678626529199e-17
5.001607650981808e+03 4.292929901237182e-16 2.821974289989844e-17
5.002759446303873e+03 4.863418408501231e-16 2.976777553439626e-17
5.003911506867144e+03 6.869652421535150e-16 3.734553632947800e-17
5.005063832732711e+03 3.516841660057996e-15 6.754296373523167e-17
5.006216423961658e+03 3.107691911147873e-14 3.266677847611533e-16
5.007369280615106e+03 8.391974738773105e-14 1.245808190639183e-15
5.008522402754167e+03 9.156157031692893e-14 1.443600984589138e-15
5.009675790439988e+03 4.063152802138994e-14 5.103942278409391e-16
5.010829443733713e+03 4.993664266275736e-15 9.354558669972269e-17
5.011983362696515e+03 5.368318735422983e-16 3.725676693855460e-17
5.013137547389564e+03 5.386975534879443e-16 3.026954714805657e-17
5.014291997874064e+03 4.513529312144452e-16 2.892504741357093e-17
5.015446714211213e+03 5.134833627392810e-16 2.983299015584544e-17
5.016601696462243e+03 6.591954480778328e-16 3.193487657331731e-17
5.017756944688385e+03 5.895839100336918e-16 3.077292028624716e-17
5.018912458950884e+03 4.621271736251801e-16 2.880321665277751e-17
5.020068239311014e+03 4.288734321817015e-16 2.864650458554341e-17
5.021224285830041e+03 4.271395826550574e-16 2.891249123216805e-17
5.022380598569272e+03 3.914585392689543e-16 2.848148889637148e-17
5.023537177590001e+03 4.386272267490692e-16 2.866607056557082e-17
5.024694022953558e+03 4.206755592397224e-16 2.816760684056227e-17
5.025851134721271e+03 3.854822756696020e-16 2.735434232539183e-17
5.027008512954494e+03 4.178528918203316e-16 2.788628463462953e-17
5.028166157714583e+03 4.006770339556573e-16 2.740794547391103e-17
5.029324069062925e+03 3.778815419014626e-16 2.678488589691111e-17
5.030482247060901e+03 4.027720091001590e-16 2.666044902249676e-17
5.031640691769927e+03 3.504508733371168e-16 2.621482991001155e-17
5.032799403251411e+03 3.854143692498888e-16 2.718167969804531e-17
5.033958381566798e+03 4.031522713771611e-16 2.782752872760177e-17
5.035117626777525e+03 3.599206290545245e-16 2.704450026965425e-17
5.036277138945065e+03 3.836671330001522e-16 2.726444683043346e-17
5.037436918130883e+03 3.935228324343791e-16 2.757515809679146e-17
5.038596964396481e+03 3.890874850629174e-16 2.765863963970709e-17
5.039757277803357e+03 4.411104666936904e-16 2.835733612695453e-17
5.040917858413025e+03 3.828021330125678e-16 2.760670460469078e-17
5.042078706287029e+03 3.567795418027269e-16 2.738363113077358e-17
5.043239821486903e+03 3.900799183725566e-16 2.748697469999625e-17
5.044401204074221e+03 4.047260154882851e-16 2.706238061577872e-17
5.045562854110546e+03 3.821284402324722e-16 2.682529779774576e-17
5.046724771657481e+03 3.706730589217373e-16 2.707017013867781e-17
5.047886956776616e+03 3.898363616221676e-16 2.716475921413491e-17
5.049049409529580e+03 3.971263094874420e-16 2.706397188102652e-17
5.050212129977996e+03 4.137687731881491e-16 2.671722884382053e-17
5.051375118183520e+03 3.877763170124209e-16 2.642507059737732e-17
5.052538374207802e+03 3.671077193301902e-16 2.719430676004176e-17
5.053701898112527e+03 3.828480881023296e-16 2.861974584726520e-17
5.054865689959373e+03 4.231824629332419e-16 2.989166932570944e-17
5.056029749810054e+03 4.079694528369429e-16 2.917133341704031e-17
5.057194077726277e+03 4.496220976406297e-16 2.823746196601357e-17
5.058358673769783e+03 4.534911192562613e-16 2.715116742324131e-17
5.059523538002310e+03 3.885155927170301e-16 2.647571538537996e-17
5.060688670485623e+03 3.859413677843906e-16 2.715533452096541e-17
5.061854071281497e+03 4.160254752991201e-16 2.762846619528455e-17
5.063019740451710e+03 3.816775934246334e-16 2.697237304107579e-17
5.064185678058079e+03 4.280460854763836e-16 2.706834172361632e-17
5.065351884162408e+03 4.349590908101531e-16 2.718923705316818e-17
5.066518358826540e+03 4.543649601889102e-16 2.776740253054299e-17
5.067685102112308e+03 4.687145690216670e-16 2.763738200036638e-17
5.068852114081585e+03 4.808043269077297e-16 2.796961975017607e-17
5.070019394796230e+03 4.680827220869880e-16 2.801633805637881e-17
5.071186944318145e+03 4.429519948575343e-16 2.714470899367115e-17
5.072354762709221e+03 3.906335527517473e-16 2.622139417529812e-17
5.073522850031384e+03 4.052693307089539e-16 2.610370017830231e-17
5.074691206346556e+03 4.115180812128450e-16 2.653682299377112e-17
5.075859831716691e+03 4.336555352697709e-16 2.789072955002482e-17
5.077028726203739e+03 4.102843196541809e-16 2.838903318823506e-17
5.078197889869683e+03 3.466346274723085e-16 2.719445706348438e-17
5.079367322776502e+03 3.817166562198950e-16 2.643489676935906e-17
5.080537024986205e+03 3.615661261346121e-16 2.532539571315495e-17
5.081706996560803e+03 4.219873869739225e-16 2.629796457660712e-17
5.082877237562334e+03 3.962389748669713e-16 2.661286283124658e-17
5.084047748052833e+03 4.192577660345611e-16 2.738376752427083e-17
5.085218528094370e+03 4.136684214509278e-16 2.721303310200315e-17
5.086389577749008e+03 3.917751872762293e-16 2.753082224920314e-17
5.087560897078844e+03 4.236437059487467e-16 2.941702984324587e-17
5.088732486145978e+03 4.016031692415936e-16 3.008085689849513e-17
5.089904345012519e+03 3.826286195274470e-16 2.886607078225175e-17
5.091076473740609e+03 4.015800749505267e-16 2.798171622931838e-17
5.092248872392383e+03 3.926776902965168e-16 2.728052532315457e-17
5.093421541030008e+03 3.705378196836203e-16 2.638051756203135e-17
5.094594479715651e+03 3.685948766638380e-16 2.578642471934085e-17
5.095767688511509e+03 3.844993531400577e-16 2.562069605370299e-17
5.096941167479772e+03 3.505787941084445e-16 2.534674249069830e-17
5.098114916682671e+03 3.091838865456891e-16 2.471305261744060e-17
5.099288936182424e+03 3.694632422161474e-16 2.598120808328266e-17
5.100463226041286e+03 3.801315128785895e-16 2.636703716591870e-17
5.101637786321508e+03 4.049527075898959e-16 2.634406185099516e-17
5.102812617085374e+03 3.837947800493246e-16 2.559634349067853e-17
5.103987718395161e+03 3.573651057725766e-16 2.523577276723649e-17
5.105163090313184e+03 4.410439119062696e-16 2.726092885404526e-17
5.106338732901747e+03 3.761194139933980e-16 2.700614609869853e-17
5.107514646223194e+03 3.810923848347446e-16 2.689644311886544e-17
5.108690830339860e+03 4.078323472688057e-16 2.721791271965341e-17
5.109867285314114e+03 3.295249729253722e-16 2.600735812342868e-17
5.111044011208327e+03 3.862278479236786e-16 2.631389653251242e-17
5.112221008084882e+03 3.599907296243311e-16 2.606468398989621e-17
5.113398276006192e+03 3.502499603639841e-16 2.787134926994970e-17
5.114575815034664e+03 3.456441404043518e-16 2.848701549807374e-17
5.115753625232742e+03 4.010564866410037e-16 2.864227826199376e-17
5.116931706662860e+03 3.406915048933557e-16 2.657894729666221e-17
5.118110059387490e+03 3.858397521828195e-16 2.660301227542755e-17
5.119288683469097e+03 4.003188737917767e-16 2.702579711879322e-17
5.120467578970181e+03 3.776519634372623e-16 2.636979772990259e-17
5.121646745953233e+03 3.895743519406763e-16 2.581124582318641e-17
5.122826184480784e+03 3.343056690712290e-16 2.475439436970324e-17
5.124005894615356e+03 3.713968025093045e-16 2.552581065942731e-17
5.125185876419506e+03 3.389461069305151e-16 2.608533659755002e-17
5.126366129955786e+03 3.764092402461657e-16 2.684374958581278e-17
5.127546655286781e+03 3.372951194612012e-16 2.622145833557125e-17
5.128727452475070e+03 3.529573121872077e-16 2.584196856542489e-17
5.129908521583270e+03 3.890873060582067e-16 2.670450595732040e-17
5.131089862673990e+03 3.474205225213007e-16 2.658907654834439e-17
5.132271475809872e+03 3.508012978534583e-16 2.641796111399312e-17
5.133453361053560e+03 3.358171027576218e-16 2.536772182963812e-17
5.134635518467710e+03 3.529116237205212e-16 2.537466703635911e-17
5.135817948115010e+03 3.620856199111587e-16 2.517691651551056e-17
5.137000650058141e+03 3.806085280163535e-16 2.585430106705490e-17
5.138183624359819e+03 3.538796977891104e-16 2.568648633950169e-17
5.139366871082753e+03 3.202924447683458e-16 2.455898866834738e-17
5.140550390289690e+03 3.221457857344649e-16 2.437289877385111e-17
5.141734182043365e+03 3.130440466012222e-16 2.458079544281830e-17
5.142918246406554e+03 3.881524318696361e-16 2.605752529243680e-17
5.144102583442025e+03 3.542382379679145e-16 2.598495593937039e-17
5.145287193212581e+03 3.207491143470896e-16 2.549765804902169e-17
5.146472075781016e+03 3.890748720269695e-16 2.696350455682136e-17
5.147657231210164e+03 3.742115880516975e-16 2.736364047421411e-17
5.148842659562849e+03 3.527736687750891e-16 2.680260317086568e-17
5.150028360901933e+03 3.430578164055792e-16 2.623481613803726e-17
5.151214335290269e+03 3.503324900745784e-16 2.540425877836261e-17
5.152400582790746e+03 3.356128824965210e-16 2.417131928932113e-17
5.153587103466248e+03 3.622426836119339e-16 2.454776601472092e-17
5.154773897379695e+03 3.480721958292560e-16 2.448509202673350e-17
5.155960964594003e+03 3.356169791619582e-16 2.490463900013369e-17
5.157148305172102e+03 3.590634949070780e-16 2.523363667266956e-17
5.158335919176953e+03 3.705644462809759e-16 2.503670990190353e-17
5.159523806671524e+03 3.653590998009384e-16 2.495184801932597e-17
5.160711967718792e+03 3.332494690453544e-16 2.517407446060659e-17
5.161900402381746e+03 3.584958108308927e-16 2.581806486755642e-17
5.163089110723406e+03 3.940957260455145e-16 2.584072110879790e-17
5.164278092806787e+03 3.398746916612023e-16 2.472631017565761e-17
5.165467348694936e+03 3.205694055817481e-16 2.447147093221799e-17
5.166656878450896e+03 3.210965678111361e-16 2.519689806789348e-17
5.167846682137747e+03 3.124431662488926e-16 2.556995249077121e-17
5.169036759818559e+03 2.896736476845998e-16 2.486498862989923e-17
5.170227111556441e+03 3.099500244746273e-16 2.458613729362045e-17
5.171417737414492e+03 3.410937702326597e-16 2.450101460226675e-17
5.172608637455849e+03 3.432753440244628e-16 2.480748620604330e-17
5.173799811743641e+03 3.751138376498738e-16 2.556449263606634e-17
5.174991260341034e+03 3.464091904783083e-16 2.476863796636303e-17
5.176182983311186e+03 3.158540367575758e-16 2.437414223741506e-17
5.177374980717294e+03 3.179918448388557e-16 2.436551421898156e-17
5.178567252622543e+03 3.729650766634908e-16 2.507867819039279e-17
5.179759799090157e+03 3.726787363701686e-16 2.530594007745246e-17
5.180952620183355e+03 3.645875281314142e-16 2.576718932662211e-17
5.182145715965389e+03 3.671296349160146e-16 2.587512622867028e-17
5.183339086499509e+03 3.118246771577699e-16 2.431405943821196e-17
5.184532731848984e+03 3.270926405516108e-16 2.429682932741801e-17
5.185726652077106e+03 3.643273351255796e-16 2.497308608774165e-17
5.186920847247168e+03 3.686701395392758e-16 2.542224008017240e-17
5.188115317422496e+03 3.150502048112617e-16 2.511265618326040e-17
5.189310062666406e+03 3.512413496771424e-16 2.531663817729200e-17
5.190505083042257e+03 3.442382237271519e-16 2.506445258510612e-17
5.191700378613393e+03 3.240295981042296e-16 2.488166511982606e-17
5.192895949443200e+03 3.309018115519660e-16 2.523343968566136e-17
5.194091795595055e+03 3.469274455448712e-16 2.560962544929659e-17
5.195287917132372e+03 3.509983639143318e-16 2.527142454126849e-17
5.196484314118557e+03 2.939860491342986e-16 2.421906551786750e-17
5.197680986617052e+03 3.628660389484740e-16 2.532545473352747e-17
5.198877934691292e+03 4.060588315928278e-16 2.597309149718286e-17
5.200075158404750e+03 3.471280186699520e-16 2.540671703105886e-17
5.201272657820891e+03 3.827943602378410e-16 3.720740973452307e-17
5.202470433003215e+03 3.358627066833223e-16 3.591567726009363e-17
5.203668484015217e+03 3.264189791381566e-16 3.530262802361373e-17
5.204866810920426e+03 3.395295812661807e-16 2.516642866818577e-17
5.206065413782371e+03 3.158247331848971e-16 2.456774577529200e-17
5.207264292664597e+03 3.033471790852600e-16 2.503807115357492e-17
5.208463447630676e+03 3.246565447322554e-16 2.491856499042223e-17
5.209662878744176e+03 3.635939941758128e-16 2.555759529350600e-17
5.210862586068700e+03 3.450494551264512e-16 2.488348412072554e-17
5.212062569667844e+03 3.398860166116200e-16 2.506654500372013e-17
5.213262829605243e+03 3.952251814024634e-16 2.596486599886529e-17
5.214463365944521e+03 3.171964199108602e-16 2.421846492319435e-17
5.215664178749340e+03 3.497990678576475e-16 2.512457113649059e-17
5.216865268083355e+03 3.066124801566722e-16 2.461602846377275e-17
5.218066634010258e+03 3.257791973576673e-16 2.522450576034906e-17
5.219268276593733e+03 3.605161453544246e-16 2.531209202439877e-17
5.220470195897501e+03 3.041414867730425e-16 2.474449712285738e-17
5.221672391985276e+03 3.441306635568698e-16 2.601282090978509e-17
5.222874864920806e+03 3.271495081041780e-16 2.579198083469223e-17
5.224077614767837e+03 3.809607387281534e-16 2.604973381879059e-17
5.225280641590146e+03 3.144126101714551e-16 2.449194018264994e-17
5.226483945451507e+03 3.307778452306817e-16 2.423897846881732e-17
5.227687526415729e+03 3.165979185347998e-16 2.431186324436174e-17
5.228891384546617e+03 3.143132337101924e-16 2.482398099859967e-17
5.230095519907994e+03 3.379061287302117e-16 2.520883582764326e-17
5.231299932563715e+03 3.312152345538353e-16 2.486974128526495e-17
5.232504622577623e+03 3.187337721795437e-16 2.415896477897828e-17
5.233709590013601e+03 3.008415350321422e-16 2.394231613545247e-17
5.234914834935526e+03 3.023459161443859e-16 2.425634517655463e-17
5.236120357407307e+03 3.293467863852936e-16 2.527431641205268e-17
5.237326157492850e+03 3.546797813079005e-16 2.619499147026037e-17
5.238532235256097e+03 3.938441708120225e-16 2.682451470510565e-17
5.239738590760982e+03 3.141187838660677e-16 2.529942074250493e-17
5.240945224071475e+03 3.421259028827492e-16 2.552321762739863e-17
5.242152135251537e+03 3.445862782894570e-16 2.531436983126719e-17
5.243359324365173e+03 3.263720186406655e-16 2.457429726909796e-17
5.244566791476374e+03 2.974143168771799e-16 2.362733212775974e-17
5.245774536649168e+03 3.119483259564210e-16 2.357537869905002e-17
5.246982559947580e+03 3.177395644612461e-16 2.367901451655719e-17
5.248190861435667e+03 3.299456525800646e-16 2.436189323511118e-17
5.249399441177482e+03 3.209967727795095e-16 2.465395107551486e-17
5.250608299237113e+03 3.491303901411324e-16 2.458192720394369e-17
5.251817435678643e+03 3.564505918186549e-16 2.397473897493264e-17
5.253026850566189e+03 3.298446774507224e-16 2.376911261182382e-17
5.254236543963862e+03 3.665659337733815e-16 2.471321803666021e-17
5.255446515935809e+03 3.059001968975381e-16 2.493088662088223e-17
5.256656766546177e+03 3.201626595200840e-16 2.512252874894079e-17
5.257867295859128e+03 3.334800433674887e-16 2.548474383464881e-17
5.259078103938850e+03 3.495125286303944e-16 2.567429551872479e-17
5.260289190849532e+03 3.387907060426991e-16 2.496396346183315e-17
5.261500556655394e+03 3.098734792622067e-16 2.415587130375449e-17
5.262712201420649e+03 2.978752581259741e-16 2.427282644354946e-17
5.263924125209551e+03 3.058251533079719e-16 2.463161229271665e-17
5.265136328086342e+03 2.793783465957526e-16 2.361361840423756e-17
5.266348810115303e+03 3.032297823040265e-16 2.313402539483737e-17
5.267561571360709e+03 2.919907499472015e-16 2.281670807030244e-17
5.268774611886867e+03 3.281208695762266e-16 2.331421303256334e-17
5.269987931758084e+03 3.194890390602367e-16 2.317188670109669e-17
5.271201531038698e+03 3.227043779773248e-16 2.347323873999523e-17
5.272415409793041e+03 2.796186210829198e-16 2.285571104313266e-17
5.273629568085485e+03 3.313731612625640e-16 2.422093536748623e-17
5.274844005980390e+03 3.135771229136187e-16 2.446154908316227e-17
5.276058723542157e+03 3.159704314413256e-16 2.428312454493117e-17
5.277273720835178e+03 2.729228384466297e-16 2.253009420789661e-17
5.278488997923881e+03 3.327053794078646e-16 2.387335305226183e-17
5.279704554872694e+03 3.809620790849294e-16 2.515281829719350e-17
5.280920391746058e+03 3.414308183226350e-16 2.469950116870091e-17
5.282136508608448e+03 3.779406499995685e-16 2.415967635014341e-17
5.283352905524329e+03 3.365408218818117e-16 2.335973312810673e-17
5.284569582558205e+03 3.100985412293199e-16 2.293801553903971e-17
5.285786539774571e+03 3.373889796288014e-16 2.377743501209714e-17
5.287003777237961e+03 3.009279528655446e-16 2.365098057349811e-17
5.288221295012901e+03 3.341919322751308e-16 2.459806190578180e-17
5.289439093163951e+03 3.673895792180346e-16 2.529841743935196e-17
5.290657171755668e+03 3.502807232522169e-16 2.544282519786068e-17
5.291875530852645e+03 3.275248129337312e-16 2.562059535356875e-17
5.293094170519467e+03 3.228006867142804e-16 2.460529762713988e-17
5.294313090820755e+03 3.275839333824598e-16 2.353805039301679e-17
5.295532291821124e+03 3.142137513900533e-16 2.357732404234188e-17
5.296751773585227e+03 3.035541693805775e-16 2.498293536420428e-17
5.297971536177708e+03 3.311074839967840e-16 2.657611195900429e-17
5.299191579663248e+03 3.486101235598642e-16 2.530407697480382e-17
5.300411904106522e+03 3.186806470491219e-16 2.341677478415009e-17
5.301632509572242e+03 3.344562240279740e-16 2.329988929580242e-17
5.302853396125117e+03 3.313908500227043e-16 2.385122539761463e-17
5.304074563829871e+03 3.239862498280997e-16 2.383083723521479e-17
5.305296012751261e+03 3.392254889765235e-16 2.356527788429338e-17
5.306517742954036e+03 3.389728733652996e-16 2.345951298387364e-17
5.307739754502983e+03 3.274529079822414e-16 2.332280340598631e-17
5.308962047462877e+03 3.159381172083103e-16 2.375366485080504e-17
5.310184621898537e+03 3.150362246009595e-16 2.440593945114207e-17
5.311407477874772e+03 3.121990762331649e-16 2.467773988396334e-17
5.312630615456425e+03 2.894612502778187e-16 2.375795913287644e-17
5.313854034708337e+03 3.337719556323804e-16 2.357919130652328e-17
5.315077735695382e+03 3.066097075254653e-16 2.329673405841039e-17
5.316301718482429e+03 3.259837610783393e-16 2.439608309137685e-17
5.317525983134383e+03 3.405259071218091e-16 2.584597615287261e-17
5.318750529716142e+03 3.351421456991586e-16 2.568564408109550e-17
5.319975358292642e+03 3.438964940308637e-16 2.453938471522829e-17
5.321200468928812e+03 3.023389154625669e-16 2.345661223419758e-17
5.322425861689614e+03 2.763309798195998e-16 2.344930857850849e-17
5.323651536640009e+03 2.902777986906165e-16 2.401309409762500e-17
5.324877493844990e+03 3.274272265561145e-16 2.433933358010818e-17
5.326103733369551e+03 3.004553179580752e-16 2.361947277893284e-17
5.327330255278703e+03 2.812900544395370e-16 2.290153901552147e-17
5.328557059637477e+03 3.076214274115609e-16 2.328640948434565e-17
5.329784146510924e+03 3.009975053479921e-16 2.314003835662526e-17
5.331011515964098e+03 3.159326285954569e-16 2.396850187570258e-17
5.332239168062065e+03 3.287239031758507e-16 2.412534731496191e-17
5.333467102869928e+03 3.340992533344240e-16 2.369748386690105e-17
5.334695320452778e+03 3.249354885580132e-16 2.309116298099945e-17
5.335923820875744e+03 3.319581956632259e-16 2.346075657798706e-17
5.337152604203950e+03 3.175474214092911e-16 2.324506401214167e-17
5.338381670502557e+03 3.311496675086273e-16 2.329047048667274e-17
5.339611019836718e+03 2.984507786818644e-16 2.274002788651753e-17
5.340840652271619e+03 3.162428055569965e-16 2.385871299414481e-17
5.342070567872446e+03 3.288102865903642e-16 2.628447969047323e-17
5.343300766704418e+03 3.158033830284784e-16 2.878535412320346e-17
5.344531248832749e+03 3.356176658457604e-16 3.202412666416580e-17
5.345762014322688e+03 3.163621917155522e-16 3.106144011319984e-17
5.346993063239477e+03 2.941386812467065e-16 2.669822484718269e-17
5.348224395648398e+03 2.941022372927837e-16 2.477927612067090e-17
5.349456011614721e+03 3.083077221450074e-16 2.450052944587589e-17
5.350687911203760e+03 3.036793318344957e-16 2.433236623730800e-17
5.351920094480815e+03 2.902909040212823e-16 2.336540016417036e-17
5.353152561511229e+03 3.499785699778558e-16 2.386066805972726e-17
5.354385312360338e+03 3.432938822488155e-16 2.381640510050592e-17
5.355618347093494e+03 3.213388850536476e-16 2.413544443691749e-17
5.356851665776087e+03 3.725176413707012e-16 2.500727757983921e-17
5.358085268473493e+03 2.944659253374669e-16 2.356668469096704e-17
5.359319155251126e+03 3.034782136215081e-16 2.345589788511551e-17
5.360553326174397e+03 3.389288691385616e-16 2.476701510885084e-17
5.361787781308750e+03 3.124141499780553e-16 2.394811261556216e-17
5.363022520719624e+03 2.849393240598493e-16 2.265534699485297e-17
5.364257544472493e+03 3.053194288299040e-16 2.292522840044200e-17
5.365492852632829e+03 3.325931688544188e-16 2.358919146382327e-17
5.366728445266135e+03 3.120835707932615e-16 2.370218998744392e-17
5.367964322437912e+03 3.151844415328544e-16 2.431501984169315e-17
5.369200484213693e+03 3.352684316761139e-16 2.481086974771028e-17
5.370436930659010e+03 3.377752352996703e-16 2.434610972842594e-17
5.371673661839427e+03 3.386678627975846e-16 2.374034159199166e-17
5.372910677820505e+03 2.820390278476101e-16 2.320660931167661e-17
5.374147978667838e+03 3.080374412746880e-16 2.363500900186547e-17
5.375385564447019e+03 3.199396135788852e-16 2.398782060657581e-17
5.376623435223671e+03 3.066037429788319e-16 2.399253162487824e-17
5.377861591063422e+03 3.048710540040684e-16 2.400944034150773e-17
5.379100032031909e+03 2.759930263046306e-16 2.358714589021244e-17
5.380338758194806e+03 2.846475074326400e-16 2.380486819808064e-17
5.381577769617778e+03 3.318363682523152e-16 2.434478688049682e-17
5.382817066366527e+03 3.300561184194756e-16 2.402301972331537e-17
5.384056648506748e+03 3.300036250544505e-16 2.376488510766856e-17
5.385296516104174e+03 2.908378992001438e-16 2.324213204782553e-17
5.386536669224530e+03 2.744788886102023e-16 2.348159809797477e-17
5.387777107933578e+03 3.289938129351466e-16 2.467376762990485e-17
5.389017832297075e+03 3.184165909848372e-16 2.398576940824186e-17
5.390258842380813e+03 3.133660631714416e-16 2.313260712135635e-17
5.391500138250578e+03 3.326980194767463e-16 2.330206209172044e-17
5.392741719972195e+03 3.115488819489933e-16 2.324368647028774e-17
5.393983587611478e+03 2.711764950955493e-16 2.382188546192215e-17
5.395225741234282e+03 2.642240725003436e-16 2.375609690277701e-17
5.396468180906453e+03 3.103853734059146e-16 2.389839418134775e-17
5.397710906693876e+03 3.205117759352405e-16 2.341599569511886e-17
5.398953918662428e+03 3.103812755967419e-16 2.386163598999150e-17
5.400197216878021e+03 3.110167610287127e-16 2.466865951509870e-17
5.401440801406571e+03 3.044416351447730e-16 2.510275545203268e-17
5.402684672314003e+03 3.336772861509168e-16 2.556933076100215e-17
5.403928829666279e+03 2.905229811119893e-16 2.382019103674391e-17
5.405173273529352e+03 2.765033184141935e-16 2.294504408029060e-17
5.406418003969210e+03 3.122731037562366e-16 2.319708841611432e-17
5.407663021051839e+03 2.889817692483079e-16 2.351145726327893e-17
5.408908324843258e+03 2.911848738097239e-16 2.334542551703833e-17
5.410153915409480e+03 3.224189856937165e-16 2.328997840272631e-17
5.411399792816558e+03 3.164524603896188e-16 2.307024173375533e-17
5.412645957130535e+03 3.058044334329004e-16 2.320244650405136e-17
5.413892408417493e+03 3.465441860256782e-16 2.376879773030853e-17
5.415139146743505e+03 3.290919304939724e-16 2.349878063091556e-17
5.416386172174684e+03 3.011712903012524e-16 2.304493894379573e-17
5.417633484777135e+03 3.177518594010619e-16 2.418828352805188e-17
5.418881084617002e+03 3.221282346250578e-16 2.483712838122811e-17
5.420128971760416e+03 2.985484508501760e-16 2.367697707234663e-17
5.421377146273553e+03 2.980260651790950e-16 2.285319644694743e-17
5.422625608222578e+03 3.065340657278288e-16 2.384697552316242e-17
5.423874357673696e+03 3.094155197396742e-16 2.520070402868555e-17
5.425123394693102e+03 3.108252956823202e-16 2.412045587215130e-17
5.426372719347027e+03 3.183367413938069e-16 2.359317275131383e-17
5.427622331701702e+03 3.382889805071392e-16 2.372351888316228e-17
5.428872231823389e+03 2.773483997909697e-16 2.239357798535422e-17
5.430122419778353e+03 3.092080164158142e-16 2.355286060497521e-17
5.431372895632870e+03 3.254498283849936e-16 2.443979019112961e-17
5.432623659453250e+03 2.728082725793919e-16 2.348827584866487e-17
5.433874711305797e+03 3.309286330646003e-16 2.399857795333188e-17
5.435126051256851e+03 3.299449318169933e-16 2.388403779287459e-17
5.436377679372747e+03 3.397827957405939e-16 2.369434587781637e-17
5.437629595719856e+03 2.960532058920467e-16 2.309820507826716e-17
5.438881800364541e+03 2.957176717804901e-16 2.342606267248533e-17
5.440134293373204e+03 3.071122232535841e-16 2.434571322345464e-17
5.441387074812239e+03 3.181809512737945e-16 2.439291752499919e-17
5.442640144748080e+03 3.507530431252123e-16 2.457698326891043e-17
5.443893503247153e+03 3.346435318890680e-16 2.461423741068512e-17
5.445147150375918e+03 3.012861294481619e-16 2.462705828598306e-17
5.446401086200834e+03 3.104856905113231e-16 2.442136443465817e-17
5.447655310788392e+03 3.292582872898805e-16 2.475169988408364e-17
5.448909824205080e+03 2.980449291118540e-16 2.452954582713122e-17
5.450164626517422e+03 2.847693268087496e-16 2.392226139679337e-17
5.451419717791935e+03 2.904046454754217e-16 2.293672601701357e-17
5.452675098095174e+03 2.652603441618358e-16 2.219195481225853e-17
5.453930767493692e+03 3.226676399174994e-16 2.295674378044688e-17
5.455186726054058e+03 2.663220013103811e-16 2.393012096316850e-17
5.456442973842873e+03 3.246841899133436e-16 3.422661679789886e-17
5.457699510926731e+03 2.531550021958639e-16 7.689989618312531e-17
5.458956337372262e+03 2.138104072566633e-16 1.245023872835369e-16
5.460213453246092e+03 3.303312781855756e-16 8.792692348246134e-17
5.461470858614884e+03 3.686048590859356e-16 3.731011423463736e-17
5.462728553545291e+03 3.020818934767991e-16 2.473848686924371e-17
5.463986538104006e+03 3.169217935368958e-16 2.440447368565430e-17
5.465244812357717e+03 2.990644574729591e-16 2.355553606746681e-17
5.466503376373145e+03 2.988935015217401e-16 2.326273871357941e-17
5.467762230217009e+03 3.140490645277023e-16 2.281882047650927e-17
5.469021373956062e+03 2.805833038183402e-16 2.234301566267348e-17
5.470280807657052e+03 2.777987913728062e-16 2.245937890933407e-17
5.471540531386763e+03 2.955505255757192e-16 2.273667162806840e-17
5.472800545211973e+03 3.094279566144318e-16 2.309829580851500e-17
5.474060849199501e+03 2.929299808730143e-16 2.364022712576377e-17
5.475321443416152e+03 2.394044386038232e-16 2.311551037410307e-17
5.476582327928773e+03 2.916315427996346e-16 2.360230570596971e-17
5.477843502804211e+03 2.961502675188030e-16 2.351016221802989e-17
5.479104968109327e+03 2.989110184623368e-16 2.329074006550624e-17
5.480366723911012e+03 2.777171843326745e-16 2.194114692237161e-17
5.481628770276151e+03 3.026715381485103e-16 2.239726774212195e-17
5.482891107271671e+03 2.599620803659371e-16 2.135107282794591e-17
5.484153734964485e+03 2.339551601435787e-16 2.096413640634225e-17
5.485416653421550e+03 2.785868147832022e-16 2.243184416733024e-17
5.486679862709814e+03 3.595870775276170e-16 2.392852534734606e-17
5.487943362896260e+03 2.926225280309214e-16 2.284271485706997e-17
5.489207154047866e+03 3.022545702467918e-16 2.293634322578477e-17
5.490471236231650e+03 2.946457022170670e-16 2.364055812724754e-17
5.491735609514621e+03 3.231396206297723e-16 2.407074132632207e-17
5.493000273963824e+03 3.138158742141896e-16 2.356237535763616e-17
5.494265229646301e+03 2.803890778244489e-16 2.277426422511792e-17
5.495530476629130e+03 2.909278869394046e-16 2.265531991466604e-17
5.496796014979380e+03 3.129411488367475e-16 2.270419819173201e-17
5.498061844764162e+03 2.826326574366255e-16 2.223802889905024e-17
5.499327966050576e+03 2.930653399325569e-16 2.227669300794688e-17
5.500594378905764e+03 2.715524975183410e-16 2.165115862097177e-17
5.501861083396861e+03 2.765495392212960e-16 2.215087395315072e-17
5.503128079591022e+03 2.464244206238830e-16 2.324282150143515e-17
5.504395367555429e+03 2.755483550634660e-16 2.473580951816151e-17
5.505662947357278e+03 3.117468303281946e-16 2.407325060230973e-17
5.506930819063767e+03 3.005114934664926e-16 2.268711854469933e-17
5.508198982742112e+03 3.008397448816948e-16 2.230492916372237e-17
5.509467438459563e+03 2.976729345984176e-16 2.259588923622226e-17
5.510736186283358e+03 3.174493833633968e-16 2.360819679280342e-17
5.512005226280779e+03 2.656553876560880e-16 2.251116486535529e-17
5.513274558519096e+03 2.876155406162517e-16 2.237355825491378e-17
5.514544183065620e+03 2.777714920468323e-16 2.221961562735950e-17
5.515814099987653e+03 2.923214141112780e-16 2.276286417668984e-17
5.517084309352537e+03 3.396417916635026e-16 2.357425375460185e-17
5.518354811227605e+03 3.385135382093617e-16 2.356669522528620e-17
5.519625605680229e+03 3.757220869651332e-16 2.414967761549709e-17
5.520896692777776e+03 3.288655878689277e-16 2.345989265906872e-17
5.522168072587646e+03 2.640587959732322e-16 2.214653593224023e-17
5.523439745177237e+03 2.649083476026452e-16 2.215031835736627e-17
5.524711710613981e+03 2.782923521109000e-16 2.281818043338901e-17
5.525983968965308e+03 2.465369294673062e-16 2.254460532388138e-17
5.527256520298682e+03 2.953189978525545e-16 2.316733278279366e-17
5.528529364681560e+03 3.192986545786251e-16 2.327533029741492e-17
5.529802502181437e+03 3.158962432224676e-16 2.317476840017381e-17
5.531075932865812e+03 3.391416840605796e-16 2.333240990298644e-17
5.532349656802192e+03 3.051580413275779e-16 2.269947597352650e-17
5.533623674058122e+03 2.893266155150482e-16 2.246623060771967e-17
5.534897984701136e+03 2.941101365009179e-16 2.248658672298854e-17
5.536172588798808e+03 3.090828640419228e-16 2.317828352112027e-17
5.537447486418706e+03 3.356263886711189e-16 2.387805203584105e-17
5.538722677628435e+03 3.102108576902873e-16 2.337303429021767e-17
5.539998162495592e+03 3.016102498127221e-16 2.293743145034346e-17
5.541273941087814e+03 3.052528303633669e-16 2.290059847844182e-17
5.542550013472730e+03 2.990849141790722e-16 2.339117962985051e-17
5.543826379718008e+03 2.891413581236223e-16 2.348779299513251e-17
5.545103039891306e+03 2.843159594147149e-16 2.306596978757546e-17
5.546379994060326e+03 2.772628311263513e-16 2.253891828364163e-17
5.547657242292757e+03 2.723455853342309e-16 2.257260804691157e-17
5.548934784656331e+03 2.708742312401351e-16 2.303779242654795e-17
5.550212621218767e+03 3.146060958009384e-16 2.398212808513485e-17
5.551490752047829e+03 3.249285203296497e-16 2.398478446839931e-17
5.552769177211269e+03 3.470013743395586e-16 2.443941956732995e-17
5.554047896776881e+03 3.242835802187210e-16 2.369481052733748e-17
5.555326910812454e+03 2.889330815785392e-16 2.344836174474652e-17
5.556606219385797e+03 2.618553755202887e-16 2.361468002320994e-17
5.557885822564745e+03 2.887276568064588e-16 2.460748705033017e-17
5.559165720417133e+03 3.170212451865899e-16 2.460778354697795e-17
5.560445913010831e+03 2.740300824663594e-16 2.378480539856528e-17
5.561726400413701e+03 2.810568231628682e-16 2.433934387753250e-17
5.563007182693644e+03 2.452909801059812e-16 2.505075683230001e-17
5.564288259918556e+03 2.808280984425282e-16 2.596100580607974e-17
5.565569632156368e+03 3.188105534526437e-16 2.637105686504298e-17
5.566851299475008e+03 2.673446418906865e-16 2.536178275513901e-17
5.568133261942439e+03 2.691741111114081e-16 2.563944983455117e-17
5.569415519626617e+03 2.775764282645633e-16 2.707407533969518e-17
5.570698072595540e+03 2.545839227604439e-16 2.581796908936657e-17
5.571980920917193e+03 2.869929612101454e-16 2.434692823388001e-17
5.573264064659604e+03 2.388016701899104e-16 2.329472869327444e-17
5.574547503890793e+03 3.032644912119153e-16 2.528610040934702e-17
5.575831238678817e+03 2.810540713416396e-16 2.557008876987709e-17
5.577115269091729e+03 2.743120288540004e-16 2.458384280398702e-17
5.578399595197616e+03 2.807860364418664e-16 2.339774989721918e-17
5.579684217064568e+03 2.839926489266048e-16 2.346242430171533e-17
5.580969134760687e+03 2.633646641314634e-16 2.372216699867534e-17
5.582254348354110e+03 2.614734103389856e-16 2.419220966190038e-17
5.583539857912968e+03 2.972083234709736e-16 2.391848894158397e-17
5.584825663505425e+03 2.413843321442278e-16 2.277206895043536e-17
5.586111765199646e+03 3.017955410689376e-16 2.312141958092317e-17
5.587398163063827e+03 2.918237407151103e-16 2.349680376229672e-17
5.588684857166161e+03 2.751352384269210e-16 2.464806274229668e-17
5.589971847574880e+03 2.562565238047996e-16 2.435066843801914e-17
5.591259134358204e+03 2.432764458663308e-16 2.610706820005906e-17
5.592546717584400e+03 3.080102925712335e-16 2.705354254160456e-17
5.593834597321719e+03 3.196577516151124e-16 2.510827095497391e-17
5.595122773638455e+03 2.713763488364032e-16 2.335716371537219e-17
5.596411246602897e+03 3.040486430018763e-16 2.330492737457913e-17
5.597700016283368e+03 2.383381857660249e-16 2.244178314527179e-17
5.598989082748186e+03 2.327999096127635e-16 2.220612962882934e-17
5.600278446065706e+03 2.840193116949126e-16 2.308497917763254e-17
5.601568106304280e+03 2.654145956253387e-16 2.330610376091179e-17
5.602858063532294e+03 2.935776757555582e-16 2.381221655564939e-17
5.604148317818130e+03 2.839040092319017e-16 2.327592678513714e-17
5.605438869230206e+03 2.891005802092651e-16 2.336838487833959e-17
5.606729717836936e+03 3.003695652841328e-16 2.364120576252974e-17
5.608020863706770e+03 2.705758793344304e-16 2.337474631516133e-17
5.609312306908157e+03 2.878629285504727e-16 2.306278909383049e-17
5.610604047509562e+03 2.654177644868390e-16 2.261059413350547e-17
5.611896085579486e+03 2.805694442075124e-16 2.310239418242738e-17
5.613188421186416e+03 2.612673973318853e-16 2.263854899115999e-17
5.614481054398885e+03 2.688315351299626e-16 2.307461920483942e-17
5.615773985285415e+03 2.873842516160281e-16 2.445804618988812e-17
5.617067213914566e+03 3.162216096289851e-16 2.495580724282175e-17
5.618360740354894e+03 2.837090129986565e-16 2.388995041003966e-17
5.619654564674990e+03 2.806540100554910e-16 2.340259714373862e-17
5.620948686943440e+03 2.622909782617993e-16 2.341619277099020e-17
5.622243107228871e+03 2.794815692438387e-16 2.339630670451942e-17
5.623537825599898e+03 2.944223714983259e-16 2.374561830714149e-17
5.624832842125178e+03 2.822822250862135e-16 2.342613232444533e-17
5.626128156873359e+03 3.040493000214437e-16 2.372259399638748e-17
5.627423769913131e+03 3.321284424804804e-16 2.424562620643934e-17
5.628719681313172e+03 2.803056839519824e-16 2.319414493589099e-17
5.630015891142202e+03 2.808407229124192e-16 2.369085278273075e-17
5.631312399468934e+03 2.446892728184361e-16 2.383645381889382e-17
5.632609206362120e+03 2.886632283287657e-16 2.461186695312261e-17
5.633906311890508e+03 2.954732514498045e-16 2.438049627294344e-17
5.635203716122863e+03 2.718915592638655e-16 2.360968380888957e-17
5.636501419127984e+03 3.050097792226722e-16 2.454773582744044e-17
5.637799420974664e+03 2.970235502770796e-16 2.478178355753321e-17
5.639097721731731e+03 2.735525518800183e-16 2.442972932631712e-17
5.640396321468011e+03 2.632809448522206e-16 2.460191841100815e-17
5.641695220252363e+03 2.473262102289465e-16 2.568510468140396e-17
5.642994418153642e+03 2.596005094893374e-16 2.634530614053750e-17
5.644293915240743e+03 2.642004439969596e-16 2.631696052066441e-17
5.645593711582553e+03 2.856097031010248e-16 2.672963117755382e-17
5.646893807247995e+03 2.829748839744116e-16 2.773268967687873e-17
5.648194202305990e+03 3.142432512308015e-16 2.865227426372932e-17
5.649494896825492e+03 3.082458543451659e-16 2.832423890099008e-17
5.650795890875454e+03 2.498566321975100e-16 2.638475612229888e-17
5.652097184524863e+03 2.765912711801122e-16 2.520989943564156e-17
5.653398777842703e+03 2.416376728042300e-16 2.461824598678507e-17
5.654700670897992e+03 3.141219149977184e-16 2.593987191789582e-17
5.656002863759744e+03 3.090857948437410e-16 2.569194977909387e-17
5.657305356497012e+03 2.781650928979315e-16 2.504717864347980e-17
5.658608149178848e+03 2.601751938781911e-16 2.485559662751293e-17
5.659911241874318e+03 2.601311471396018e-16 2.496718015369460e-17
5.661214634652522e+03 2.808182017783378e-16 2.552577631229306e-17
5.662518327582553e+03 2.872224944898857e-16 2.561469456847272e-17
5.663822320733543e+03 2.673605562634004e-16 2.587342415826425e-17
5.665126614174618e+03 2.671327303104868e-16 2.673341169219874e-17
5.666431207974941e+03 2.214178843731390e-16 2.727728761212774e-17
5.667736102203668e+03 2.233899594515044e-16 2.771688533056273e-17
5.669041296929997e+03 3.000049303931392e-16 2.822489199519467e-17
5.670346792223114e+03 2.789516726163335e-16 2.746219349531411e-17
5.671652588152248e+03 2.722475824390604e-16 2.926072452350969e-17
5.672958684786617e+03 2.551668419398396e-16 3.088610559279080e-17
5.674265082195484e+03 3.029598349458046e-16 2.962231935811605e-17
5.675571780448100e+03 2.955987669616315e-16 2.738962253806161e-17
5.676878779613756e+03 2.470219415052124e-16 2.628815820305275e-17
5.678186079761736e+03 2.635851546493544e-16 2.700690530643666e-17
5.679493680961363e+03 2.467595702595200e-16 2.681304247116913e-17
5.680801583281955e+03 2.526838729985981e-16 2.655657609046426e-17
5.682109786792864e+03 2.666489736123142e-16 2.807722350864694e-17
5.683418291563447e+03 2.868195401203124e-16 2.824191861805741e-17
5.684727097663073e+03 3.071883723229157e-16 2.968115891091715e-17
5.686036205161137e+03 3.004449701169375e-16 2.963922243510242e-17
5.687345614127056e+03 2.918658464056715e-16 2.855028062912164e-17
5.688655324630246e+03 2.472429693911047e-16 2.790682766159602e-17
5.689965336740141e+03 2.616594747436696e-16 2.776040405873942e-17
5.691275650526206e+03 2.819609979039740e-16 2.829994222699972e-17
5.692586266057903e+03 2.837588179170729e-16 2.865507134016750e-17
5.693897183404732e+03 2.786235193885533e-16 2.804158977585041e-17
5.695208402636184e+03 2.722471458951024e-16 2.751376515088213e-17
5.696519923821789e+03 2.650898559284219e-16 2.687008617177108e-17
5.697831747031072e+03 2.585151028786002e-16 2.660497601161262e-17
5.699143872333596e+03 2.893911017892916e-16 2.719611933112058e-17
5.700456299798916e+03 3.086999307758170e-16 2.757057141715214e-17
5.701769029496629e+03 3.041430170499780e-16 2.742629229902081e-17
5.703082061496321e+03 2.609655015509131e-16 2.690729535741061e-17
5.704395395867621e+03 2.116843261212088e-16 2.645992608770325e-17
5.705709032680148e+03 2.551727801148820e-16 2.700499328276197e-17
5.707022972003561e+03 3.574113735430651e-16 2.828042024178754e-17
5.708337213907514e+03 2.753802018607449e-16 2.720268292328165e-17
5.709651758461696e+03 2.214896420745082e-16 2.576639366757553e-17
5.710966605735793e+03 2.734992630338395e-16 2.684778153427217e-17
5.712281755799526e+03 2.748046230811761e-16 2.601803398959472e-17
5.713597208722621e+03 2.722374587306399e-16 2.735542492632896e-17
5.714912964574812e+03 3.221692159164296e-16 2.888864023343791e-17
5.716229023425873e+03 2.194531749203986e-16 2.772160561034166e-17
5.717545385345569e+03 2.984233509444114e-16 2.730556564030063e-17
5.718862050403703e+03 2.706961016105266e-16 2.667494847573984e-17
5.720179018670071e+03 3.037865203470715e-16 2.662477093716931e-17
5.721496290214509e+03 2.750442209807650e-16 2.627622232948956e-17
5.722813865106848e+03 2.510516590652791e-16 2.572421936781430e-17
5.724131743416951e+03 2.757931948128866e-16 2.584470490639027e-17
5.725449925214685e+03 2.480162495982646e-16 2.523676777951811e-17
5.726768410569947e+03 2.710649281854251e-16 2.606057275274301e-17
5.728087199552631e+03 3.176539260421086e-16 2.678717248317774e-17
5.729406292232668e+03 2.630586219590964e-16 2.619597931826918e-17
5.730725688679986e+03 2.840968860467114e-16 2.687415670418284e-17
5.732045388964548e+03 2.997264911175364e-16 2.788295210147063e-17
5.733365393156310e+03 2.864672500668953e-16 2.741053130835690e-17
5.734685701325272e+03 2.614867386116967e-16 2.692007991073364e-17
5.736006313541422e+03 2.712681581677353e-16 2.642461556386192e-17
5.737327229874790e+03 2.413756018720487e-16 2.554040364332470e-17
5.738648450395403e+03 2.348053599009610e-16 2.514130968910628e-17
5.739969975173305e+03 2.577408627302096e-16 2.572486752711153e-17
5.741291804278574e+03 2.330223281828838e-16 2.608083442790829e-17
5.742613937781280e+03 2.551039629837441e-16 2.664425459865956e-17
5.743936375751534e+03 2.978865525721720e-16 2.715749298103878e-17
5.745259118259436e+03 2.518194338448584e-16 2.561249737464605e-17
5.746582165375131e+03 2.323212153937845e-16 2.428840276388839e-17
5.747905517168752e+03 2.633927625361957e-16 2.427629478966120e-17
5.749229173710475e+03 2.740954434359831e-16 2.411213862063952e-17
5.750553135070466e+03 2.963568297285094e-16 2.425048670027926e-17
5.751877401318932e+03 2.854257896200465e-16 2.379829074038032e-17
5.753201972526073e+03 2.323975339211542e-16 2.696094334175955e-17
5.754526848762128e+03 2.456496238297731e-16 2.721478018808261e-17
5.755852030097330e+03 2.535427464413484e-16 2.630266705210774e-17
5.757177516601948e+03 2.305124975509120e-16 2.597166838557854e-17
5.758503308346247e+03 2.209315210061287e-16 2.558450947524055e-17
5.759829405400531e+03 2.329594347128686e-16 2.601407150399730e-17
5.761155807835098e+03 2.717300826626500e-16 2.782915101891884e-17
5.762482515720283e+03 2.902153109300625e-16 3.410425604238121e-17
5.763809529126421e+03 2.000685643870997e-16 5.124449059197867e-17
5.765136848123862e+03 2.825355023014463e-16 5.276977318567119e-17
5.766464472782993e+03 1.771782228571144e-16 3.975024516283215e-17
5.767792403174190e+03 2.347754809714227e-16 2.858358506893624e-17
5.769120639367870e+03 2.317905784155950e-16 3.130904529785807e-17
5.770449181434445e+03 2.519314498427363e-16 3.945118996316877e-17
5.771778029444362e+03 2.867264629550096e-16 3.994308840304037e-17
5.773107183468065e+03 2.764688404914640e-16 2.798399251801577e-17
5.774436643576038e+03 2.580475657345981e-16 2.340507937842241e-17
5.775766409838751e+03 2.699243529323681e-16 2.294359870033587e-17
5.777096482326722e+03 2.743999239777291e-16 2.391234906020009e-17
5.778426861110459e+03 2.359897811874800e-16 2.412318242434902e-17
5.779757546260506e+03 2.532753778217790e-16 2.333499380865934e-17
5.781088537847406e+03 2.546389777017466e-16 2.286628678983026e-17
5.782419835941737e+03 2.457733763938368e-16 2.255388373309201e-17
5.783751440614071e+03 2.851602069816647e-16 2.243341364635683e-17
5.785083351935021e+03 2.676919773100408e-16 2.172211490954620e-17
5.786415569975191e+03 2.518567088459310e-16 2.188810510496838e-17
5.787748094805225e+03 2.749266348860188e-16 2.314784574503291e-17
5.789080926495763e+03 2.905346363398558e-16 2.478021464314223e-17
5.790414065117480e+03 2.598436511028274e-16 2.466106411043434e-17
5.791747510741047e+03 2.499334282851454e-16 2.323837802309077e-17
5.793081263437172e+03 2.704335421327057e-16 2.212403535738466e-17
5.794415323276566e+03 2.754525337553006e-16 2.113905195391832e-17
5.795749690329950e+03 2.807134097579253e-16 2.099166512214012e-17
5.797084364668086e+03 2.276499320742153e-16 2.053835050999557e-17
5.798419346361723e+03 2.601340015665698e-16 2.097183404225251e-17
5.799754635481653e+03 2.184297916351352e-16 2.087351346021336e-17
5.801090232098661e+03 2.307996112295468e-16 2.122268052120914e-17
5.802426136283569e+03 2.571401521080164e-16 2.121909161366111e-17
5.803762348107193e+03 2.225854238640401e-16 2.032572245061181e-17
5.805098867640392e+03 2.479115609306951e-16 2.109879103850219e-17
5.806435694954013e+03 2.759678070707915e-16 2.182018046486857e-17
5.807772830118946e+03 2.699164740231066e-16 2.170270125071729e-17
5.809110273206073e+03 2.529926098651021e-16 2.102234607791845e-17
5.810448024286314e+03 2.332982730193314e-16 2.045199168503789e-17
5.811786083430585e+03 2.395796701027739e-16 2.047922562349376e-17
5.813124450709839e+03 2.708473914516100e-16 2.082117229476606e-17
5.814463126195025e+03 2.312454703049110e-16 2.079215974424300e-17
5.815802109957129e+03 2.244178181198072e-16 2.123174936111535e-17
5.817141402067129e+03 2.353500000171926e-16 2.122279743352314e-17
5.818481002596048e+03 2.626516146599111e-16 2.156943818501008e-17
5.819820911614902e+03 2.806172964096480e-16 2.125678253776480e-17
5.821161129194726e+03 2.728913605239624e-16 2.031262802138491e-17
5.822501655406590e+03 2.716023256230801e-16 1.983881379724743e-17
5.823842490321555e+03 2.614767625478679e-16 1.987740171709110e-17
5.825183634010721e+03 2.572946510411240e-16 2.002428845712764e-17
5.826525086545184e+03 2.825489651913391e-16 2.072521953835434e-17
5.827866847996078e+03 2.854829076390615e-16 2.085596117817291e-17
5.829208918434530e+03 2.596832362479326e-16 2.028731906634911e-17
5.830551297931706e+03 2.621180944828140e-16 2.063263847118310e-17
5.831893986558766e+03 2.645906415746427e-16 2.101410553258035e-17
5.833236984386912e+03 2.565074315872468e-16 1.976639848774199e-17
5.834580291487334e+03 2.770523642110961e-16 1.963760914499625e-17
5.835923907931266e+03 2.536829359687378e-16 2.004466852844378e-17
5.837267833789932e+03 2.836609193446464e-16 2.007389726224123e-17
5.838612069134600e+03 2.828530927220399e-16 1.995800971920252e-17
5.839956614036524e+03 2.526593461819526e-16 1.946910281268189e-17
5.841301468567006e+03 2.396106426106345e-16 1.904059255873101e-17
5.842646632797335e+03 2.681694955276637e-16 1.944162030368069e-17
5.843992106798843e+03 2.557291115614826e-16 1.983058844745118e-17
5.845337890642861e+03 2.384714655484668e-16 1.951676687519035e-17
5.846683984400732e+03 2.845594644459167e-16 2.012276867937093e-17
5.848030388143838e+03 2.707846921202452e-16 1.973544253708310e-17
5.849377101943553e+03 2.417246163907308e-16 1.930753708624137e-17
5.850724125871288e+03 2.453653720153445e-16 1.932602400747802e-17
5.852071459998451e+03 2.287978025765180e-16 1.875737664253330e-17
5.853419104396487e+03 2.735072209228262e-16 1.889364941994495e-17
5.854767059136836e+03 2.564870429918400e-16 1.867363624354426e-17
5.856115324290977e+03 2.701624395749016e-16 1.867285077190144e-17
5.857463899930381e+03 2.538271317744612e-16 1.838216449514215e-17
5.858812786126558e+03 2.496788128391554e-16 1.830510052522150e-17
5.860161982951016e+03 2.499314676085240e-16 1.833807711337333e-17
5.861511490475300e+03 2.369711328672365e-16 1.810690433397008e-17
5.862861308770945e+03 2.459874364347794e-16 1.835854073798558e-17
5.864211437909531e+03 2.590726067291650e-16 1.854427461375207e-17
5.865561877962628e+03 2.492172952241779e-16 1.855808988538439e-17
5.866912629001847e+03 2.538139017221597e-16 1.830152067360252e-17
5.868263691098790e+03 2.146964554463997e-16 1.776622413639486e-17
5.869615064325102e+03 2.492251859382723e-16 1.806908084557473e-17
5.870966748752428e+03 2.714803046248849e-16 1.848414592098577e-17
5.872318744452422e+03 2.884451376166099e-16 1.845994862158266e-17
5.873671051496774e+03 3.234934352632787e-16 1.971064197579995e-17
5.875023669957188e+03 6.762465901879912e-16 2.411804220912391e-17
5.876376599905374e+03 1.291469513279628e-15 3.172065366683949e-17
5.877729841413054e+03 1.302795877390507e-15 3.240268546450074e-17
5.879083394551989e+03 7.609775605450688e-16 2.562750375419436e-17
5.880437259393931e+03 3.666947810435698e-16 2.057658560933650e-17
5.881791436010672e+03 2.592170686061907e-16 1.879108187393561e-17
5.883145924473996e+03 2.648627283824112e-16 1.847702305491391e-17
5.884500724855732e+03 2.372780911420383e-16 1.852595900099725e-17
5.885855837227696e+03 2.437074788094020e-16 1.821349350783369e-17
5.887211261661746e+03 3.030676422472855e-16 1.898520816153007e-17
5.888566998229734e+03 2.569381205853893e-16 1.783406944758646e-17
5.889923047003553e+03 2.519660183622779e-16 1.807474976860128e-17
5.891279408055085e+03 2.640669169923854e-16 1.834264213872906e-17
5.892636081456257e+03 2.423061189175423e-16 1.789176800300373e-17
5.893993067278983e+03 2.663135402423458e-16 1.791060910683064e-17
5.895350365595225e+03 2.395971993519795e-16 1.754748555062666e-17
5.896707976476933e+03 2.274947343001603e-16 1.734297203973859e-17
5.898065899996096e+03 2.322606819266411e-16 1.747551278832992e-17
5.899424136224699e+03 2.390638999244745e-16 1.777883722244957e-17
5.900782685234767e+03 2.607813834110282e-16 1.835952689026328e-17
5.902141547098322e+03 2.440186874185603e-16 1.852300908790095e-17
5.903500721887403e+03 2.491499071733583e-16 1.878877857020414e-17
5.904860209674084e+03 2.364259976631113e-16 1.887179414707677e-17
5.906220010530434e+03 2.535055080421510e-16 1.873244140645197e-17
5.907580124528557e+03 2.737007097937911e-16 1.847791207621022e-17
5.908940551740555e+03 2.724947607330060e-16 1.763804601589173e-17
5.910301292238567e+03 2.565637884881268e-16 1.729320405371236e-17
5.911662346094728e+03 2.415875706673324e-16 1.721647500853001e-17
5.913023713381210e+03 2.385439681007798e-16 1.681042308877908e-17
5.914385394170179e+03 2.325648483175478e-16 1.673480344865442e-17
5.915747388533845e+03 2.541501321971766e-16 1.707507890467618e-17
5.917109696544404e+03 2.552716926291106e-16 1.707102560034974e-17
5.918472318274098e+03 2.347364186859801e-16 1.669705905506846e-17
5.919835253795160e+03 2.442511504959348e-16 1.683884588064964e-17
5.921198503179862e+03 2.694729190276501e-16 1.740001756720470e-17
5.922562066500470e+03 2.768073264167982e-16 1.733784692738030e-17
5.923925943829294e+03 2.505659004293109e-16 1.690492646928673e-17
5.925290135238630e+03 2.324573723371275e-16 1.669867635931101e-17
5.926654640800818e+03 2.403940432237998e-16 1.707561597409433e-17
5.928019460588199e+03 2.184310088978511e-16 1.700397655106614e-17
5.929384594673126e+03 2.436781915378790e-16 1.728193691657912e-17
5.930750043127992e+03 2.562152843468474e-16 1.684894869655743e-17
5.932115806025177e+03 2.298946275087075e-16 1.608550460178650e-17
5.933481883437105e+03 2.451745195572151e-16 1.665525873033245e-17
5.934848275436193e+03 2.334997422918800e-16 1.720144223996808e-17
5.936214982094896e+03 2.334268964783337e-16 1.727727690568284e-17
5.937582003485665e+03 2.542310071396886e-16 1.680002784515944e-17
5.938949339680989e+03 2.405921186840012e-16 1.642193178341173e-17
5.940316990753351e+03 2.707032443951750e-16 1.726031834606532e-17
5.941684956775275e+03 2.417609044421893e-16 1.674681044008932e-17
5.943053237819277e+03 2.244563102732919e-16 1.626726346538768e-17
5.944421833957915e+03 2.453484426223290e-16 1.626849406297731e-17
5.945790745263736e+03 2.462411584773623e-16 1.611847086292703e-17
5.947159971809331e+03 2.511725291949286e-16 1.612952911632078e-17
5.948529513667284e+03 2.412162938937033e-16 1.574026802544120e-17
5.949899370910218e+03 2.385426365144764e-16 1.561678149939926e-17
5.951269543610751e+03 2.452314161028392e-16 1.564090674802134e-17
5.952640031841538e+03 2.467206672737132e-16 1.533414473999009e-17
5.954010835675235e+03 2.367345871772503e-16 1.527827134732935e-17
5.955381955184515e+03 2.825561372169691e-16 1.585713911357331e-17
5.956753390442088e+03 2.983056789913894e-16 1.621033733842009e-17
5.958125141520651e+03 2.229812957501203e-16 1.561510149924423e-17
5.959497208492946e+03 2.565375676055493e-16 1.620401203625647e-17
5.960869591431705e+03 2.309219014024442e-16 1.595253342883571e-17
5.962242290409705e+03 2.504092236934174e-16 1.641502886994151e-17
5.963615305499710e+03 2.534697970232755e-16 1.632532254669212e-17
5.964988636774531e+03 2.515958577613792e-16 1.576248278138567e-17
5.966362284306967e+03 2.714899173853874e-16 1.624616551977243e-17
5.967736248169859e+03 2.792826439753504e-16 1.640484070494357e-17
5.969110528436043e+03 2.518018853549961e-16 1.571817642541849e-17
5.970485125178391e+03 2.168555704799901e-16 1.513184265624083e-17
5.971860038469774e+03 2.538079967760560e-16 1.541737444906690e-17
5.973235268383099e+03 2.428380396502714e-16 1.546623912753341e-17
5.974610814991266e+03 2.238744439353014e-16 1.545283325294530e-17
5.975986678367219e+03 2.460478440144303e-16 1.572232987279669e-17
5.977362858583892e+03 2.409426066956198e-16 1.558185742637896e-17
5.978739355714261e+03 2.409233780757576e-16 1.590567197511056e-17
5.980116169831294e+03 2.644673095601547e-16 1.690158330154203e-17
5.981493301008001e+03 2.347512890289728e-16 1.693871514560403e-17
5.982870749317383e+03 2.738133201627308e-16 1.739552589552200e-17
5.984248514832486e+03 2.496220514632991e-16 1.660426622224771e-17
5.985626597626347e+03 2.408146147538016e-16 1.572385601316309e-17
5.987004997772026e+03 2.213911571208157e-16 1.551847108799859e-17
5.988383715342619e+03 2.651136514272788e-16 1.636299517171542e-17
5.989762750411211e+03 2.297467310468643e-16 1.780334925289654e-17
5.991142103050927e+03 2.191686259032075e-16 1.897335966317667e-17
5.992521773334889e+03 2.406198407133732e-16 1.907273661404436e-17
5.993901761336258e+03 2.151139574854978e-16 1.752375326883879e-17
5.995282067128185e+03 2.194356609005374e-16 1.647179268348882e-17
5.996662690783867e+03 2.596938454423696e-16 1.625515089476321e-17
5.998043632376490e+03 2.454399666773231e-16 1.588217172848325e-17
5.999424891979283e+03 2.482748182924922e-16 1.612048717607188e-17
6.000806469665466e+03 2.318932313821659e-16 1.601395864644635e-17
6.002188365508300e+03 2.245910008669803e-16 1.620877221599097e-17
6.003570579581042e+03 2.490138477042865e-16 1.674563453467743e-17
6.004953111956987e+03 2.338611377480098e-16 1.734562324199734e-17
6.006335962709422e+03 2.390867131493486e-16 1.734022909464608e-17
6.007719131911678e+03 2.448405058685017e-16 1.688904382971151e-17
6.009102619637077e+03 2.192827968198078e-16 1.679080716557217e-17
6.010486425958981e+03 2.557530981799982e-16 1.771545406227305e-17
6.011870550950753e+03 2.488998120263551e-16 1.871702118033294e-17
6.013254994685771e+03 2.451688221576319e-16 1.916635666753925e-17
6.014639757237449e+03 2.594071159340757e-16 1.878083955997330e-17
6.016024838679195e+03 2.330099755733249e-16 1.750999929261887e-17
6.017410239084455e+03 2.247387268231893e-16 1.642408106028079e-17
6.018795958526671e+03 2.483253287953428e-16 1.619207623092154e-17
6.020181997079323e+03 2.399685232307158e-16 1.645338890353602e-17
6.021568354815886e+03 2.128582050164664e-16 1.652716626749101e-17
6.022955031809875e+03 2.265053385934571e-16 1.709057643340047e-17
6.024342028134799e+03 2.706741501404787e-16 1.774789481832450e-17
6.025729343864206e+03 2.415308862451862e-16 1.669302422873805e-17
6.027116979071639e+03 2.497772565065457e-16 1.788603722954016e-17
6.028504933830681e+03 2.371896295735693e-16 1.796888854715146e-17
6.029893208214907e+03 2.455987925753718e-16 1.733966818754811e-17
6.031281802297935e+03 2.363064076553161e-16 1.692107730386409e-17
6.032670716153374e+03 2.297678956412878e-16 1.692924109613413e-17
6.034059949854875e+03 2.307048593670211e-16 1.682881348993557e-17
6.035449503476082e+03 2.164830618110860e-16 1.615317474381368e-17
6.036839377090680e+03 2.333813494231553e-16 1.615411722756776e-17
6.038229570772352e+03 2.734377801599048e-16 1.687182144070400e-17
6.039620084594798e+03 2.554790232983681e-16 1.701079283699556e-17
6.041010918631756e+03 2.292888144858241e-16 1.690221436244926e-17
6.042402072956951e+03 2.122520732340597e-16 1.645338403765486e-17
6.043793547644157e+03 2.155057353314999e-16 1.638406232050696e-17
6.045185342767133e+03 2.200821635956799e-16 1.695880268908616e-17
6.046577458399685e+03 2.866980324927545e-16 1.884069572950846e-17
6.047969894615609e+03 2.644777800747422e-16 1.817426253131669e-17
6.049362651488740e+03 2.514969658600663e-16 1.694349455281989e-17
6.050755729092912e+03 2.660908827895221e-16 1.700520097302383e-17
6.052149127501994e+03 2.446573848538320e-16 1.692986881809104e-17
6.053542846789852e+03 2.181021717788927e-16 1.645426762061848e-17
6.054936887030392e+03 2.311324733544596e-16 1.582360475171549e-17
6.056331248297511e+03 2.400191575154180e-16 1.537600723700772e-17
6.057725930665149e+03 2.191015992223894e-16 1.506339137051619e-17
6.059120934207240e+03 2.200622714757366e-16 1.526438791913714e-17
6.060516258997756e+03 2.524397064176927e-16 1.627208822802188e-17
6.061911905110665e+03 2.598533812370421e-16 1.704564712123089e-17
6.063307872619975e+03 2.489148163814263e-16 1.701779197293074e-17
6.064704161599690e+03 2.197463730785007e-16 1.684043375747410e-17
6.066100772123837e+03 2.470163054098168e-16 1.731418435520837e-17
6.067497704266468e+03 2.066387028841303e-16 1.573649926287784e-17
6.068894958101651e+03 2.182927336310878e-16 1.538971803740937e-17
6.070292533703465e+03 1.994724975714741e-16 1.592985244526107e-17
6.071690431145997e+03 2.368990105015800e-16 1.665033319023562e-17
6.073088650503379e+03 2.693526147371762e-16 1.620910155672817e-17
6.074487191849727e+03 2.388596278830659e-16 1.537126882812291e-17
6.075886055259205e+03 2.049470196031010e-16 1.495580564455115e-17
6.077285240805965e+03 2.498853353747079e-16 1.579087883824967e-17
6.078684748564206e+03 2.631948081293209e-16 1.609910347937112e-17
6.080084578608113e+03 2.174961820315708e-16 1.521087786564994e-17
6.081484731011917e+03 2.430201504828028e-16 1.545427135697028e-17
6.082885205849840e+03 2.542696722868801e-16 1.569409619143622e-17
6.084286003196146e+03 2.248993328470915e-16 1.512955120239720e-17
6.085687123125093e+03 2.052257751036437e-16 1.403888128961157e-17
6.087088565710977e+03 2.237860194792670e-16 1.437233426329549e-17
6.088490331028091e+03 2.369504343606298e-16 1.497784917607556e-17
6.089892419150766e+03 2.011941784185170e-16 1.471886195180067e-17
6.091294830153327e+03 2.610389929482244e-16 1.561487677491523e-17
6.092697564110143e+03 2.314490899134062e-16 1.479793316955126e-17
6.094100621095568e+03 2.122755369070351e-16 1.396355104862461e-17
6.095504001184008e+03 2.206019790345713e-16 1.414508703431864e-17
6.096907704449862e+03 2.437522836258430e-16 1.483241788793847e-17
6.098311730967544e+03 2.449952327580743e-16 1.518409853928074e-17
6.099716080811509e+03 2.281848434482903e-16 1.503381042328372e-17
6.101120754056200e+03 2.159318263691239e-16 1.520978861630908e-17
6.102525750776106e+03 2.118756020557773e-16 1.644991894439903e-17
6.103931071045703e+03 2.279408807821501e-16 1.793328859304201e-17
6.105336714939515e+03 2.381670339683740e-16 1.749147297554721e-17
6.106742682532054e+03 2.121018824740797e-16 1.683287583688693e-17
6.108148973897875e+03 2.387740770585871e-16 1.677066427791682e-17
6.109555589111526e+03 2.329063229035628e-16 1.670151319430032e-17
6.110962528247598e+03 2.371338243646715e-16 1.558484901799244e-17
6.112369791380672e+03 2.008909545245182e-16 1.382518712396064e-17
6.113777378585371e+03 2.545516303695744e-16 1.404953789799559e-17
6.115185289936314e+03 2.375213804160480e-16 1.377691104080129e-17
6.116593525508156e+03 2.445456485109605e-16 1.399132198985683e-17
6.118002085375551e+03 2.417829485109230e-16 1.378852548334318e-17
6.119410969613191e+03 2.365188304217051e-16 1.337339469854216e-17
6.120820178295760e+03 2.272993181731932e-16 1.380546703421019e-17
6.122229711497987e+03 2.267558946533096e-16 1.502925960346808e-17
6.123639569294595e+03 2.137280651619857e-16 1.584794290665358e-17
6.125049751760331e+03 2.043360540260614e-16 1.568324151942941e-17
6.126460258969971e+03 2.297351202641092e-16 1.561467089313531e-17
6.127871090998286e+03 2.332793553595641e-16 1.506519271331766e-17
6.129282247920091e+03 2.706893975593251e-16 1.444584160464360e-17
6.130693729810190e+03 2.250518779944751e-16 1.396569579801781e-17
6.132105536743433e+03 2.506713973882406e-16 1.501880971583189e-17
6.133517668794659e+03 2.500275354297682e-16 1.530033392479880e-17
6.134930126038748e+03 2.278019214425218e-16 1.440008045870103e-17
6.136342908550579e+03 2.430956939343343e-16 1.364388931549763e-17
6.137756016405066e+03 2.230917174753026e-16 1.286690962165757e-17
6.139169449677117e+03 2.128051250771599e-16 1.282640641072063e-17
6.140583208441685e+03 2.364465946676351e-16 1.342251737239586e-17
6.141997292773714e+03 2.141780243852081e-16 1.340188820155247e-17
6.143411702748190e+03 2.078958634839883e-16 1.342182071439051e-17
6.144826438440088e+03 2.229767434898566e-16 1.340552858758511e-17
6.146241499924432e+03 2.256947331617375e-16 1.355958014456642e-17
6.147656887276233e+03 2.278274884708504e-16 1.372627253642190e-17
6.149072600570546e+03 2.390604993798017e-16 1.406458103556320e-17
6.150488639882425e+03 2.377085721316613e-16 1.394724656360607e-17
6.151905005286939e+03 2.084369757909526e-16 1.324761416992715e-17
6.153321696859196e+03 2.554984521430033e-16 1.504457395877079e-17
6.154738714674295e+03 2.562549205470514e-16 1.571334125684224e-17
6.156156058807378e+03 2.231000796736494e-16 1.503033291832231e-17
6.157573729333578e+03 2.048817024811286e-16 1.354803658870900e-17
6.158991726328070e+03 2.180037805453000e-16 1.290319420097198e-17
6.160410049866024e+03 2.229807659856046e-16 1.288060020031750e-17
6.161828700022649e+03 2.264343888437482e-16 1.394465490900596e-17
6.163247676873149e+03 1.528891687115608e-16 1.846542385429696e-17
6.164666980492769e+03 2.616324158288508e-16 2.829713071918562e-17
6.166086610956746e+03 3.300287021341752e-16 4.561441937760263e-17
6.167506568340360e+03 3.150613817489183e-16 4.147862304841138e-17
6.168926852718884e+03 2.338158674367349e-16 2.620117920754419e-17
6.170347464167631e+03 1.885931732355171e-16 1.740505830892588e-17
6.171768402761911e+03 2.207959600887789e-16 1.490454796479229e-17
6.173189668577069e+03 2.100813654898216e-16 1.542420804733664e-17
6.174611261688449e+03 2.214913762089386e-16 1.550153461865856e-17
6.176033182171434e+03 2.204318743503466e-16 1.373525547358047e-17
6.177455430101402e+03 2.232825379271131e-16 1.272929295919459e-17
6.178878005553770e+03 2.307152491034175e-16 1.281685139505290e-17
6.180300908603949e+03 2.125135849823865e-16 1.261156187355472e-17
6.181724139327393e+03 2.084724902548499e-16 1.322895590547823e-17
6.183147697799553e+03 2.303356151093321e-16 1.380692144477259e-17
6.184571584095902e+03 2.387646564954669e-16 1.356907948848563e-17
6.185995798291940e+03 2.369295297921166e-16 1.404386045715596e-17
6.187420340463168e+03 2.148878225345540e-16 1.451386591780586e-17
6.188845210685126e+03 2.179664270791270e-16 1.431626026996218e-17
6.190270409033346e+03 2.395641262983997e-16 1.357304524901613e-17
6.191695935583404e+03 2.383008031330251e-16 1.374725681136227e-17
6.193121790410867e+03 2.206268226442164e-16 1.478974413896601e-17
6.194547973591346e+03 1.984722435743173e-16 1.551987100442843e-17
6.195974485200441e+03 1.941152571086212e-16 1.545422241811010e-17
6.197401325313797e+03 2.101380289956957e-16 1.479152866856183e-17
6.198828494007053e+03 2.048413000215619e-16 1.376924764032372e-17
6.200255991355888e+03 2.166228182729869e-16 1.311798155528678e-17
6.201683817435974e+03 2.010863941488261e-16 1.282856172138373e-17
6.203111972323022e+03 2.152887024442714e-16 1.310743195009923e-17
6.204540456092745e+03 2.228266760320355e-16 1.318228033665049e-17
6.205969268820887e+03 2.030713821267568e-16 1.294162009022352e-17
6.207398410583191e+03 2.302192058491290e-16 1.315852524522947e-17
6.208827881455443e+03 1.930832656651124e-16 1.247598835180677e-17
6.210257681513424e+03 1.903025066349113e-16 1.233835488118116e-17
6.211687810832936e+03 2.233183833095863e-16 1.322282383609433e-17
6.213118269489813e+03 2.010856064407611e-16 1.352824416381485e-17
6.214549057559885e+03 2.054405116133753e-16 1.360899765261397e-17
6.215980175119025e+03 2.109769948523214e-16 1.329930207538223e-17
6.217411622243096e+03 2.014453051660679e-16 1.314933548318155e-17
6.218843399008003e+03 2.118242509039905e-16 1.373640634339803e-17
6.220275505489646e+03 2.153879172767060e-16 1.419623534630962e-17
6.221707941763966e+03 2.125058061519900e-16 1.414127224059788e-17
6.223140707906898e+03 2.254568565410599e-16 1.393936672314021e-17
6.224573803994416e+03 2.085533241024152e-16 1.363494713799107e-17
6.226007230102492e+03 2.234368093476141e-16 1.559335878023689e-17
6.227440986307133e+03 2.300753567772420e-16 2.206915143084764e-17
6.228875072684346e+03 1.877203186391332e-16 2.848742559640216e-17
6.230309489310177e+03 2.122188686314917e-16 2.499917279532609e-17
6.231744236260665e+03 1.897362332410254e-16 1.682849186677481e-17
6.233179313611889e+03 2.001826588305947e-16 1.421174738412059e-17
6.234614721439926e+03 2.094078312189769e-16 1.367411124316138e-17
6.236050459820891e+03 2.142925463573724e-16 1.330058469929432e-17
6.237486528830897e+03 2.394881122147184e-16 1.414262515783859e-17
6.238922928546080e+03 2.257722999145921e-16 1.444589194568437e-17
6.240359659042607e+03 2.185901139397073e-16 1.423244459936674e-17
6.241796720396640e+03 2.023873308696097e-16 1.343493414314353e-17
6.243234112684384e+03 2.080006155019733e-16 1.306938749184349e-17
6.244671835982033e+03 2.106150620277692e-16 1.302662836021126e-17
6.246109890365829e+03 1.920580116434471e-16 1.290040843388914e-17
6.247548275912003e+03 2.026177548538399e-16 1.263035702894533e-17
6.248986992696828e+03 1.977616852072310e-16 1.315573767386031e-17
6.250426040796571e+03 2.225286303858022e-16 1.406261233989369e-17
6.251865420287542e+03 2.243159348203543e-16 1.369343136844112e-17
6.253305131246044e+03 2.077123485630038e-16 1.267993534882685e-17
6.254745173748419e+03 1.906239363127018e-16 1.214062220473292e-17
6.256185547871006e+03 2.161464081685205e-16 1.246719145981117e-17
6.257626253690184e+03 1.967061929582486e-16 1.279142689072051e-17
6.259067291282325e+03 1.982214234129111e-16 1.282109825680861e-17
6.260508660723845e+03 2.164030748222380e-16 1.308826916291122e-17
6.261950362091150e+03 1.949511723662103e-16 1.257817866878219e-17
6.263392395460691e+03 2.082247069327545e-16 1.238371232757993e-17
6.264834760908916e+03 1.990890664277155e-16 1.239331001200851e-17
6.266277458512292e+03 2.157338277072372e-16 1.254472318074805e-17
6.267720488347316e+03 2.029115109220807e-16 1.247154647631252e-17
6.269163850490501e+03 1.942316447233400e-16 1.246421901744781e-17
6.270607545018369e+03 2.157998189475352e-16 1.299510279948407e-17
6.272051572007455e+03 2.067578103647588e-16 1.319145709255092e-17
6.273495931534330e+03 1.972469838638716e-16 1.259736042085529e-17
6.274940623675565e+03 2.192509513685841e-16 1.221304182347664e-17
6.276385648507765e+03 2.186983074137751e-16 1.248717101870151e-17
6.277831006107533e+03 1.948754890805479e-16 1.276674324255131e-17
6.279276696551511e+03 2.322275383211951e-16 1.360305676830604e-17
6.280722719916338e+03 2.193122635080608e-16 1.326773787100047e-17
6.282169076278691e+03 2.151634945857622e-16 1.295583069019419e-17
6.283615765715243e+03 2.023976743539734e-16 1.257718640254541e-17
6.285062788302709e+03 2.039140452292692e-16 1.225362864722235e-17
6.286510144117794e+03 2.103861027843613e-16 1.219424914335021e-17
6.287957833237250e+03 2.125892642874423e-16 1.223564331950172e-17
6.289405855737819e+03 1.963420435692212e-16 1.236910737468867e-17
6.290854211696286e+03 2.151998853761419e-16 1.257578219231586e-17
6.292302901189429e+03 2.068698066863006e-16 1.246121978258608e-17
6.293751924294068e+03 2.108119787177881e-16 1.265627504910107e-17
6.295201281087016e+03 1.970811523677628e-16 1.261007342054742e-17
6.296650971645131e+03 1.913734282499377e-16 1.225594341013102e-17
6.298100996045266e+03 2.240700379658994e-16 1.258020360074269e-17
6.299551354364293e+03 2.822461084153731e-16 1.364860533629289e-17
6.301002046679122e+03 3.585026324010577e-16 1.535991192347443e-17
6.302453073066656e+03 3.846383258122101e-16 1.633082427036229e-17
6.303904433603837e+03 3.173880505398250e-16 1.537604977123623e-17
6.305356128367603e+03 2.388290640262392e-16 1.346312300148397e-17
6.306808157434934e+03 2.147670032900839e-16 1.227008918813658e-17
6.308260520882804e+03 1.870632033853320e-16 1.187343978012818e-17
6.309713218788226e+03 2.259941122423105e-16 1.281000675444818e-17
6.311166251228210e+03 2.772853104835574e-16 1.367761970807651e-17
6.312619618279805e+03 3.210481684382526e-16 1.425894719801052e-17
6.314073320020056e+03 3.560426108009879e-16 1.482601568179146e-17
6.315527356526050e+03 3.138828776105832e-16 1.432573882142305e-17
6.316981727874862e+03 2.249177673544447e-16 1.298679380463692e-17
6.318436434143618e+03 2.071641738680549e-16 1.265347505709699e-17
6.319891475409432e+03 2.274169292196452e-16 1.304082597688112e-17
6.321346851749460e+03 2.156857889100882e-16 1.350161580267436e-17
6.322802563240852e+03 2.082687780151492e-16 1.353196363099522e-17
6.324258609960802e+03 2.232861108396876e-16 1.348615257429376e-17
6.325714991986501e+03 2.202027033055218e-16 1.413774861125665e-17
6.327171709395158e+03 2.116513311432326e-16 1.504509453529656e-17
6.328628762264021e+03 2.190150790620890e-16 1.459711838606960e-17
6.330086150670329e+03 2.048191912140186e-16 1.362098547367425e-17
6.331543874691361e+03 1.853381321608622e-16 1.343074536189682e-17
6.333001934404394e+03 2.087052504526738e-16 1.449950370253489e-17
6.334460329886744e+03 2.073689614075308e-16 1.479247161180477e-17
6.335919061215723e+03 1.954462968197088e-16 1.375947338037846e-17
6.337378128468681e+03 1.887578050441210e-16 1.269907454979970e-17
6.338837531722967e+03 2.274625781932169e-16 1.312870445345514e-17
6.340297271055968e+03 2.093807967142525e-16 1.278960041697233e-17
6.341757346545065e+03 2.155246915944509e-16 1.268813190444986e-17
6.343217758267682e+03 2.024524312571480e-16 1.222721599189969e-17
6.344678506301238e+03 2.287681692784093e-16 1.383384469548687e-17
6.346139590723191e+03 2.048107135870471e-16 1.481039714836163e-17
6.347601011610993e+03 2.149020974883947e-16 1.363941945753719e-17
6.349062769042142e+03 1.961946994310721e-16 1.220569761761960e-17
6.350524863094126e+03 2.005493652102230e-16 1.213548654169795e-17
6.351987293844475e+03 2.256586246123391e-16 1.284538161031161e-17
6.353450061370720e+03 2.116079257454129e-16 1.333499703329966e-17
6.354913165750408e+03 2.015741279822765e-16 1.327567033110442e-17
6.356376607061125e+03 1.937399849592681e-16 1.285761505038361e-17
6.357840385380448e+03 1.854264536455996e-16 1.280153331973193e-17
6.359304500786000e+03 2.022993494216524e-16 1.408639038353959e-17
6.360768953355390e+03 2.132526183632130e-16 1.562130029326142e-17
6.362233743166278e+03 2.189592756923923e-16 1.510987887668902e-17
6.363698870296313e+03 2.098735824247223e-16 1.351460587789685e-17
6.365164334823184e+03 2.580887914016040e-16 1.370827646245996e-17
6.366630136824578e+03 2.497290716946734e-16 1.448894971841414e-17
6.368096276378224e+03 2.290398979958212e-16 1.359518808840240e-17
6.369562753561840e+03 2.235234169210433e-16 1.302105348703975e-17
6.371029568453192e+03 2.216106108306865e-16 1.274978428530069e-17
6.372496721130035e+03 2.256994616181137e-16 1.323217764917332e-17
6.373964211670168e+03 2.043550048329613e-16 1.307198848414241e-17
6.375432040151386e+03 2.010785102486557e-16 1.332166391107266e-17
6.376900206651522e+03 2.157279912607156e-16 1.325923239861497e-17
6.378368711248405e+03 1.970938779652820e-16 1.255954441453983e-17
6.379837554019906e+03 2.141634328272336e-16 1.249490321514753e-17
6.381306735043889e+03 2.239856391094214e-16 1.327115126366374e-17
6.382776254398260e+03 1.939026601152204e-16 1.411689651359826e-17
6.384246112160920e+03 1.835027206849585e-16 1.402487267583827e-17
6.385716308409812e+03 2.094118271265507e-16 1.373728068436349e-17
6.387186843222879e+03 2.135050923791112e-16 1.302626295588985e-17
6.388657716678079e+03 2.051989843013696e-16 1.257740071160512e-17
6.390128928853409e+03 2.186603523645844e-16 1.254947275232929e-17
6.391600479826860e+03 2.182144587715943e-16 1.304027542223241e-17
6.393072369676463e+03 2.018023999549418e-16 1.481439515252634e-17
6.394544598480245e+03 1.822974963411541e-16 1.617060341707100e-17
6.396017166316274e+03 1.984435764930207e-16 1.522832499428053e-17
6.397490073262611e+03 2.044789067742669e-16 1.333394444336974e-17
6.398963319397361e+03 2.148162707955462e-16 1.347234177867289e-17
6.400436904798622e+03 2.163467692927568e-16 1.334818428415627e-17
6.401910829544534e+03 2.022270253269757e-16 1.270271648983154e-17
6.403385093713230e+03 2.317107549942378e-16 1.369463484945449e-17
6.404859697382889e+03 2.167297203917905e-16 1.434201221910577e-17
6.406334640631677e+03 2.076298082027383e-16 1.324445439686169e-17
6.407809923537809e+03 1.881034831621095e-16 1.233630623389741e-17
6.409285546179487e+03 2.262133662135163e-16 1.260389028993367e-17
6.410761508634964e+03 2.285807165907372e-16 1.267893342320046e-17
6.412237810982479e+03 1.941390778250066e-16 1.313543426012271e-17
6.413714453300318e+03 2.040703326982329e-16 1.439096970643501e-17
6.415191435666763e+03 2.032804918848905e-16 1.494518830077062e-17
6.416668758160117e+03 2.027055279667811e-16 1.394447561857264e-17
6.418146420858719e+03 2.076855010250520e-16 1.295772423876988e-17
6.419624423840899e+03 2.094020687450396e-16 1.252893318513703e-17
6.421102767185033e+03 2.063498026674186e-16 1.261503443660606e-17
6.422581450969489e+03 1.926858020440617e-16 1.338195741584458e-17
6.424060475272678e+03 2.052592242583894e-16 1.407962067276083e-17
6.425539840173002e+03 2.117681408981109e-16 1.356144077587102e-17
6.427019545748910e+03 2.079100233587123e-16 1.233658887125958e-17
6.428499592078840e+03 2.284331071286986e-16 1.273420524502893e-17
6.429979979241276e+03 1.955875396086508e-16 1.250089702266085e-17
6.431460707314695e+03 2.076411136592240e-16 1.246269485359855e-17
6.432941776377616e+03 1.877029347378133e-16 1.205378277090573e-17
6.434423186508550e+03 2.012956099073814e-16 1.280268841645838e-17
6.435904937786054e+03 2.030929066412353e-16 1.440391464533043e-17
6.437387030288674e+03 1.953868805219366e-16 1.460033999282231e-17
6.438869464095004e+03 1.840308871583300e-16 1.342852050256166e-17
6.440352239283628e+03 1.814964990445716e-16 1.205766720648188e-17
6.441835355933174e+03 1.955824451954306e-16 1.186722986768809e-17
6.443318814122268e+03 2.171304289277697e-16 1.199464188639638e-17
6.444802613929554e+03 1.791322851817048e-16 1.154849432505021e-17
6.446286755433718e+03 1.853790578884647e-16 1.186541164077445e-17
6.447771238713432e+03 1.891431880749349e-16 1.209638070882688e-17
6.449256063847415e+03 1.948375394565700e-16 1.200905753805981e-17
6.450741230914379e+03 1.946699350028907e-16 1.174022905662679e-17
6.452226739993078e+03 2.021902946272787e-16 1.174010573331014e-17
6.453712591162260e+03 1.974587120238708e-16 1.190456634426091e-17
6.455198784500716e+03 1.887991190086264e-16 1.227008458726913e-17
6.456685320087229e+03 2.183545546338365e-16 1.285792394874053e-17
6.458172198000628e+03 2.110493425451913e-16 1.241008503560679e-17
6.459659418319731e+03 2.011443368133718e-16 1.198325860057024e-17
6.461146981123403e+03 2.148987632851829e-16 1.230990785569394e-17
6.462634886490499e+03 1.854000134075399e-16 1.255269691633519e-17
6.464123134499920e+03 1.929619357275518e-16 1.283689376265193e-17
6.465611725230558e+03 2.065141540390461e-16 1.260916359607654e-17
6.467100658761351e+03 1.948820054846697e-16 1.197169543843302e-17
6.468589935171227e+03 1.960179293229613e-16 1.196497074798753e-17
6.470079554539157e+03 2.134493486893242e-16 1.210549107960970e-17
6.471569516944109e+03 2.096084271492887e-16 1.159213364888308e-17
6.473059822465090e+03 2.047253494905232e-16 1.159725017273608e-17
6.474550471181104e+03 2.071221641397057e-16 1.174023646838258e-17
6.476041463171194e+03 2.128467757923364e-16 1.172551824790525e-17
6.477532798514404e+03 2.307774112390928e-16 1.181598917753925e-17
6.479024477289800e+03 1.972104870084614e-16 1.143470006328242e-17
6.480516499576480e+03 1.857859699016844e-16 1.150976948565394e-17
6.482008865453537e+03 1.982780447622427e-16 1.208242876814090e-17
6.483501575000107e+03 1.988725530085287e-16 1.201951507024904e-17
6.484994628295320e+03 2.064436218401417e-16 1.201665932208778e-17
6.486488025418348e+03 1.937918395624687e-16 1.163544438099656e-17
6.487981766448358e+03 1.901635558028675e-16 1.124840504230798e-17
6.489475851464558e+03 2.030357080493660e-16 1.112803211299355e-17
6.490970280546151e+03 1.861126610543238e-16 1.099776734346436e-17
6.492465053772382e+03 1.941560501297351e-16 1.132448593418830e-17
6.493960171222491e+03 2.034130440163429e-16 1.142944768365268e-17
6.495455632975759e+03 1.667811992179386e-16 1.090244841473481e-17
6.496951439111462e+03 1.921341078868193e-16 1.090994963540934e-17
6.498447589708918e+03 1.833024446179066e-16 1.087175487680073e-17
6.499944084847439e+03 1.908746482307540e-16 1.102783264483585e-17
6.501440924606381e+03 1.966591812141485e-16 1.161607339445249e-17
6.502938109065091e+03 1.851004214590034e-16 1.127666588928427e-17
6.504435638302963e+03 1.948449180237297e-16 1.109508546192696e-17
6.505933512399386e+03 1.903370288038181e-16 1.134424894237718e-17
6.507431731433770e+03 2.058260167675752e-16 1.174336464251772e-17
6.508930295485562e+03 2.165947722890479e-16 1.146046031525587e-17
6.510429204634201e+03 2.062241524587806e-16 1.109400666173115e-17
6.511928458959172e+03 1.933619735600103e-16 1.100447134108593e-17
6.513428058539948e+03 2.158891892698621e-16 1.179459162179198e-17
6.514928003456052e+03 2.024105954696353e-16 1.169156461630485e-17
6.516428293786998e+03 2.122102666505088e-16 1.138147933763549e-17
6.517928929612338e+03 2.180361816197731e-16 1.137521654312174e-17
6.519429911011625e+03 1.946426565603817e-16 1.138172401812322e-17
6.520931238064451e+03 2.009904546754475e-16 1.157738633433565e-17
6.522432910850402e+03 2.068562759598281e-16 1.123665013886018e-17
6.523934929449108e+03 1.924440688683399e-16 1.113989121398853e-17
6.525437293940192e+03 1.938477471425461e-16 1.129404171377018e-17
6.526940004403321e+03 2.020603775868832e-16 1.124440167440615e-17
6.528443060918154e+03 2.042427667424433e-16 1.109631659218185e-17
6.529946463564394e+03 2.038156858456621e-16 1.095857440756329e-17
6.531450212421736e+03 1.953161061729134e-16 1.088156175439725e-17
6.532954307569923e+03 1.941514526786723e-16 1.093451537016730e-17
6.534458749088692e+03 1.968180721056150e-16 1.105311913121234e-17
6.535963537057801e+03 1.992263088421074e-16 1.147851975995495e-17
6.537468671557044e+03 1.982937743559580e-16 1.157161380551013e-17
6.538974152666212e+03 2.119291590436520e-16 1.169576446160223e-17
6.540479980465135e+03 1.965353426562428e-16 1.132138108622035e-17
6.541986155033636e+03 1.963351363112729e-16 1.118193036815392e-17
6.543492676451587e+03 2.085514327209378e-16 1.163998119450716e-17
6.544999544798847e+03 1.979247624729998e-16 1.165611651819588e-17
6.546506760155322e+03 2.191843269110054e-16 1.202842809522159e-17
6.548014322600910e+03 2.511195749906019e-16 1.276371601037829e-17
6.549522232215554e+03 2.996455358248051e-16 1.360597557100017e-17
6.551030489079189e+03 3.102831099332275e-16 1.364947653333718e-17
6.552539093271793e+03 2.476798029771872e-16 1.268239390623538e-17
6.554048044873338e+03 2.205268474175435e-16 1.169605939636540e-17
6.555557343963842e+03 2.141792056522185e-16 1.134669218782679e-17
6.557066990623311e+03 2.156542226828446e-16 1.187094803715734e-17
6.558576984931799e+03 2.872979801868024e-16 1.353376543894931e-17
6.560087326969351e+03 6.755698891296435e-16 2.161450344644104e-17
6.561598016816058e+03 5.757059022365270e-15 5.953534144776672e-17
6.563109054552007e+03 1.828264104758008e-14 2.551832965626234e-16
6.564620440257307e+03 2.453178190419692e-14 4.093697545801604e-16
6.566132174012094e+03 1.648379612510463e-14 2.438265665609771e-16
6.567644255896527e+03 4.858654978206153e-15 6.667508446874641e-17
6.569156685990769e+03 1.665849588027595e-16 2.571192625858233e-17
6.570669464375001e+03 2.963646150924068e-16 1.273252046413766e-17
6.572182591129440e+03 2.249646981113854e-16 1.209883974376150e-17
6.573696066334298e+03 2.280662760966732e-16 1.169966650842759e-17
6.575209890069833e+03 2.227142227173299e-16 1.160229513624351e-17
6.576724062416291e+03 2.244308855246293e-16 1.172655289247463e-17
6.578238583453966e+03 2.164111867497840e-16 1.226632861211526e-17
6.579753453263144e+03 2.111734186926277e-16 1.233524373896076e-17
6.581268671924154e+03 2.300747866868329e-16 1.240654668868081e-17
6.582784239517317e+03 3.427906476556661e-16 1.396371054132929e-17
6.584300156123003e+03 5.531365676454147e-16 1.758085113212922e-17
6.585816421821569e+03 6.053994344966976e-16 1.835650945608864e-17
6.587333036693419e+03 4.146815462901971e-16 1.509618137537712e-17
6.588850000818949e+03 2.324831630605300e-16 1.218146452799214e-17
6.590367314278603e+03 2.139335629242210e-16 1.208166406601267e-17
6.591884977152811e+03 2.250270215045646e-16 1.197816708085626e-17
6.593402989522052e+03 2.019773232070275e-16 1.136660227173392e-17
6.594921351466796e+03 2.002891018053329e-16 1.122048411324127e-17
6.596440063067559e+03 2.052425447905995e-16 1.142598578911196e-17
6.597959124404856e+03 2.051482324279704e-16 1.203711391944785e-17
6.599478535559217e+03 2.180454811933049e-16 1.235171501366660e-17
6.600998296611214e+03 2.006396929711917e-16 1.138896985131363e-17
6.602518407641409e+03 2.005035853518381e-16 1.107474683298000e-17
6.604038868730412e+03 2.202653523404746e-16 1.144245102690793e-17
6.605559679958822e+03 2.070839109867759e-16 1.177270472918592e-17
6.607080841407284e+03 1.896671980831692e-16 1.187497388132084e-17
6.608602353156434e+03 1.935921216959858e-16 1.215503366309852e-17
6.610124215286956e+03 2.027350923270232e-16 1.578930576482003e-17
6.611646427879525e+03 1.931718170074602e-16 1.517211598027209e-17
6.613168991014858e+03 1.818954841625944e-16 1.138787600054041e-17
6.614691904773667e+03 1.811455090330987e-16 1.145963449448679e-17
6.616215169236712e+03 1.837950615937304e-16 1.158821289842179e-17
6.617738784484736e+03 2.006530236438557e-16 1.162109003026302e-17
6.619262750598537e+03 2.059111204087551e-16 1.116991657878530e-17
6.620787067658900e+03 1.890022158058579e-16 1.101400028088638e-17
6.622311735746655e+03 1.867484592153337e-16 1.146820291531585e-17
6.623836754942626e+03 2.064173084352297e-16 1.199206207459593e-17
6.625362125327681e+03 1.896102665143266e-16 1.186973872643115e-17
6.626887846982687e+03 1.863657912993151e-16 1.123848687950563e-17
6.628413919988529e+03 2.011424186123221e-16 1.081681393006773e-17
6.629940344426132e+03 2.096723063495291e-16 1.097754252848417e-17
6.631467120376411e+03 2.018214476205277e-16 1.111426481144565e-17
6.632994247920329e+03 1.781880001077958e-16 1.132694553203708e-17
6.634521727138838e+03 2.008960256242819e-16 1.125720803680281e-17
6.636049558112937e+03 1.943458645452206e-16 1.097450066172441e-17
6.637577740923619e+03 2.002262115198783e-16 1.081748343564478e-17
6.639106275651916e+03 2.078519846831805e-16 1.094265554522109e-17
6.640635162378860e+03 1.909562772334459e-16 1.103782526090576e-17
6.642164401185520e+03 2.085503571609875e-16 1.160226157768225e-17
6.643693992152965e+03 2.087082493757868e-16 1.159307764064875e-17
6.645223935362304e+03 2.087309694837009e-16 1.158825233685839e-17
6.646754230894641e+03 2.346259970627442e-16 1.312412544981807e-17
6.648284878831122e+03 2.014983835260340e-16 1.161299165756657e-17
6.649815879252889e+03 1.920114743308113e-16 1.105956491174366e-17
6.651347232241127e+03 2.148876578752271e-16 1.126992347927972e-17
6.652878937877013e+03 2.243013542905269e-16 1.136155865124555e-17
6.654410996241771e+03 2.229003639372802e-16 1.141472683623253e-17
6.655943407416619e+03 2.181313852596467e-16 1.149447177080002e-17
6.657476171482801e+03 2.088789465591077e-16 1.136716278553712e-17
6.659009288521587e+03 1.969333219496788e-16 1.098903510986488e-17
6.660542758614270e+03 2.055997270709028e-16 1.088993098405972e-17
6.662076581842145e+03 2.138775958338869e-16 1.099304798620349e-17
6.663610758286527e+03 2.001264035135676e-16 1.085197185672309e-17
6.665145288028771e+03 1.916805096007589e-16 1.131474041298783e-17
6.666680171150220e+03 1.880662375023135e-16 1.226745717138064e-17
6.668215407732269e+03 1.931008937059148e-16 1.227060133609380e-17
6.669750997856298e+03 1.996801710820604e-16 1.182071987606660e-17
6.671286941603740e+03 1.833678693048021e-16 1.120602999514094e-17
6.672823239056011e+03 1.867888524721040e-16 1.124276123498839e-17
6.674359890294581e+03 1.998043079790382e-16 1.128316874299928e-17
6.675896895400905e+03 1.991767033936421e-16 1.115779136507872e-17
6.677434254456490e+03 2.950595496718746e-16 1.286756949659756e-17
6.678971967542829e+03 4.218885580489428e-16 1.498898628902916e-17
6.680510034741466e+03 4.440445352134209e-16 1.591622385623231e-17
6.682048456133933e+03 3.132362275812814e-16 1.467856615848033e-17
6.683587231801809e+03 2.123967595544464e-16 1.465603190108067e-17
6.685126361826672e+03 2.260874950193549e-16 1.544405308440743e-17
6.686665846290118e+03 1.939473068424293e-16 1.385613312612354e-17
6.688205685273775e+03 1.855614783096195e-16 1.537331714065451e-17
6.689745878859292e+03 1.913877806966310e-16 1.631031441133415e-17
6.691286427128321e+03 1.857119208667077e-16 1.401371165871339e-17
6.692827330162533e+03 1.872862578027073e-16 1.226567814641693e-17
6.694368588043639e+03 1.921946121048537e-16 1.202272642218424e-17
6.695910200853342e+03 1.997083716821234e-16 1.222447838213189e-17
6.697452168673389e+03 1.873640202783291e-16 1.216636377844263e-17
6.698994491585521e+03 1.949876550570785e-16 1.152942153879834e-17
6.700537169671525e+03 1.933011996269804e-16 1.129825152526499e-17
6.702080203013175e+03 1.799818903492168e-16 1.195195533616490e-17
6.703623591692299e+03 1.790396943211007e-16 1.277954457414745e-17
6.705167335790709e+03 1.926309051840229e-16 1.256067057769161e-17
6.706711435390268e+03 1.741987934871297e-16 1.138592325585544e-17
6.708255890572829e+03 1.890816202212018e-16 1.105075521789559e-17
6.709800701420291e+03 1.926540474332195e-16 1.110545048573945e-17
6.711345868014544e+03 1.707319044889165e-16 1.090479563450625e-17
6.712891390437525e+03 1.859814626982738e-16 1.096695558536054e-17
6.714437268771163e+03 2.177822412651839e-16 1.228288905886067e-17
6.715983503097431e+03 4.681258813254669e-16 1.709956127092825e-17
6.717530093498297e+03 8.485706014612930e-16 2.794112402157023e-17
6.719077040055772e+03 8.967817401413489e-16 2.945926139220914e-17
6.720624342851867e+03 5.253941998784571e-16 1.879059304851594e-17
6.722172001968613e+03 2.108037416149402e-16 1.440021019389513e-17
6.723720017488077e+03 1.887969109333150e-16 1.465757187872171e-17
6.725268389492321e+03 1.864452052935536e-16 1.428068723545246e-17
6.726817118063450e+03 1.757414767379633e-16 1.309083994737272e-17
6.728366203283565e+03 1.995338554813696e-16 1.302548715320095e-17
6.729915645234807e+03 3.563658590020900e-16 1.539532104291461e-17
6.731465443999316e+03 6.330148022952078e-16 2.007576184956283e-17
6.733015599659272e+03 7.217438570739663e-16 2.115583020003861e-17
6.734566112296849e+03 4.830620853910401e-16 1.680907036314940e-17
6.736116981994268e+03 2.269930295088725e-16 1.291412603509894e-17
6.737668208833741e+03 1.931626357154415e-16 1.207680850107725e-17
6.739219792897526e+03 1.727901497590539e-16 1.186304964439530e-17
6.740771734267872e+03 2.047246192280245e-16 1.265125204606257e-17
6.742324033027076e+03 1.818291340286460e-16 1.290349600819951e-17
6.743876689257426e+03 1.834501561506165e-16 1.284153983654245e-17
6.745429703041254e+03 1.675914807119631e-16 1.180722413188741e-17
6.746983074460887e+03 1.908571830153492e-16 1.178778202285001e-17
6.748536803598697e+03 1.872155974102291e-16 1.207945351609904e-17
6.750090890537053e+03 1.849123532805365e-16 1.163644139693920e-17
6.751645335358347e+03 1.527082117782029e-16 1.111897825161632e-17
6.753200138144997e+03 1.554973371577778e-16 1.298147271767762e-17
6.754755298979447e+03 1.647750180722880e-16 1.351532421552415e-17
6.756310817944141e+03 1.858250015826437e-16 1.208304373601183e-17
6.757866695121546e+03 1.748557731250866e-16 1.113116249424049e-17
6.759422930594167e+03 1.770621651908295e-16 1.145059388490784e-17
6.760979524444499e+03 1.780644008631817e-16 1.213907665459056e-17
6.762536476755084e+03 1.784735095231589e-16 1.209409638262285e-17
6.764093787608458e+03 1.817607113136643e-16 1.222227405809055e-17
6.765651457087201e+03 1.669595120291605e-16 1.257505837478783e-17
6.767209485273886e+03 1.817588660985705e-16 1.242434045797530e-17
6.768767872251131e+03 1.856785114982976e-16 1.115925189054032e-17
6.770326618101547e+03 1.658716298418939e-16 1.040260411789826e-17
6.771885722907789e+03 1.852303669344833e-16 1.063299778134490e-17
6.773445186752509e+03 1.746720065841823e-16 1.152316407716482e-17
6.775005009718399e+03 1.846999644945918e-16 1.354736636675145e-17
6.776565191888147e+03 1.915721176167225e-16 1.489226206297995e-17
6.778125733344483e+03 1.809282675396912e-16 1.370713477110358e-17
6.779686634170143e+03 1.789012016293600e-16 1.152323387499671e-17
6.781247894447874e+03 1.688051535322489e-16 1.057336496326959e-17
6.782809514260462e+03 1.600981051085918e-16 1.052419505860081e-17
6.784371493690706e+03 1.697581926236182e-16 1.056650098784077e-17
6.785933832821418e+03 1.728081833652923e-16 1.045098234647528e-17
6.787496531735420e+03 1.658015101146392e-16 1.029356056257976e-17
6.789059590515582e+03 1.777566033179503e-16 1.079703287266351e-17
6.790623009244761e+03 1.794308850924324e-16 1.234768552038790e-17
6.792186788005861e+03 1.773331865875459e-16 1.425330013818941e-17
6.793750926881778e+03 1.984374957882515e-16 1.435182016996612e-17
6.795315425955458e+03 1.723786089903422e-16 1.162917374494691e-17
6.796880285309830e+03 1.640235096068807e-16 1.051025831904572e-17
6.798445505027880e+03 1.882853888181016e-16 1.193680499132418e-17
6.800011085192578e+03 1.689941913221286e-16 1.520875698672970e-17
6.801577025886943e+03 1.670867507673771e-16 1.664708032431296e-17
6.803143327193987e+03 1.838431523330594e-16 1.534557723418113e-17
6.804709989196766e+03 1.903155806434728e-16 1.241956542432854e-17
6.806277011978332e+03 1.689513730016469e-16 1.084725948869601e-17
6.807844395621778e+03 1.756834371925410e-16 1.051265565964901e-17
6.809412140210199e+03 1.754758355395805e-16 1.087084076503366e-17
6.810980245826708e+03 1.769969173455702e-16 1.081764482005132e-17
6.812548712554451e+03 1.929469672411796e-16 1.146762060315934e-17
6.814117540476595e+03 1.720712515687362e-16 1.100269206183475e-17
6.815686729676308e+03 2.019817281992101e-16 1.118511469913232e-17
6.817256280236784e+03 1.822333770800310e-16 1.072618641450352e-17
6.818826192241248e+03 1.701208862643626e-16 1.151878743086883e-17
6.820396465772927e+03 1.647768276727863e-16 1.333964783330616e-17
6.821967100915082e+03 1.795056484917428e-16 1.335880341832575e-17
6.823538097750979e+03 1.833372241078010e-16 1.171969406709945e-17
6.825109456363922e+03 1.752793908795059e-16 1.089146194561990e-17
6.826681176837208e+03 2.043255536513806e-16 1.142663216484702e-17
6.828253259254183e+03 1.882771340508451e-16 1.208755931211821e-17
6.829825703698184e+03 2.044820569277579e-16 1.408183174335691e-17
6.831398510252592e+03 2.007195860316299e-16 1.588576307262219e-17
6.832971679000784e+03 1.693628425344565e-16 1.270407578713097e-17
6.834545210026182e+03 1.677668640157725e-16 1.066561981761688e-17
6.836119103412197e+03 1.691947087295659e-16 1.027399998624463e-17
6.837693359242290e+03 1.844058190130856e-16 1.109570182852754e-17
6.839267977599912e+03 1.677851964277202e-16 1.128378074497256e-17
6.840842958568563e+03 1.649452125359883e-16 1.076338247015254e-17
6.842418302231733e+03 1.769534837801676e-16 1.080426506224149e-17
6.843994008672958e+03 1.771338405192494e-16 1.087072496244486e-17
6.845570077975772e+03 1.671661302923395e-16 1.061374983076561e-17
6.847146510223733e+03 1.621940833892171e-16 1.029367497838933e-17
6.848723305500433e+03 1.706555837727682e-16 1.028303253930272e-17
6.850300463889459e+03 1.665745673286399e-16 1.017958884918654e-17
6.851877985474444e+03 1.595655201902366e-16 1.027619054510254e-17
6.853455870339015e+03 1.759733787002202e-16 1.090256773554187e-17
6.855034118566840e+03 1.732218829462774e-16 1.106732092974498e-17
6.856612730241585e+03 1.848904767081152e-16 1.129882288847567e-17
6.858191705446960e+03 1.750564922978902e-16 1.120338746561196e-17
6.859771044266665e+03 1.533344227393110e-16 1.099217561925387e-17
6.861350746784450e+03 1.764642574191440e-16 1.128720003215587e-17
6.862930813084055e+03 1.861449076460366e-16 1.171832796980628e-17
6.864511243249270e+03 1.686946228386098e-16 1.118758644791566e-17
6.866092037363869e+03 1.792932230999937e-16 1.043861597761777e-17
6.867673195511681e+03 1.769277702432443e-16 1.008227488861057e-17
6.869254717776524e+03 1.662417985196502e-16 1.008897142983200e-17
6.870836604242261e+03 1.769331651202781e-16 1.093610649183039e-17
6.872418854992748e+03 1.744217112997852e-16 1.174298404164130e-17
6.874001470111890e+03 1.646606890994961e-16 1.099766566393668e-17
6.875584449683588e+03 1.733808328333838e-16 1.019971413246022e-17
6.877167793791762e+03 1.745323040990102e-16 1.019340135839692e-17
6.878751502520367e+03 1.786917700127650e-16 1.043874317173203e-17
6.880335575953376e+03 1.790220091803042e-16 1.060736211916791e-17
6.881920014174769e+03 1.676210494080237e-16 1.033656803284982e-17
6.883504817268544e+03 1.730096138600444e-16 1.041776709085668e-17
6.885089985318739e+03 1.615093696222322e-16 1.017889860857711e-17
6.886675518409385e+03 1.695061384989060e-16 1.026788501035828e-17
6.888261416624558e+03 1.903313002035416e-16 1.043515094833080e-17
6.889847680048329e+03 1.785613033381520e-16 1.030914321189751e-17
6.891434308764811e+03 1.837446232749727e-16 1.054658836833797e-17
6.893021302858114e+03 1.840731256653941e-16 1.094876857979063e-17
6.894608662412391e+03 1.614472574441127e-16 1.062097747320859e-17
6.896196387511790e+03 1.806166983781303e-16 1.071785720138223e-17
6.897784478240503e+03 1.706679515458796e-16 1.114449933517490e-17
6.899372934682716e+03 1.891190332877741e-16 1.191716515300670e-17
6.900961756922660e+03 1.707574079266165e-16 1.121587740509320e-17
6.902550945044560e+03 1.701886432722672e-16 1.053820546507615e-17
6.904140499132687e+03 1.729403447281805e-16 1.031334446344598e-17
6.905730419271310e+03 1.783705622250160e-16 1.032449123104122e-17
6.907320705544719e+03 1.606000132291825e-16 1.027905652231284e-17
6.908911358037234e+03 1.731208811616567e-16 1.026420905213114e-17
6.910502376833200e+03 1.776566089022546e-16 1.001463608643573e-17
6.912093762016962e+03 1.616190138972996e-16 9.979323586860346e-18
6.913685513672887e+03 1.625050050005883e-16 1.014306729797511e-17
6.915277631885381e+03 1.764385150886463e-16 1.019571899720008e-17
6.916870116738846e+03 1.516784279574250e-16 9.735707056508944e-18
6.918462968317725e+03 1.642266070801602e-16 9.965538497977443e-18
6.920056186706454e+03 1.784360793087617e-16 1.047767908633175e-17
6.921649771989522e+03 1.852695308599752e-16 1.048682763874928e-17
6.923243724251403e+03 1.744616785059714e-16 9.931293737066065e-18
6.924838043576620e+03 1.797303796077624e-16 1.016529499285355e-17
6.926432730049690e+03 1.624822248875221e-16 1.028052383832925e-17
6.928027783755175e+03 1.705424234643283e-16 1.049414442920410e-17
6.929623204777627e+03 1.692195678137596e-16 1.014856234567593e-17
6.931218993201651e+03 1.551360300402502e-16 9.814457431540285e-18
6.932815149111837e+03 1.532913455887890e-16 9.887381952815733e-18
6.934411672592827e+03 1.863873536615739e-16 1.073358147754427e-17
6.936008563729254e+03 1.781326806331397e-16 9.936169930667646e-18
6.937605822605797e+03 1.740542755198696e-16 1.017730865088319e-17
6.939203449307126e+03 1.816271253810702e-16 1.091527609962942e-17
6.940801443917960e+03 1.756838349097379e-16 1.127192403769875e-17
6.942399806523016e+03 1.816082226631479e-16 1.035865284253594e-17
6.943998537207031e+03 1.653357395078581e-16 9.730603430256555e-18
6.945597636054782e+03 1.857951366703512e-16 9.821446758575261e-18
6.947197103151038e+03 1.521384735585829e-16 9.496713561951275e-18
6.948796938580615e+03 1.529419125518837e-16 9.798442153870575e-18
6.950397142428319e+03 1.536819227261006e-16 9.571207991381414e-18
6.951997714779006e+03 1.623593214152629e-16 9.582076641179343e-18
6.953598655717524e+03 1.586484916076648e-16 9.734631921001194e-18
6.955199965328767e+03 1.663446410987408e-16 1.022839419881833e-17
6.956801643697619e+03 1.424071497665506e-16 9.991281924825816e-18
6.958403690909015e+03 1.673505900888975e-16 1.053782810295860e-17
6.960006107047880e+03 1.692521459676929e-16 1.059118745261778e-17
6.961608892199184e+03 1.627220968586657e-16 1.010405843773048e-17
6.963212046447895e+03 1.639490305399696e-16 9.572888481063745e-18
6.964815569879021e+03 1.545902736327238e-16 1.005960269151303e-17
6.966419462577567e+03 1.764305251158595e-16 1.037294126333918e-17
6.968023724628585e+03 1.615541293287659e-16 9.911430967420758e-18
6.969628356117115e+03 1.601166680552124e-16 9.419933513820886e-18
6.971233357128247e+03 1.612802610520993e-16 9.908228332410550e-18
6.972838727747071e+03 1.714093552261999e-16 1.053527945320436e-17
6.974444468058694e+03 1.788105684997714e-16 1.050492078403843e-17
6.976050578148258e+03 1.719275364065548e-16 9.977212943643125e-18
6.977657058100925e+03 1.712149942874976e-16 1.030795331886701e-17
6.979263908001862e+03 1.670437858851970e-16 1.095413854325362e-17
6.980871127936253e+03 1.556399386468456e-16 1.059124590478948e-17
6.982478717989328e+03 1.759539851976280e-16 1.007548967690982e-17
6.984086678246305e+03 1.568070049413579e-16 9.468909236583136e-18
6.985695008792451e+03 1.615233110970753e-16 9.543056566880726e-18
6.987303709713022e+03 1.695415866195661e-16 1.045569845757345e-17
6.988912781093325e+03 1.769207107487327e-16 1.135138263773450e-17
6.990522223018658e+03 1.629635541211647e-16 1.073786776117040e-17
6.992132035574366e+03 1.618565670501702e-16 1.013519759806281e-17
6.993742218845783e+03 1.694115842158608e-16 1.041233619751063e-17
6.995352772918296e+03 1.775878603290763e-16 1.073783552750909e-17
6.996963697877281e+03 1.693508279772354e-16 1.040111288281248e-17
6.998574993808160e+03 1.624615306160472e-16 9.866424615831408e-18
7.000186660796348e+03 1.525765607579697e-16 9.552138233160479e-18
7.001798698927310e+03 1.706707772313533e-16 9.803706359198909e-18
7.003411108286507e+03 1.795199728388882e-16 1.030734019873753e-17
7.005023888959419e+03 1.695476832374815e-16 1.045592132703441e-17
7.006637041031562e+03 1.704224007803998e-16 1.014613994264121e-17
7.008250564588472e+03 1.695574285986869e-16 1.002985804098758e-17
7.009864459715686e+03 1.590942832083482e-16 1.043929673111381e-17
7.011478726498767e+03 1.728620530974705e-16 1.087987562939286e-17
7.013093365023315e+03 1.814060747919554e-16 1.074611205025875e-17
7.014708375374921e+03 1.620786623911341e-16 1.010171087455816e-17
7.016323757639227e+03 1.521387978048159e-16 9.774117690964834e-18
7.017939511901865e+03 1.586288322635211e-16 9.921348170281528e-18
7.019555638248514e+03 1.576485194138417e-16 1.037006554453040e-17
7.021172136764843e+03 1.635426886218479e-16 1.062490047927389e-17
7.022789007536576e+03 1.539441937114041e-16 1.078671924654133e-17
7.024406250649421e+03 1.531324697272771e-16 1.072799043539117e-17
7.026023866189136e+03 1.695400946617131e-16 1.049093695491622e-17
7.027641854241473e+03 1.616489403190531e-16 1.012678189867462e-17
7.029260214892230e+03 1.686855086847753e-16 1.021392926529654e-17
7.030878948227195e+03 1.588004700710958e-16 1.048854254607298e-17
7.032498054332207e+03 1.519015353050924e-16 1.071222732249457e-17
7.034117533293102e+03 1.573947214266468e-16 1.073048423155369e-17
7.035737385195736e+03 1.791702721638292e-16 1.088149873406189e-17
7.037357610126001e+03 1.600195960806506e-16 1.055678912634969e-17
7.038978208169803e+03 1.618255944676857e-16 1.055359851496630e-17
7.040599179413060e+03 1.719692154152044e-16 1.076565232444994e-17
7.042220523941706e+03 1.452742247299706e-16 1.181630321510066e-17
7.043842241841718e+03 1.396379165696142e-16 1.157166098593271e-17
7.045464333199063e+03 1.522216097570199e-16 1.001051357328829e-17
7.047086798099757e+03 1.637195229630994e-16 1.030645194867034e-17
7.048709636629807e+03 1.505940380929908e-16 1.025888229395573e-17
7.050332848875270e+03 1.697320100539059e-16 1.046449725184286e-17
7.051956434922191e+03 1.865118567530436e-16 1.084083663451473e-17
7.053580394856665e+03 1.717333262394883e-16 1.093441029200385e-17
7.055204728764780e+03 1.553535948807101e-16 1.063387047233124e-17
7.056829436732671e+03 1.632983679363492e-16 1.043926290570407e-17
7.058454518846462e+03 1.810466182810518e-16 1.028068254549528e-17
7.060079975192328e+03 1.707481682185272e-16 1.015375887541933e-17
7.061705805856435e+03 1.640661488121130e-16 1.065303565385923e-17
7.063332010924999e+03 1.783485404788826e-16 1.189103375996691e-17
7.064958590484223e+03 2.581289300004598e-16 1.312032048466277e-17
7.066585544620362e+03 3.351987273491908e-16 1.393659856842927e-17
7.068212873419661e+03 3.027559788797664e-16 1.322947965668514e-17
7.069840576968414e+03 2.078467656592782e-16 1.163137210945239e-17
7.071468655352912e+03 1.539113989334568e-16 1.080118671876567e-17
7.073097108659467e+03 1.683982232659698e-16 1.097158135091133e-17
7.074725936974434e+03 1.576122103253248e-16 1.133813502725459e-17
7.076355140384156e+03 1.633051706739323e-16 1.145999261322930e-17
7.077984718975026e+03 1.758770137992985e-16 1.152601853476530e-17
7.079614672833430e+03 1.580203972484366e-16 1.179515054804619e-17
7.081245002045797e+03 1.659023434470759e-16 1.222753478308856e-17
7.082875706698554e+03 1.760109427057790e-16 1.268812286305179e-17
7.084506786878174e+03 1.669279156863725e-16 1.555008502027156e-17
7.086138242671120e+03 1.502425435135477e-16 2.226729015763988e-17
7.087770074163904e+03 1.845584014237221e-16 2.211101080790086e-17
7.089402281443030e+03 1.567869722683856e-16 1.986859927879631e-17
7.091034864595051e+03 1.290385329033345e-16 1.999369400149439e-17
7.092667823706509e+03 1.136591606596136e-16 1.816259765095938e-17
7.094301158863997e+03 1.345334205291048e-16 1.392526121414528e-17
7.095934870154100e+03 1.654138774910231e-16 1.178342005648686e-17
7.097568957663449e+03 1.752795405262619e-16 1.269048242328142e-17
7.099203421478664e+03 1.681842599201747e-16 1.495545318848876e-17
7.100838261686423e+03 1.487099760656915e-16 1.395090864895385e-17
7.102473478373392e+03 1.384261927103191e-16 1.199052374431176e-17
7.104109071626262e+03 1.611902886750931e-16 1.153482944375134e-17
7.105745041531759e+03 1.598091099454708e-16 1.124197382065701e-17
7.107381388176627e+03 1.565315289739091e-16 1.086417957275982e-17
7.109018111647616e+03 1.690854527105135e-16 1.261276102971169e-17
7.110655212031496e+03 1.524152896940647e-16 1.260099492454952e-17
7.112292689415081e+03 1.493012200603635e-16 1.119151915476639e-17
7.113930543885171e+03 1.632224760096561e-16 1.160425353456595e-17
7.115568775528619e+03 1.723528720044389e-16 1.210737962183104e-17
7.117207384432268e+03 1.615956341042014e-16 1.491620886634471e-17
7.118846370683009e+03 1.641196189120045e-16 1.623647865076717e-17
7.120485734367726e+03 1.754947444512825e-16 2.267255319157657e-17
7.122125475573351e+03 1.660913354084846e-16 2.882510241221843e-17
7.123765594386806e+03 1.413155318406440e-16 2.169336106935165e-17
7.125406090895063e+03 1.441820699870668e-16 1.339777218323009e-17
7.127046965185086e+03 1.427392026574434e-16 1.323938596824483e-17
7.128688217343886e+03 1.540204144028038e-16 1.638534224198391e-17
7.130329847458466e+03 1.515384559184442e-16 1.647742570492623e-17
7.131971855615879e+03 1.498343058453207e-16 1.340976900658409e-17
7.133614241903175e+03 1.747388534541832e-16 1.228008109064962e-17
7.135257006407423e+03 3.829735479508228e-16 1.501705827333877e-17
7.136900149215730e+03 7.442102847486656e-16 2.079568586190472e-17
7.138543670415220e+03 7.121287088366278e-16 2.053369076476644e-17
7.140187570093023e+03 3.694795665141634e-16 1.552902070269077e-17
7.141831848336291e+03 1.871684758005945e-16 1.343099058182005e-17
7.143476505232215e+03 1.699641228285083e-16 1.262112235751315e-17
7.145121540867981e+03 1.540597694966504e-16 1.186641112893200e-17
7.146766955330818e+03 1.580717392992419e-16 1.229668066909913e-17
7.148412748707952e+03 1.514546737802614e-16 1.451136305751221e-17
7.150058921086656e+03 1.442423030292158e-16 1.644887427492141e-17
7.151705472554192e+03 1.421002668233843e-16 1.292238822031010e-17
7.153352403197876e+03 1.525463715338391e-16 1.136054415102990e-17
7.154999713105009e+03 1.451345214085984e-16 1.142378980021572e-17
7.156647402362946e+03 1.508019483050626e-16 1.196616198052260e-17
7.158295471059031e+03 1.506381916339947e-16 1.452346437319025e-17
7.159943919280657e+03 1.769034834463037e-16 2.119073649161308e-17
7.161592747115208e+03 1.579782308866630e-16 2.569943804086906e-17
7.163241954650120e+03 1.539709216795970e-16 1.928583393084278e-17
7.164891541972816e+03 1.443724887690743e-16 1.214553709443797e-17
7.166541509170769e+03 1.486509245180034e-16 1.137811410218779e-17
7.168191856331446e+03 1.594983363997056e-16 1.275596628000478e-17
7.169842583542360e+03 1.471924250228712e-16 1.360617086893894e-17
7.171493690891026e+03 1.816765404037169e-16 1.429984286052750e-17
7.173145178464973e+03 1.695290371919663e-16 1.504117896074126e-17
7.174797046351779e+03 1.714617053139052e-16 1.453944689752004e-17
7.176449294639006e+03 1.573169208235969e-16 1.346606879575068e-17
7.178101923414274e+03 1.529665456589416e-16 1.170060491015054e-17
7.179754932765186e+03 1.542918014385653e-16 1.115305227941595e-17
7.181408322779398e+03 1.333987377837662e-16 1.220084793557656e-17
7.183062093544556e+03 1.669702486483916e-16 1.800410191241679e-17
7.184716245148357e+03 2.082747390417672e-16 2.834622182143378e-17
7.186370777678487e+03 1.713159195071726e-16 2.415533298396181e-17
7.188025691222683e+03 1.653811213260639e-16 1.357245898638051e-17
7.189680985868671e+03 1.511118100403785e-16 1.091102846317195e-17
7.191336661704228e+03 1.576402747964234e-16 1.131700741289134e-17
7.192992718817122e+03 1.653961694091497e-16 1.199929905365345e-17
7.194649157295172e+03 1.521593752902276e-16 1.115886119802887e-17
7.196305977226182e+03 1.506264752063857e-16 1.069664607250469e-17
7.197963178698013e+03 1.578891990683785e-16 1.121798525004614e-17
7.199620761798511e+03 1.573912219387236e-16 1.133995241831813e-17
7.201278726615576e+03 1.782875006062042e-16 1.333040200406727e-17
7.202937073237103e+03 1.731808468972557e-16 1.446882021995124e-17
7.204595801751008e+03 1.504496901920607e-16 1.425216311958010e-17
7.206254912245246e+03 1.473101822430107e-16 1.116028698407610e-17
7.207914404807783e+03 1.352574826116786e-16 1.042591337109972e-17
7.209574279526601e+03 1.485133282106879e-16 1.226311659307964e-17
7.211234536489696e+03 1.700004405343954e-16 1.942064716493801e-17
7.212895175785106e+03 1.987454366755344e-16 2.393094273319071e-17
7.214556197500865e+03 1.713511569771416e-16 1.912147086013662e-17
7.216217601725051e+03 1.369420013950413e-16 1.177241595514126e-17
7.217879388545737e+03 1.514864364555127e-16 1.121628059320977e-17
7.219541558051043e+03 1.530188597631469e-16 1.137615774074777e-17
7.221204110329079e+03 1.568047268157637e-16 1.111225969455378e-17
7.222867045468010e+03 1.435706834808009e-16 1.045918696826340e-17
7.224530363555986e+03 1.498661599363540e-16 1.017503200446686e-17
7.226194064681210e+03 1.345851451584273e-16 1.032802964064557e-17
7.227858148931875e+03 1.614086131187793e-16 1.087968158182773e-17
7.229522616396223e+03 1.382237086779785e-16 1.022621210652976e-17
7.231187467162489e+03 1.371570164247677e-16 9.974241030186378e-18
7.232852701318956e+03 1.478175662944640e-16 1.100791403814832e-17
7.234518318953905e+03 1.491932039707243e-16 1.302088503373045e-17
7.236184320155638e+03 1.394400901666736e-16 1.323078625853895e-17
7.237850705012494e+03 1.439725490723569e-16 1.188511780238157e-17
7.239517473612827e+03 1.456667576446703e-16 1.055418719659580e-17
7.241184626045003e+03 1.611490757798490e-16 1.105093519958948e-17
7.242852162397404e+03 1.444954813495168e-16 1.350494082090403e-17
7.244520082758456e+03 1.398918744176108e-16 1.783417938177709e-17
7.246188387216575e+03 1.560513234585729e-16 1.705442649513425e-17
7.247857075860229e+03 1.379810292099250e-16 1.236297368475765e-17
7.249526148777874e+03 1.690621511034969e-16 1.077219232980967e-17
7.251195606058019e+03 1.519794254102569e-16 1.005656253000528e-17
7.252865447789160e+03 1.508681757209558e-16 1.010015944140477e-17
7.254535674059847e+03 1.513086457664491e-16 1.036979117046143e-17
7.256206284958618e+03 1.492270738727136e-16 1.041465172561457e-17
7.257877280574062e+03 1.545825973052830e-16 1.022225319087752e-17
7.259548660994758e+03 1.458670170281739e-16 1.033382837604221e-17
7.261220426309337e+03 1.550554284106012e-16 1.077133850260519e-17
7.262892576606419e+03 1.428464159462611e-16 1.030953535934770e-17
7.264565111974674e+03 1.602701610139056e-16 1.033422915124232e-17
7.266238032502773e+03 1.590616885958197e-16 1.042275857467048e-17
7.267911338279401e+03 1.564004253924509e-16 1.011676825742325e-17
7.269585029393284e+03 1.486721710791786e-16 1.017645859811114e-17
7.271259105933169e+03 1.429844844880809e-16 1.108034749455069e-17
7.272933567987805e+03 1.400521777683582e-16 1.183117628550737e-17
7.274608415645962e+03 1.570173182714854e-16 1.132413601475218e-17
7.276283648996455e+03 1.490879567788007e-16 1.088106464437925e-17
7.277959268128086e+03 1.432245070628511e-16 1.158606345387757e-17
7.279635273129713e+03 1.738503977025853e-16 1.338093735776882e-17
7.281311664090178e+03 1.802081303993806e-16 1.383337825650949e-17
7.282988441098378e+03 1.829917147892354e-16 1.228726453344900e-17
7.284665604243199e+03 1.669585523925127e-16 1.071853286477075e-17
7.286343153613578e+03 1.349569620259393e-16 1.009849227306265e-17
7.288021089298440e+03 1.438170065895336e-16 1.054291036782976e-17
7.289699411386763e+03 1.325181226938810e-16 1.084168904701211e-17
7.291378119967517e+03 1.321147432091061e-16 1.081553079251950e-17
7.293057215129718e+03 1.582871656297159e-16 1.074268792995422e-17
7.294736696962376e+03 1.492441210901363e-16 1.044830307146533e-17
7.296416565554551e+03 1.551639067532083e-16 1.047968500718174e-17
7.298096820995293e+03 1.381625756734851e-16 1.037137500961409e-17
7.299777463373700e+03 1.459328455569601e-16 1.061164389153588e-17
7.301458492778865e+03 1.445601369720442e-16 1.032601562830197e-17
7.303139909299928e+03 1.488457602198438e-16 1.042071945507747e-17
7.304821713026032e+03 1.493309799658959e-16 1.075362174429022e-17
7.306503904046333e+03 1.699022699205186e-16 1.109671447740847e-17
7.308186482450036e+03 1.552165814016805e-16 1.124067586536438e-17
7.309869448326334e+03 1.544423276241130e-16 1.099291125712552e-17
7.311552801764472e+03 1.580182783026989e-16 1.091555342286893e-17
7.313236542853684e+03 1.567437676435152e-16 1.216599917508936e-17
7.314920671683255e+03 1.386307628502723e-16 1.269720198413482e-17
7.316605188342461e+03 1.509861391041777e-16 1.213541203860873e-17
7.318290092920629e+03 1.620420839256114e-16 1.162286751211318e-17
7.319975385507074e+03 2.103583993427559e-16 1.271333053666101e-17
7.321661066191166e+03 2.400756651597283e-16 1.389122842919622e-17
7.323347135062261e+03 1.954626825863235e-16 1.414860606115296e-17
7.325033592209770e+03 1.773555217598815e-16 1.375248427482309e-17
7.326720437723089e+03 1.577273971399434e-16 1.236876591799628e-17
7.328407671691672e+03 1.649795394949196e-16 1.062314905874622e-17
7.330095294204956e+03 1.750827017506823e-16 1.054818763786534e-17
7.331783305352433e+03 2.286546288581134e-16 1.123335039889686e-17
7.333471705223585e+03 2.105704016822610e-16 1.159883718866097e-17
7.335160493907943e+03 1.616861302450404e-16 1.113224950785814e-17
7.336849671495039e+03 1.416200821316772e-16 1.020735430201768e-17
7.338539238074423e+03 1.340888533159363e-16 9.370832818707976e-18
7.340229193735683e+03 1.457287844115747e-16 9.676811312952261e-18
7.341919538568423e+03 1.319068321907293e-16 9.886148333035832e-18
7.343610272662260e+03 1.370931492235916e-16 1.020242557443862e-17
7.345301396106825e+03 1.473814685342485e-16 1.055151429396578e-17
7.346992908991796e+03 1.573034180655068e-16 1.060714580170547e-17
7.348684811406838e+03 1.350382814613882e-16 9.951681578615007e-18
7.350377103441671e+03 1.500288731280066e-16 9.646676188711081e-18
7.352069785186003e+03 1.452340706479514e-16 9.641897741266570e-18
7.353762856729593e+03 1.474683229129580e-16 1.016095312782194e-17
7.355456318162192e+03 1.403261998902557e-16 1.031954045041115e-17
7.357150169573599e+03 1.366110292193126e-16 1.044915800170706e-17
7.358844411053606e+03 1.443282980620264e-16 1.092676715433879e-17
7.360539042692055e+03 1.671097640013825e-16 1.150018727012629e-17
7.362234064578779e+03 1.278850930756891e-16 1.336471781350928e-17
7.363929476803661e+03 1.415393461461431e-16 1.748859702318104e-17
7.365625279456574e+03 1.580852911113907e-16 1.719021033870043e-17
7.367321472627445e+03 1.215248756692459e-16 1.212559796476718e-17
7.369018056406195e+03 1.359643758923647e-16 1.090629908839560e-17
7.370715030882769e+03 1.643782380565033e-16 1.231456603048686e-17
7.372412396147145e+03 1.397910246646121e-16 1.165807241552785e-17
7.374110152289324e+03 1.377979294306038e-16 1.014959135569918e-17
7.375808299399311e+03 1.479427523842944e-16 1.000824126534476e-17
7.377506837567134e+03 1.399170935479489e-16 1.041493788454678e-17
7.379205766882862e+03 1.495684575827239e-16 1.143041270674257e-17
7.380905087436554e+03 1.334926116582693e-16 1.162077262666446e-17
7.382604799318324e+03 1.291001494911943e-16 1.094921975683382e-17
7.384304902618272e+03 1.464378903575707e-16 1.097602568647372e-17
7.386005397426551e+03 1.465690438123289e-16 1.106034762549299e-17
7.387706283833305e+03 1.403320983069938e-16 1.077189005292336e-17
7.389407561928729e+03 1.580759684389717e-16 1.073268235224830e-17
7.391109231803006e+03 1.466564289170331e-16 1.086395045110166e-17
7.392811293546373e+03 1.452721662795932e-16 1.058456039395060e-17
7.394513747249057e+03 1.400493927345709e-16 1.069388182851558e-17
7.396216593001335e+03 1.427019600091041e-16 1.164339433421209e-17
7.397919830893475e+03 1.641849823986646e-16 1.291872948754383e-17
7.399623461015794e+03 1.545118696329599e-16 1.194841702771186e-17
7.401327483458606e+03 1.428815420535499e-16 1.046362150354790e-17
7.403031898312269e+03 1.455057882011551e-16 1.026352654187746e-17
7.404736705667135e+03 1.416416333819067e-16 1.033617401186252e-17
7.406441905613605e+03 1.684125628735032e-16 1.189667102896462e-17
7.408147498242080e+03 1.608669436352352e-16 1.377612053796786e-17
7.409853483642981e+03 1.560702449752039e-16 1.760304446099537e-17
7.411559861906774e+03 1.574935546704481e-16 1.753699760999504e-17
7.413266633123912e+03 1.351633436977941e-16 1.353633798179840e-17
7.414973797384905e+03 1.596644159211861e-16 1.122693882903181e-17
7.416681354780247e+03 1.529414609788389e-16 1.153060877163511e-17
7.418389305400487e+03 1.376781312520013e-16 1.127774710652836e-17
7.420097649336162e+03 1.288964856381381e-16 1.100164900676075e-17
7.421806386677865e+03 1.492707024016754e-16 1.156938706242159e-17
7.423515517516174e+03 1.417055024672330e-16 1.228295026089555e-17
7.425225041941722e+03 1.362815562456113e-16 1.231765834208495e-17
7.426934960045131e+03 1.564054574225603e-16 1.201132505798634e-17
7.428645271917073e+03 1.206701197236717e-16 1.047939655610940e-17
7.430355977648212e+03 1.383892261776986e-16 1.039518071693605e-17
7.432067077329263e+03 1.635256022005786e-16 1.159999335389499e-17
7.433778571050932e+03 1.521356469341566e-16 1.382066315143649e-17
7.435490458903977e+03 1.603771587334559e-16 1.890182789533193e-17
7.437202740979144e+03 1.631675842395683e-16 2.693754995201560e-17
7.438915417367232e+03 1.551262378480811e-16 3.086021803800665e-17
7.440628488159037e+03 1.562602442965399e-16 2.942287140461383e-17
7.442341953445380e+03 1.552598692485300e-16 3.044319607212121e-17
7.444055813317109e+03 1.131563175813009e-16 3.075172749362516e-17
7.445770067865103e+03 1.663267580703952e-16 2.847719108024944e-17
7.447484717180241e+03 1.427140733004033e-16 2.278298030333462e-17
7.449199761353426e+03 1.318952881368224e-16 1.937029903764748e-17
7.450915200475600e+03 1.406828859926442e-16 1.752350825320455e-17
7.452631034637701e+03 1.401435382795137e-16 1.716945178818536e-17
7.454347263930715e+03 1.635775246368131e-16 1.686507046762000e-17
7.456063888445620e+03 1.081486103900352e-16 1.455739755573438e-17
7.457780908273445e+03 1.582546419640555e-16 1.384559344087638e-17
7.459498323505210e+03 1.566984912844378e-16 1.390630550498076e-17
7.461216134231983e+03 1.218039329653938e-16 1.569493896056025e-17
7.462934340544829e+03 1.294203520788471e-16 1.617517045978509e-17
7.464652942534859e+03 1.409666023145085e-16 1.807941250358277e-17
7.466371940293177e+03 1.588484196022940e-16 2.243456544976906e-17
7.468091333910936e+03 1.763365437662939e-16 2.508046290655168e-17
7.469811123479282e+03 1.451110668920287e-16 2.003473887114513e-17
7.471531309089413e+03 1.557018555978890e-16 1.591625735506541e-17
7.473251890832524e+03 1.567418706106389e-16 1.500752219140815e-17
7.474972868799829e+03 1.279756507699002e-16 1.426955760317029e-17
7.476694243082580e+03 1.434362633566436e-16 1.462176662579237e-17
7.478416013772053e+03 1.323655791787415e-16 1.437945385221995e-17
7.480138180959524e+03 1.293523907019913e-16 1.314795355094624e-17
7.481860744736295e+03 1.527056859399079e-16 1.289341236972807e-17
7.483583705193708e+03 1.444536394313474e-16 1.264915727161839e-17
7.485307062423098e+03 1.332853181368214e-16 1.223456271238676e-17
7.487030816515851e+03 1.374823958624212e-16 1.276792841759622e-17
7.488754967563344e+03 1.447731755780230e-16 1.306687919820267e-17
7.490479515657004e+03 1.397036493071599e-16 1.269723118486797e-17
7.492204460888252e+03 1.509105743482043e-16 1.242141268029183e-17
7.493929803348553e+03 1.447228368714590e-16 1.115712654482744e-17
7.495655543129373e+03 1.423256386520649e-16 1.083357480216399e-17
7.497381680322222e+03 1.471428168326040e-16 1.150219005214943e-17
7.499108215018601e+03 1.368014546346187e-16 1.217856891948791e-17
7.500835147310067e+03 1.427256098469316e-16 1.293000455858797e-17
7.502562477288165e+03 1.383945651154027e-16 1.243725687936119e-17
7.504290205044490e+03 1.271949613593252e-16 1.055883828677463e-17
7.506018330670638e+03 1.399674178665060e-16 1.005658381232590e-17
7.507746854258223e+03 1.438323002522666e-16 1.046842944460600e-17
7.509475775898898e+03 1.199382959585845e-16 1.069023233515107e-17
7.511205095684338e+03 1.303823357491585e-16 1.064015263381061e-17
7.512934813706221e+03 1.356843483677336e-16 1.021149961473862e-17
7.514664930056246e+03 1.471008829710000e-16 1.017952965730399e-17
7.516395444826158e+03 1.234026136659210e-16 9.854170134789568e-18
7.518126358107693e+03 1.344794503828982e-16 1.013384577141533e-17
7.519857669992636e+03 1.550496741249105e-16 1.068504432743462e-17
7.521589380572766e+03 1.215062343853737e-16 1.045496736680849e-17
7.523321489939910e+03 1.381615228272334e-16 1.110933807762573e-17
7.525053998185888e+03 1.180935206594162e-16 1.065260850892532e-17
7.526786905402571e+03 1.157725758091618e-16 1.031801834953441e-17
7.528520211681822e+03 1.452505515054926e-16 1.056052457109960e-17
7.530253917115552e+03 1.356075158477877e-16 1.052593160479882e-17
7.531988021795666e+03 1.340840484150340e-16 1.034357272495805e-17
7.533722525814121e+03 1.400957307805466e-16 1.049214631581174e-17
7.535457429262862e+03 1.373884932010277e-16 1.117775061246066e-17
7.537192732233888e+03 1.325545491735826e-16 1.106154686348157e-17
7.538928434819187e+03 1.295480244772637e-16 1.003410044110017e-17
7.540664537110799e+03 1.211734877191456e-16 9.944973922378652e-18
7.542401039200756e+03 1.348343926392927e-16 1.071995524005029e-17
7.544137941181140e+03 1.533940151831144e-16 1.099257758390771e-17
7.545875243144033e+03 1.413518330855126e-16 1.231447043265681e-17
7.547612945181538e+03 1.446662387623825e-16 1.640388463221702e-17
7.549351047385800e+03 1.989363064218625e-16 2.023188459793606e-17
7.551089549848957e+03 1.671939450959902e-16 2.224594247814419e-17
7.552828452663197e+03 1.525920922354258e-16 2.610680902215859e-17
7.554567755920701e+03 1.206746635103785e-16 2.030593041837784e-17
7.556307459713697e+03 9.850989558145960e-17 1.236743553175817e-17
7.558047564134413e+03 1.355400327052992e-16 1.224709662766266e-17
7.559788069275117e+03 1.518456231965922e-16 1.461832556377062e-17
7.561528975228076e+03 1.647168661126665e-16 1.573186643909338e-17
7.563270282085608e+03 1.151101427494765e-16 1.368947755589250e-17
7.565011989940018e+03 1.367300344594480e-16 1.112096577630485e-17
7.566754098883664e+03 1.433705303426835e-16 1.078898881705058e-17
7.568496609008896e+03 1.392998634831885e-16 1.158313392116437e-17
7.570239520408119e+03 1.306010892704830e-16 1.181164112704402e-17
7.571982833173720e+03 1.426476666776884e-16 1.127627392659026e-17
7.573726547398145e+03 1.405886779484185e-16 1.165220129585503e-17
7.575470663173830e+03 1.337158404052041e-16 1.182903717512084e-17
7.577215180593260e+03 1.295289337070785e-16 1.155313994586176e-17
7.578960099748920e+03 1.488195058058961e-16 1.096200454761055e-17
7.580705420733317e+03 1.503805387895937e-16 1.116997727005893e-17
7.582451143638993e+03 1.532379988187007e-16 1.254188952903402e-17
7.584197268558511e+03 1.369758722821621e-16 1.802424457664891e-17
7.585943795584444e+03 1.602065745250864e-16 2.681390336696749e-17
7.587690724809381e+03 1.119259679655961e-16 2.237518277876978e-17
7.589438056325960e+03 1.049913163815752e-16 1.388799861374560e-17
7.591185790226805e+03 1.251627798486607e-16 1.145616613387649e-17
7.592933926604596e+03 1.496835055455672e-16 1.324084604389072e-17
7.594682465552000e+03 1.293040599572282e-16 1.580479317078240e-17
7.596431407161742e+03 1.131246772715782e-16 1.686207480508211e-17
7.598180751526530e+03 1.481035677485657e-16 1.353751449082779e-17
7.599930498739129e+03 1.547973325997100e-16 1.144394370308942e-17
7.601680648892294e+03 1.242114235980076e-16 1.020194986334869e-17
7.603431202078831e+03 1.290568948519866e-16 9.940123101933953e-18
7.605182158391537e+03 1.038556708899421e-16 9.683656626785493e-18
7.606933517923262e+03 1.522552046353791e-16 1.186970567255837e-17
7.608685280766846e+03 1.103067355956823e-16 1.230463677859809e-17
7.610437447015180e+03 1.270037314232336e-16 1.134840573223418e-17
7.612190016761154e+03 1.299139217854563e-16 1.032103538754589e-17
7.613942990097682e+03 1.444411806313880e-16 1.303931462912785e-17
7.615696367117711e+03 1.152848149631934e-16 1.433646081251692e-17
7.617450147914211e+03 1.123941093262342e-16 1.248595700214902e-17
7.619204332580160e+03 1.127945793262879e-16 1.081531849811871e-17
7.620958921208551e+03 1.325911615659521e-16 1.119234714678909e-17
7.622713913892430e+03 1.462493985586895e-16 1.173557125701432e-17
7.624469310724828e+03 1.360567364791575e-16 1.171518684409277e-17
7.626225111798830e+03 1.351976677637035e-16 1.379443526269092e-17
7.627981317207510e+03 1.410019959569599e-16 1.906907698696895e-17
7.629737927043998e+03 1.369564447758539e-16 2.021231438422481e-17
7.631494941401411e+03 1.150458971030151e-16 1.365654243309124e-17
7.633252360372919e+03 1.311268692062238e-16 1.156264280733015e-17
7.635010184051684e+03 1.432433741870229e-16 1.072828176819963e-17
7.636768412530919e+03 1.237615915919969e-16 1.051852588197370e-17
7.638527045903828e+03 1.475164867468581e-16 1.035669177956179e-17
7.640286084263668e+03 1.234416745425318e-16 1.155564833281084e-17
7.642045527703686e+03 1.176472388796165e-16 1.442049476513500e-17
7.643805376317180e+03 1.492429964552366e-16 1.514646420757916e-17
7.645565630197442e+03 1.192738018978385e-16 1.205058965760972e-17
7.647326289437813e+03 1.147838391316317e-16 1.106743228556291e-17
7.649087354131626e+03 1.352729775751562e-16 1.192929871649100e-17
7.650848824372266e+03 1.368282732117823e-16 1.144627732800010e-17
7.652610700253118e+03 1.282009308196542e-16 1.218056998279657e-17
7.654372981867585e+03 1.286931442137655e-16 2.095827729900849e-17
7.656135669309118e+03 1.251450744230010e-16 2.723242067006270e-17
7.657898762671158e+03 1.486726484920979e-16 1.670408233258030e-17
7.659662262047197e+03 1.121705975952049e-16 1.124794577931038e-17
7.661426167530719e+03 1.206418871942989e-16 1.029972137440933e-17
7.663190479215260e+03 1.182329245457816e-16 1.004442645875883e-17
7.664955197194347e+03 1.242270761789571e-16 1.017240391509200e-17
7.666720321561556e+03 1.296322468381748e-16 1.055634258923884e-17
7.668485852410461e+03 1.108577302811340e-16 1.055343200086251e-17
7.670251789834681e+03 1.221494177104299e-16 1.084109760376289e-17
7.672018133927831e+03 1.378256993864462e-16 1.210754535134461e-17
7.673784884783574e+03 1.442140732738614e-16 1.514583587652859e-17
7.675552042495567e+03 1.292413774706022e-16 1.578361470583465e-17
7.677319607157518e+03 1.434502859654872e-16 1.290129175594574e-17
7.679087578863127e+03 1.554796562575870e-16 1.147712334308691e-17
7.680855957706143e+03 1.175288433496503e-16 1.135356985038130e-17
7.682624743780311e+03 1.296309529108973e-16 1.275904958933351e-17
7.684393937179426e+03 1.567635625744954e-16 1.782778796980100e-17
7.686163537997279e+03 1.732369921031364e-16 2.500099377923548e-17
7.687933546327685e+03 1.320187108443821e-16 2.175336172865764e-17
7.689703962264496e+03 1.070260538073824e-16 1.635439322948885e-17
7.691474785901586e+03 1.202913445507987e-16 1.383079610605792e-17
7.693246017332834e+03 1.639644301167871e-16 1.656322134701314e-17
7.695017656652141e+03 1.466534339600747e-16 1.724535826670410e-17
7.696789703953454e+03 1.022254126526452e-16 1.249801234357143e-17
7.698562159330709e+03 1.323879838442285e-16 1.152208648980380e-17
7.700335022877895e+03 1.331396280168571e-16 1.412327542205579e-17
7.702108294688991e+03 1.445025492342356e-16 1.617630663876326e-17
7.703881974858032e+03 1.317282016022009e-16 1.730149259212024e-17
7.705656063479039e+03 1.029152803099432e-16 1.511527686157423e-17
7.707430560646089e+03 1.419389229487752e-16 1.234667741276281e-17
7.709205466453250e+03 1.164192038958154e-16 1.238185850874097e-17
7.710980780994638e+03 1.083104968205853e-16 1.387622221752298e-17
7.712756504364364e+03 1.621603588753882e-16 1.579577529238364e-17
7.714532636656592e+03 1.429385408965583e-16 1.544804051130335e-17
7.716309177965473e+03 1.134312634247852e-16 1.330213395391509e-17
7.718086128385215e+03 1.134830536901717e-16 1.139904180870700e-17
7.719863488010021e+03 1.393779813963879e-16 1.674854032040392e-17
7.721641256934118e+03 1.706733825224986e-16 2.121350557532095e-17
7.723419435251768e+03 1.254028383456565e-16 1.713428757200979e-17
7.725198023057257e+03 1.593620371840246e-16 1.396854042085444e-17
7.726977020444876e+03 1.193593977667374e-16 1.149953064251396e-17
7.728756427508937e+03 1.206941436425748e-16 1.054213637260038e-17
7.730536244343800e+03 1.215058280370471e-16 1.056265796807114e-17
7.732316471043810e+03 1.162926723715577e-16 1.056849777371184e-17
7.734097107703372e+03 1.229034238448697e-16 1.035014511955489e-17
7.735878154416876e+03 1.391031330125815e-16 1.070469512091957e-17
7.737659611278767e+03 1.292915771725800e-16 1.188631492113911e-17
7.739441478383481e+03 1.116271716692028e-16 1.157441308168217e-17
7.741223755825506e+03 1.528720298598372e-16 1.190309159616285e-17
7.743006443699322e+03 1.193677669250430e-16 1.889215303914839e-17
7.744789542099459e+03 1.503384434234602e-16 3.825711256958997e-17
7.746573051120440e+03 1.684796883963004e-16 3.483657802588736e-17
7.748356970856842e+03 9.589406448796297e-17 1.668859371622794e-17
7.750141301403229e+03 1.648064671533804e-16 1.402747306395211e-17
7.751926042854221e+03 2.286276648328975e-16 1.887554830343737e-17
7.753711195304436e+03 2.621799797366368e-16 2.213087154823949e-17
7.755496758848511e+03 1.515905159639143e-16 1.663857600891269e-17
7.757282733581125e+03 1.334977798141640e-16 1.161431667866776e-17
7.759069119596975e+03 1.223245904479620e-16 1.167992978530131e-17
7.760855916990766e+03 9.949958564321558e-17 1.333814556884224e-17
7.762643125857224e+03 1.439912632785233e-16 1.656609463478024e-17
7.764430746291121e+03 1.451954218939338e-16 1.600524856066947e-17
7.766218778387219e+03 1.049895460904507e-16 1.291851257852313e-17
7.768007222240333e+03 1.275321359025665e-16 1.135989975916285e-17
7.769796077945269e+03 1.232351485958860e-16 1.073044893197349e-17
7.771585345596886e+03 1.407190442486328e-16 1.070268398336859e-17
7.773375025290035e+03 1.158733321829854e-16 1.057561375333246e-17
7.775165117119616e+03 1.082824687111402e-16 1.069549744447170e-17
7.776955621180524e+03 1.273558712380345e-16 1.184349804978257e-17
7.778746537567704e+03 1.156977409433864e-16 1.443465744706648e-17
7.780537866376094e+03 1.112397030484565e-16 1.710116973289005e-17
7.782329607700683e+03 1.372884387710335e-16 1.618861233890890e-17
7.784121761636455e+03 1.071496286977705e-16 1.179513142862978e-17
7.785914328278439e+03 1.038873549884442e-16 1.022754575380569e-17
7.787707307721662e+03 1.291406455349121e-16 1.033155352820674e-17
7.789500700061201e+03 1.132652535669176e-16 1.035774110054127e-17
7.791294505392126e+03 1.082771554688849e-16 1.143344645148674e-17
7.793088723809556e+03 1.278891309481763e-16 1.458114986218390e-17
7.794883355408610e+03 1.366840514196412e-16 2.572265779736657e-17
7.796678400284433e+03 1.276481654573725e-16 2.889566268505802e-17
7.798473858532210e+03 1.160717378959004e-16 1.740603991626850e-17
7.800269730247120e+03 1.115150520484939e-16 1.422204704896844e-17
7.802066015524392e+03 1.332676151190232e-16 1.298741025710392e-17
7.803862714459249e+03 1.291649525653971e-16 1.196574849959392e-17
7.805659827146966e+03 1.202417989148055e-16 1.235791362262987e-17
7.807457353682807e+03 1.269689501140057e-16 1.363804360855294e-17
7.809255294162092e+03 9.171555380282112e-17 1.565050394929307e-17
7.811053648680129e+03 1.422101292522808e-16 1.638945742267340e-17
7.812852417332283e+03 8.856397812520508e-17 1.658516059468659e-17
7.814651600213904e+03 1.151116036368542e-16 1.278905060088641e-17
7.816451197420402e+03 1.431761816724320e-16 1.122610406443947e-17
7.818251209047171e+03 1.337368016987431e-16 1.154615107497919e-17
7.820051635189663e+03 1.395187282942981e-16 1.281502468759023e-17
7.821852475943320e+03 1.385020488019787e-16 1.938300970147976e-17
7.823653731403635e+03 1.786292612268292e-16 2.878599654901246e-17
7.825455401666092e+03 1.296638637449766e-16 2.394983777168417e-17
7.827257486826232e+03 9.775594576391064e-17 1.342857860523302e-17
7.829059986979591e+03 1.321242201567557e-16 1.095620772824937e-17
7.830862902221726e+03 9.357544091848991e-17 1.032324237741356e-17
7.832666232648236e+03 1.254963669041896e-16 1.146410345041619e-17
7.834469978354738e+03 1.232388646588596e-16 1.171122055297519e-17
7.836274139436859e+03 1.262013851005330e-16 1.087666112929336e-17
7.838078715990243e+03 1.232420314527583e-16 1.095758359569412e-17
7.839883708110584e+03 1.035747186915966e-16 1.191936772635692e-17
7.841689115893566e+03 1.150492743720329e-16 1.388926952438479e-17
7.843494939434925e+03 1.324537542737281e-16 1.685375358637869e-17
7.845301178830387e+03 1.342989268470944e-16 1.611565016416242e-17
7.847107834175734e+03 9.548511250595977e-17 1.192787054718666e-17
7.848914905566738e+03 1.309306033576841e-16 1.102625973686860e-17
7.850722393099221e+03 1.302871854352918e-16 1.183610089226280e-17
7.852530296869001e+03 9.905709209157966e-17 1.316289991655637e-17
7.854338616971947e+03 1.095583579782165e-16 1.800004104295785e-17
7.856147353503916e+03 1.144159523525633e-16 2.400805870697989e-17
7.857956506560824e+03 1.299295979238256e-16 1.731839237747942e-17
7.859766076238573e+03 1.135443650131531e-16 1.218202915810989e-17
7.861576062633122e+03 1.238792321162312e-16 1.116296981433582e-17
7.863386465840425e+03 1.235739573036219e-16 1.092271195656906e-17
7.865197285956459e+03 1.050763623897213e-16 1.089823651966749e-17
7.867008523077242e+03 1.182567502886665e-16 1.106092099059744e-17
7.868820177298811e+03 1.241941580218844e-16 1.111246492164098e-17
7.870632248717210e+03 1.351593579866084e-16 1.118113628825014e-17
7.872444737428506e+03 1.193310258681807e-16 1.074495227310314e-17
7.874257643528810e+03 1.162064456224708e-16 1.042413571523684e-17
7.876070967114226e+03 1.120280757228653e-16 1.008397092565277e-17
7.877884708280909e+03 1.314928949046159e-16 1.107336393456022e-17
7.879698867125006e+03 1.360397424326542e-16 1.364766893096070e-17
7.881513443742719e+03 1.231491560785848e-16 1.508042878556476e-17
7.883328438230237e+03 1.210607352533424e-16 1.274759695323397e-17
7.885143850683808e+03 1.141592696273168e-16 1.087999095302578e-17
7.886959681199664e+03 1.044563458047509e-16 1.045725203313609e-17
7.888775929874097e+03 1.461678148510881e-16 1.255318445008736e-17
7.890592596803385e+03 1.322776546650751e-16 1.536509279882235e-17
7.892409682083864e+03 1.494669058718042e-16 1.614534941714401e-17
7.894227185811856e+03 9.871352449723501e-17 1.154624479467331e-17
7.896045108083739e+03 1.191754335837926e-16 1.120814452305013e-17
7.897863448995883e+03 1.288939837027691e-16 1.157103340470416e-17
7.899682208644710e+03 1.132594803945524e-16 1.048906549906044e-17
7.901501387126633e+03 1.125891276691595e-16 1.062588122352071e-17
7.903320984538117e+03 1.263241997239627e-16 1.109573419246901e-17
7.905141000975631e+03 1.184171694338119e-16 1.137809443219781e-17
7.906961436535659e+03 1.283772424799467e-16 1.136836476583941e-17
7.908782291314736e+03 1.256082833425617e-16 1.107492135565216e-17
7.910603565409386e+03 1.273362412530898e-16 1.121077470564114e-17
7.912425258916186e+03 1.092906136529066e-16 1.096769716107761e-17
7.914247371931705e+03 1.015085192073129e-16 1.043264707710159e-17
7.916069904552567e+03 1.223213423108720e-16 1.063954939430833e-17
7.917892856875383e+03 1.309044530392162e-16 1.226071826338767e-17
7.919716228996821e+03 1.272222596230011e-16 1.292648038041188e-17
7.921540021013537e+03 1.202645752253971e-16 1.228431682230599e-17
7.923364233022244e+03 1.199277666059646e-16 1.112021867464295e-17
7.925188865119643e+03 1.145841034967249e-16 1.090845463680160e-17
7.927013917402491e+03 1.252704746021686e-16 1.065405159662658e-17
7.928839389967534e+03 1.118353701555765e-16 1.124604720769778e-17
7.930665282911572e+03 1.148198286782001e-16 1.245808945959672e-17
7.932491596331398e+03 1.290056570526284e-16 1.186106808668911e-17
7.934318330323855e+03 1.186904560114868e-16 1.065333341301535e-17
7.936145484985780e+03 9.682532789382069e-17 1.022350072886871e-17
7.937973060414062e+03 1.150369803196187e-16 1.045970217182530e-17
7.939801056705590e+03 9.986158973771174e-17 1.002607017659536e-17
7.941629473957273e+03 1.362786841093977e-16 1.035440228426621e-17
7.943458312266062e+03 1.276181324547124e-16 1.023087716511426e-17
7.945287571728926e+03 1.312091806282409e-16 1.062435633680570e-17
7.947117252442844e+03 1.161756714837983e-16 1.115006420712134e-17
7.948947354504815e+03 1.104546371600360e-16 1.146295772252983e-17
7.950777878011886e+03 1.116609347074708e-16 1.139027301408130e-17
7.952608823061093e+03 9.909786364762240e-17 1.068030494254294e-17
7.954440189749526e+03 1.187520604276553e-16 1.078728952822700e-17
7.956271978174268e+03 1.147869144802445e-16 1.085322349194840e-17
7.958104188432453e+03 1.205568555904834e-16 1.068315274777461e-17
7.959936820621208e+03 1.089704104303570e-16 1.039945609045700e-17
7.961769874837712e+03 1.281208084016485e-16 1.058822604515366e-17
7.963603351179136e+03 1.158198828658092e-16 1.092413782422461e-17
7.965437249742707e+03 1.212868947650284e-16 1.161190946908677e-17
7.967271570625638e+03 1.158519584308255e-16 1.147370700190255e-17
7.969106313925199e+03 1.266246309759473e-16 1.138891554676464e-17
7.970941479738653e+03 1.165569188746039e-16 1.079676319295669e-17
7.972777068163310e+03 1.258789793018807e-16 1.162225605503218e-17
7.974613079296488e+03 1.222930148045632e-16 1.220527639720741e-17
7.976449513235519e+03 1.421928378716113e-16 1.135528372288045e-17
7.978286370077777e+03 1.247603187000925e-16 1.055305102118894e-17
7.980123649920660e+03 1.336092639120899e-16 1.071516583019709e-17
7.981961352861570e+03 1.045349588759689e-16 1.027336869503456e-17
7.983799478997932e+03 1.002954468374851e-16 1.000971838757213e-17
7.985638028427217e+03 1.091098867795763e-16 1.032304531177456e-17
7.987477001246888e+03 1.120657700521452e-16 1.075397958807557e-17
7.989316397554462e+03 1.178119881234094e-16 1.114670302664087e-17
7.991156217447444e+03 1.228715683621162e-16 1.117268703255391e-17
7.992996461023396e+03 1.045071658220453e-16 1.040936918688547e-17
7.994837128379871e+03 1.147502263121683e-16 1.086473225157268e-17
7.996678219614475e+03 1.090247803456028e-16 1.073873800472154e-17
7.998519734824803e+03 1.266554980917831e-16 1.081051202420610e-17
8.000361674108508e+03 1.095721545821470e-16 1.064684502403810e-17
8.002204037563231e+03 1.181305239783524e-16 1.170049978515570e-17
8.004046825286669e+03 1.309255188805509e-16 1.295258670113266e-17
8.005890037376509e+03 1.238093826787287e-16 1.298160417594935e-17
8.007733673930490e+03 1.000613204929351e-16 1.246234961294791e-17
8.009577735046355e+03 1.348353339788089e-16 1.265999575776770e-17
8.011422220821863e+03 1.109668203300690e-16 1.228627726371386e-17
8.013267131354817e+03 1.136338713902732e-16 1.257247924455895e-17
8.015112466743039e+03 1.324030315798359e-16 1.336666408766527e-17
8.016958227084359e+03 1.324699477672213e-16 1.437620497150699e-17
8.018804412476630e+03 1.262481817007269e-16 1.490435176835213e-17
8.020651023017751e+03 1.366932084961273e-16 1.496624127661533e-17
8.022498058805611e+03 1.452282659981888e-16 1.417947223566707e-17
8.024345519938152e+03 1.136446183734033e-16 1.237900918602717e-17
8.026193406513312e+03 1.179563501662896e-16 1.164607088639966e-17
8.028041718629079e+03 1.020219004101073e-16 1.118479220572112e-17
8.029890456383431e+03 1.091779147719355e-16 1.132774930977108e-17
8.031739619874404e+03 1.137335849458486e-16 1.134908122438935e-17
8.033589209200021e+03 1.078322067617745e-16 1.118983824060409e-17
8.035439224458363e+03 1.052426627997055e-16 1.114119803143745e-17
8.037289665747499e+03 1.101786260382805e-16 1.103204042520076e-17
8.039140533165555e+03 1.096631581808854e-16 1.142527884007407e-17
8.040991826810644e+03 1.205653716010443e-16 1.152390829929628e-17
8.042843546780937e+03 1.287354614658483e-16 1.160461602862381e-17
8.044695693174592e+03 1.257059481592053e-16 1.151810450078336e-17
8.046548266089828e+03 1.138936080670688e-16 1.101668996295222e-17
8.048401265624847e+03 1.167278035666419e-16 1.114874397105127e-17
8.050254691877911e+03 1.049795343607144e-16 1.091272317382408e-17
8.052108544947279e+03 1.105380509640458e-16 1.139720063883180e-17
8.053962824931231e+03 1.260711944236570e-16 1.231766955331595e-17
8.055817531928095e+03 1.137298998083026e-16 1.236270159072930e-17
8.057672666036192e+03 1.452211044167346e-16 1.298612207562651e-17
8.059528227353894e+03 1.088597109646844e-16 1.204144871490703e-17
8.061384215979562e+03 1.232400937283268e-16 1.145914583791795e-17
8.063240632011620e+03 9.818639313138332e-17 1.087289838923013e-17
8.065097475548473e+03 1.015173435556552e-16 1.095653140513218e-17
8.066954746688587e+03 1.020549404915533e-16 1.125059748847736e-17
8.068812445530417e+03 1.196162897670198e-16 1.143182370317195e-17
8.070670572172471e+03 1.067331047960972e-16 1.121352401405462e-17
8.072529126713250e+03 1.017835506237123e-16 1.139256499659043e-17
8.074388109251307e+03 9.642075631373038e-17 1.126437513442449e-17
8.076247519885188e+03 1.046538166087692e-16 1.112876007157920e-17
8.078107358713494e+03 1.334323348411184e-16 1.126827192795723e-17
8.079967625834815e+03 1.045397476637479e-16 1.099947206219888e-17
8.081828321347800e+03 1.363000994202197e-16 1.148784567876492e-17
8.083689445351079e+03 1.105003556442033e-16 1.084551746008963e-17
8.085550997943345e+03 9.697697558921933e-17 1.059909917765284e-17
8.087412979223291e+03 1.200269146687227e-16 1.111603289482107e-17
8.089275389289625e+03 9.664886083130229e-17 1.074150214565637e-17
8.091138228241100e+03 1.026861763421298e-16 1.079007688655984e-17
8.093001496176492e+03 1.141584656324050e-16 1.111484473031166e-17
8.094865193194577e+03 1.073557368682137e-16 1.117505954998096e-17
8.096729319394160e+03 1.056149313375559e-16 1.107943506800503e-17
8.098593874874094e+03 9.703055326520551e-17 1.219158779859958e-17
8.100458859733216e+03 1.195062252626753e-16 1.507978915790922e-17
8.102324274070425e+03 1.221001744909970e-16 1.869680362797336e-17
8.104190117984603e+03 1.306846148223768e-16 2.087673946636055e-17
8.106056391574693e+03 1.214591454939353e-16 1.931945776739602e-17
8.107923094939631e+03 1.076162889461410e-16 1.653579182407204e-17
8.109790228178399e+03 1.064549534384823e-16 1.528153683253319e-17
8.111657791389974e+03 9.539297971068672e-17 2.038999072339226e-17
8.113525784673392e+03 1.361151409249639e-16 2.243440417624252e-17
8.115394208127672e+03 1.231814886798887e-16 1.624736160740356e-17
8.117263061851896e+03 1.073980069092187e-16 1.393463976388522e-17
8.119132345945131e+03 1.449713635905616e-16 1.738838105586038e-17
8.121002060506498e+03 1.338333691679945e-16 2.302391399589881e-17
8.122872205635124e+03 1.416895197849056e-16 2.627051087200299e-17
8.124742781430152e+03 1.128128362823609e-16 2.227519021048728e-17
8.126613787990765e+03 1.225533561698742e-16 1.425982445717828e-17
8.128485225416171e+03 1.107611280608166e-16 1.294221748362736e-17
8.130357093805585e+03 1.212074326484738e-16 1.212713809641393e-17
8.132229393258239e+03 1.204173311982020e-16 1.315694778068583e-17
8.134102123873422e+03 8.464015118498861e-17 1.674166899162025e-17
8.135975285750405e+03 9.567902925286548e-17 1.525283159868318e-17
8.137848878988516e+03 1.288233146089828e-16 1.231876456563197e-17
8.139722903687079e+03 1.399059667597384e-16 1.228148833541808e-17
8.141597359945466e+03 1.201138121423729e-16 1.317088623252634e-17
8.143472247863043e+03 1.046692117716934e-16 1.378182299833540e-17
8.145347567539233e+03 1.055430501638993e-16 1.245645912974089e-17
8.147223319073444e+03 1.290988603797994e-16 1.185181549318505e-17
8.149099502565144e+03 1.105209174307902e-16 1.096437635091653e-17
8.150976118113790e+03 1.220698299906686e-16 1.195260093021977e-17
8.152853165818897e+03 9.797680162315691e-17 1.250591709995968e-17
8.154730645779964e+03 1.076492377440261e-16 1.249438724925871e-17
8.156608558096551e+03 1.255313873568183e-16 1.240403507683288e-17
8.158486902868209e+03 1.130385071952955e-16 1.205888034023523e-17
8.160365680194537e+03 8.465624918180858e-17 1.233469766295640e-17
8.162244890175135e+03 1.153611426600715e-16 1.387338844572845e-17
8.164124532909649e+03 8.800778112201583e-17 1.789845587920867e-17
8.166004608497730e+03 7.397205737796570e-17 3.178799268183795e-17
8.167885117039048e+03 2.212651955073788e-16 4.132673967037815e-17
8.169766058633323e+03 7.395362173867640e-17 2.986332600248497e-17
8.171647433380265e+03 1.180658692035990e-16 1.859234012857996e-17
8.173529241379638e+03 1.197022858394667e-16 2.178753779155265e-17
8.175411482731197e+03 9.842735377818445e-17 2.523720569294860e-17
8.177294157534752e+03 1.008797370456351e-16 1.981308720560461e-17
8.179177265890105e+03 1.280711512678755e-16 1.315212335734412e-17
8.181060807897115e+03 1.205177638920413e-16 1.177495179188795e-17
8.182944783655625e+03 1.103468102997698e-16 1.203553380224569e-17
8.184829193265542e+03 1.008296210235584e-16 1.395325007739636e-17
8.186714036826756e+03 1.394383829005412e-16 1.741609126901887e-17
8.188599314439217e+03 1.164042177688982e-16 1.686522787414720e-17
8.190485026202863e+03 1.186126256969720e-16 1.354519301068045e-17
8.192371172217690e+03 1.036355579231603e-16 1.194267789849310e-17
8.194257752583684e+03 1.054956500986507e-16 1.167684714992563e-17
8.196144767400885e+03 1.031612412225505e-16 1.138078641454921e-17
8.198032216769325e+03 1.121534635534721e-16 1.176974540908357e-17
8.199920100789090e+03 1.153929045902189e-16 1.249933719365145e-17
8.201808419560266e+03 8.685403065052121e-17 1.471701526653129e-17
8.203697173182960e+03 1.116063998041497e-16 1.970255764029085e-17
8.205586361757321e+03 1.282044322411666e-16 2.053646248790250e-17
8.207475985383522e+03 9.741340186596407e-17 1.372066619733035e-17
8.209366044161739e+03 1.048588038259061e-16 1.208796699864528e-17
8.211256538192172e+03 1.224205681197733e-16 1.290880449378661e-17
8.213147467575072e+03 1.130584860645596e-16 1.252329487651821e-17
8.215038832410675e+03 1.152718107224623e-16 1.236053454974681e-17
8.216930632799276e+03 1.206698443620072e-16 1.426821582212249e-17
8.218822868841160e+03 9.310229923846226e-17 2.100664159779280e-17
8.220715540636671e+03 1.029012827202768e-16 3.373695282350511e-17
8.222608648286136e+03 1.420524940474565e-16 3.459551108228117e-17
8.224502191889946e+03 1.050059489221316e-16 1.654533841414931e-17
8.226396171548475e+03 1.022660550076122e-16 1.283181323302381e-17
8.228290587362157e+03 1.046002549213109e-16 1.369294858254655e-17
8.230185439431414e+03 9.439524163927537e-17 1.356287469043506e-17
8.232080727856728e+03 1.167772425329710e-16 1.259265638269657e-17
8.233976452738571e+03 1.064626633246649e-16 1.449757480976389e-17
8.235872614177464e+03 1.130420985630753e-16 1.995355530502425e-17
8.237769212273934e+03 1.091551274988588e-16 2.143296919069338e-17
8.239666247128527e+03 8.581992952605051e-17 1.542961175659089e-17
8.241563718841830e+03 1.152067879242877e-16 1.354287553967005e-17
8.243461627514456e+03 9.848244373463437e-17 1.410653211818714e-17
8.245359973247021e+03 1.079035648352885e-16 1.510487543743073e-17
8.247258756140163e+03 1.086567431758179e-16 1.642684803263574e-17
8.249157976294573e+03 9.927480616231008e-17 2.503935384531801e-17
8.251057633810926e+03 1.183825150474966e-16 4.277380081293308e-17
8.252957728789957e+03 1.850341769791722e-16 3.539753826696862e-17
8.254858261332392e+03 1.239954202705600e-16 1.907979552721515e-17
8.256759231539016e+03 1.050862387830393e-16 1.306109147459809e-17
8.258660639510590e+03 1.040016466635305e-16 1.271676262365849e-17
8.260562485347948e+03 1.182056532835223e-16 1.463642600749719e-17
8.262464769151906e+03 9.890649440520207e-17 1.401716913337979e-17
8.264367491023339e+03 1.170229852357643e-16 1.240648363087179e-17
8.266270651063107e+03 1.068897801546551e-16 1.225562195033172e-17
8.268174249372136e+03 9.410816444775185e-17 1.361990716541067e-17
8.270078286051330e+03 8.277032539884914e-17 1.609618436622055e-17
8.271982761201658e+03 8.540615799675075e-17 2.087053121440331e-17
8.273887674924088e+03 1.196635022003513e-16 1.972598150693941e-17
8.275793027319605e+03 1.030865884394849e-16 1.348711169047371e-17
8.277698818489240e+03 1.242355055816972e-16 1.189752470684773e-17
8.279605048534040e+03 8.242575712526066e-17 1.129586792668531e-17
8.281511717555066e+03 1.087642911527422e-16 1.249183110155294e-17
8.283418825653398e+03 8.865905672580339e-17 2.101170772179799e-17
8.285326372930169e+03 1.146328371746974e-16 3.494236819507336e-17
8.287234359486494e+03 1.357614040705862e-16 2.640541166957666e-17
8.289142785423552e+03 1.125963394963544e-16 1.629068465121444e-17
8.291051650842510e+03 1.193945865464202e-16 1.347340016830533e-17
8.292960955844586e+03 1.069868415755874e-16 1.358609533971020e-17
8.294870700530997e+03 1.017680291018555e-16 1.318460291234542e-17
8.296780885003012e+03 1.117972205646803e-16 1.264933992819426e-17
8.298691509361888e+03 1.010928056983009e-16 1.242391481679383e-17
8.300602573708944e+03 1.093640843982621e-16 1.297495473736338e-17
8.302514078145485e+03 1.336915160742114e-16 1.274490283104778e-17
8.304426022772872e+03 1.124610021535790e-16 1.181403797466066e-17
8.306338407692459e+03 9.606180396314241e-17 1.181614941739961e-17
8.308251233005656e+03 1.004457657022846e-16 1.205891981807924e-17
8.310164498813861e+03 9.143542706299512e-17 1.344825921122860e-17
8.312078205218531e+03 8.906385777943946e-17 1.688290451668432e-17
8.313992352321113e+03 8.823574914718771e-17 1.831844768309733e-17
8.315906940223107e+03 9.634141669339120e-17 1.391164738594816e-17
8.317821969026018e+03 1.036572136475771e-16 1.248937780766132e-17
8.319737438831367e+03 8.867942040571442e-17 1.268044883114846e-17
8.321653349740722e+03 1.028758277831442e-16 1.518631467867119e-17
8.323569701855668e+03 1.096612944018614e-16 2.269040362109320e-17
8.325486495277799e+03 1.403295688676691e-16 2.603434172446282e-17
8.327403730108736e+03 1.187325409386924e-16 1.682811616905902e-17
8.329321406450144e+03 1.134665437854906e-16 1.322790705262595e-17
8.331239524403680e+03 7.512468609754297e-17 1.216673008938900e-17
8.333158084071056e+03 8.992656985685991e-17 1.203312803285045e-17
8.335077085553979e+03 8.436715177780489e-17 1.150961140232447e-17
8.336996528954205e+03 1.046703794778425e-16 1.166356116721029e-17
8.338916414373487e+03 9.969277009515760e-17 1.178320127295052e-17
8.340836741913632e+03 1.062822800710921e-16 1.198680114502797e-17
8.342757511676435e+03 8.818711896726951e-17 1.186879191463025e-17
8.344678723763749e+03 1.052556373229836e-16 1.160588883816935e-17
8.346600378277424e+03 8.991515833062823e-17 1.132333283639230e-17
8.348522475319354e+03 1.370971378167612e-16 1.217847772465524e-17
8.350445014991436e+03 9.740909426406665e-17 1.190027257716256e-17
8.352367997395613e+03 9.389062489647166e-17 1.200874029106373e-17
8.354291422633833e+03 6.748066226610318e-17 1.196695828466633e-17
8.356215290808066e+03 9.746961901228699e-17 1.397274728826599e-17
8.358139602020321e+03 1.065920401139222e-16 1.466404075825080e-17
8.360064356372633e+03 9.380402103283756e-17 1.295347083458794e-17
8.361989553967040e+03 1.097896623210246e-16 1.204878014709762e-17
8.363915194905607e+03 9.676084791227263e-17 1.278827563780370e-17
8.365841279290447e+03 1.036163299293292e-16 1.561066449293101e-17
8.367767807223659e+03 1.244798232607058e-16 1.758272432258881e-17
8.369694778807409e+03 1.117019537898087e-16 1.571829266432945e-17
8.371622194143838e+03 1.082897027797012e-16 1.405206658403650e-17
8.373550053335157e+03 9.624818776061964e-17 1.343691483135589e-17
8.375478356483563e+03 1.167705772349591e-16 1.304232581477137e-17
8.377407103691306e+03 1.121871661256239e-16 1.284467806053444e-17
8.379336295060632e+03 9.921227103437227e-17 1.233713477716994e-17
8.381265930693844e+03 1.128363918943901e-16 1.211870422767390e-17
8.383196010693226e+03 9.595462379044458e-17 1.168828261388405e-17
8.385126535161131e+03 9.012652590773983e-17 1.142194416161466e-17
8.387057504199893e+03 8.197676902624360e-17 1.131741161971022e-17
8.388988917911911e+03 8.677387960278791e-17 1.172890380553046e-17
8.390920776399575e+03 7.613226072136193e-17 1.250277543175764e-17
8.392853079765302e+03 9.830561137259171e-17 1.333865395374958e-17
8.394785828111551e+03 1.134489372920297e-16 1.301676825697902e-17
8.396719021540801e+03 1.090465246172116e-16 1.237763591482614e-17
8.398652660155540e+03 9.518032763879703e-17 1.204741330942770e-17
8.400586744058279e+03 7.786138281832678e-17 1.162099847384419e-17
8.402521273351580e+03 1.002912386126044e-16 1.224234174563020e-17
8.404456248137989e+03 1.084545351331232e-16 1.343755050869405e-17
8.406391668520117e+03 1.060188553975121e-16 1.402009071192950e-17
8.408327534600558e+03 9.854021016660114e-17 1.316400071597560e-17
8.410263846481968e+03 1.010313142032075e-16 1.208967861952550e-17
8.412200604266993e+03 8.307336456507094e-17 1.251787947309791e-17
8.414137808058333e+03 9.101981552401148e-17 1.383971710295559e-17
8.416075457958679e+03 1.279394492869434e-16 1.402104159676412e-17
8.418013554070783e+03 1.013329699516021e-16 1.253499821467921e-17
8.419952096497378e+03 1.018877239402949e-16 1.249266673338711e-17
8.421891085341269e+03 9.581454402429275e-17 1.255761921959176e-17
8.423830520705236e+03 8.713306444650901e-17 1.247299394732840e-17
8.425770402692126e+03 9.406659845044547e-17 1.305090972954059e-17
8.427710731404770e+03 1.005617146152007e-16 1.312215986089055e-17
8.429651506946060e+03 7.364142651205783e-17 1.358566135744919e-17
8.431592729418877e+03 8.750226323159607e-17 1.484243860327321e-17
8.433534398926162e+03 1.103779368976458e-16 1.550195748253404e-17
8.435476515570848e+03 8.337035756402403e-17 1.712186369040846e-17
8.437419079455898e+03 1.106993985179287e-16 1.747520061163824e-17
8.439362090684323e+03 1.309458685382070e-16 1.826596929043159e-17
8.441305549359120e+03 1.013106286052465e-16 1.957392126604553e-17
8.443249455583345e+03 1.224897114264844e-16 2.321194645220215e-17
8.445193809460048e+03 8.253746335558831e-17 2.272648086620522e-17
8.447138611092334e+03 1.231176056453803e-16 2.124984868518466e-17
8.449083860583294e+03 1.273019134903101e-16 2.072843592927584e-17
8.451029558036082e+03 1.057028811011999e-16 2.036288947448898e-17
8.452975703553841e+03 1.321275060724403e-16 2.040259079335544e-17
8.454922297239769e+03 9.572206968823489e-17 1.809180247788272e-17
8.456869339197057e+03 7.989145716845682e-17 1.589114221067364e-17
8.458816829528949e+03 1.207822806195570e-16 1.525208237042725e-17
8.460764768338686e+03 9.893163397884351e-17 1.489621734149902e-17
8.462713155729560e+03 1.023806652993465e-16 1.595827999009673e-17
8.464661991804856e+03 9.239719458213241e-17 1.872365584043183e-17
8.466611276667918e+03 8.675297551362488e-17 2.085965664215448e-17
8.468561010422074e+03 1.290847235681050e-16 1.929175689454527e-17
8.470511193170722e+03 1.025324633497491e-16 2.112586999420118e-17
8.472461825017241e+03 1.168371208342897e-16 2.154503420972934e-17
8.474412906065047e+03 6.950180487734989e-17 1.947677418515545e-17
8.476364436417594e+03 1.091456202937659e-16 2.143480286630444e-17
8.478316416178357e+03 1.169369125321776e-16 2.385726611835246e-17
8.480268845450819e+03 7.046145763444511e-17 2.067741783077719e-17
8.482221724338489e+03 1.009219271718716e-16 1.897460410929469e-17
8.484175052944922e+03 7.195970059952747e-17 1.911265801080324e-17
8.486128831373666e+03 8.029818992542347e-17 2.064656367231762e-17
8.488083059728324e+03 9.989391311620719e-17 1.960454271886212e-17
8.490037738112491e+03 7.831620219808665e-17 1.749740748823151e-17
8.491992866629818e+03 9.318095313988280e-17 1.717635194877017e-17
8.493948445383950e+03 8.692016951770224e-17 1.758982397820969e-17
8.495904474478584e+03 1.158534351755271e-16 1.888474921168435e-17
8.497860954017409e+03 9.946175880547385e-17 1.700972977187833e-17
8.499817884104177e+03 6.351628977758412e-17 1.403954288221530e-17
8.501775264842619e+03 9.262522590321583e-17 1.452605359064885e-17
8.503733096336535e+03 1.293054208265970e-16 1.601059879483891e-17
8.505691378689709e+03 1.199723855618177e-16 1.492471082800620e-17
8.507650112005982e+03 1.003309448652926e-16 1.452952418981314e-17
8.509609296389201e+03 9.521446089685707e-17 1.442151638649134e-17
8.511568931943224e+03 9.399798523076700e-17 1.529244195268322e-17
8.513529018771964e+03 1.064924425182585e-16 1.663966253042328e-17
8.515489556979348e+03 1.107811643836367e-16 1.620301471336218e-17
8.517450546669315e+03 1.034325795609908e-16 1.495703622581818e-17
8.519411987945823e+03 7.613504434277943e-17 1.378192010121419e-17
8.521373880912886e+03 1.033834869930678e-16 1.404465666303459e-17
8.523336225674504e+03 1.122540655224684e-16 1.445384761920558e-17
8.525299022334733e+03 1.071811916019543e-16 1.411261014410550e-17
8.527262270997624e+03 1.021569764017098e-16 1.365663845216805e-17
8.529225971767284e+03 9.489926997249770e-17 1.365902396577533e-17
8.531190124747805e+03 9.915685158791813e-17 1.360224964854469e-17
8.533154730043347e+03 8.827985755027251e-17 1.322710661190941e-17
8.535119787758053e+03 8.745717409018152e-17 1.325196761972016e-17
8.537085297996122e+03 8.518006323857025e-17 1.341935149114826e-17
8.539051260861748e+03 1.109213586391287e-16 1.387154856630009e-17
8.541017676459183e+03 7.818986828916016e-17 1.346993625775257e-17
8.542984544892668e+03 7.502244211940887e-17 1.360726504236965e-17
8.544951866266498e+03 9.665610314121739e-17 1.378403877211886e-17
8.546919640684971e+03 1.012305468572173e-16 1.387032116855505e-17
8.548887868252408e+03 8.771774816413427e-17 1.354442762258660e-17
8.550856549073174e+03 9.894505179211089e-17 1.348643164601271e-17
8.552825683251651e+03 9.071678847136175e-17 1.350372386573287e-17
8.554795270892233e+03 6.038576167663605e-17 1.352402414724677e-17
8.556765312099338e+03 7.998556202780960e-17 1.410863620989689e-17
8.558735806977431e+03 1.114398199746371e-16 1.493283542773534e-17
8.560706755630970e+03 1.065081916485920e-16 1.459146195798856e-17
8.562678158164468e+03 8.500039868455860e-17 1.387078773424924e-17
8.564650014682433e+03 1.007900620825638e-16 1.401471593032204e-17
8.566622325289425e+03 9.987614182046751e-17 1.407825544053977e-17
8.568595090089999e+03 9.784216839106964e-17 1.480930912777511e-17
8.570568309188762e+03 1.033714535810885e-16 1.732485760430374e-17
8.572541982690318e+03 1.128612761217632e-16 2.258770142407251e-17
8.574516110699327e+03 7.759138929555201e-17 2.903637420232701e-17
8.576490693320438e+03 1.504805789369014e-16 3.399514563129861e-17
8.578465730658356e+03 1.171605996613989e-16 2.878106231347667e-17
8.580441222817781e+03 8.903652018886018e-17 3.151458382631088e-17
8.582417169903467e+03 1.285092210975834e-16 3.414833860847203e-17
8.584393572020161e+03 1.032511562166011e-16 2.174672344887001e-17
8.586370429272665e+03 5.804930818179650e-17 1.613333571415600e-17
8.588347741765774e+03 7.324366842952141e-17 2.087846452250510e-17
8.590325509604341e+03 1.084296185999480e-16 3.408662413513760e-17
8.592303732893215e+03 1.268377528380388e-16 3.822249019607915e-17
8.594282411737273e+03 1.102067180683812e-16 2.412436572147364e-17
8.596261546241431e+03 1.032647340974551e-16 1.576239393822488e-17
8.598241136510625e+03 1.039396556774101e-16 1.467922403042398e-17
8.600221182649806e+03 1.093813511136440e-16 1.492034660555458e-17
8.602201684763946e+03 1.054662506880494e-16 1.976044838447445e-17
8.604182642958065e+03 8.324817574562233e-17 2.617615325844018e-17
8.606164057337173e+03 9.991330399340629e-17 2.378153606142101e-17
8.608145928006343e+03 9.149111640943231e-17 1.723016254277056e-17
8.610128255070631e+03 8.878339512227916e-17 1.448948642353177e-17
8.612111038635159e+03 6.390935013493156e-17 1.364720787190290e-17
8.614094278805032e+03 1.108662520102333e-16 1.434125901912343e-17
8.616077975685417e+03 7.085996115028327e-17 1.393873499543849e-17
8.618062129381471e+03 9.930097196965260e-17 1.492459030296509e-17
8.620046739998408e+03 1.029406214859162e-16 1.619209128990022e-17
8.622031807641435e+03 1.171526677151883e-16 1.749119783213796e-17
8.624017332415813e+03 9.296215524055285e-17 1.701638852139460e-17
8.626003314426798e+03 7.501720259230302e-17 1.541490992618019e-17
8.627989753779699e+03 7.865377757397658e-17 1.445041629672251e-17
8.629976650579829e+03 8.739356015811334e-17 1.435869929465731e-17
8.631964004932519e+03 9.011456907001835e-17 1.479604175954958e-17
8.633951816943149e+03 1.070306198817439e-16 1.646614527934074e-17
8.635940086717119e+03 1.015735464095647e-16 2.334836886283136e-17
8.637928814359831e+03 3.450437722323022e-17 5.133479718381910e-17
8.639917999976726e+03 1.220458353618651e-16 7.657312733308617e-17
8.641907643673279e+03 1.556548268764632e-16 6.423492466532858e-17
8.643897745554963e+03 6.032120111204774e-17 2.689020874191777e-17
8.645888305727309e+03 9.934501203508681e-17 2.500107829952457e-17
8.647879324295838e+03 8.313482435984151e-17 2.988393615522881e-17
8.649870801366127e+03 9.259219291231411e-17 2.893684892096324e-17
8.651862737043748e+03 8.404732950118363e-17 2.191136240493173e-17
8.653855131434322e+03 9.190112175350255e-17 1.631676492288869e-17
8.655847984643477e+03 8.339639512693935e-17 1.573088550223397e-17
8.657841296776880e+03 6.771900080347896e-17 1.534813591072991e-17
8.659835067940199e+03 5.107665223964914e-17 1.674505118915343e-17
8.661829298239165e+03 8.313031282402393e-17 2.055493852718291e-17
8.663823987779486e+03 9.397040777413028e-17 2.015915414457960e-17
8.665819136666936e+03 1.080957085078657e-16 1.673122047686764e-17
8.667814745007292e+03 1.168393815000297e-16 1.536632415660011e-17
8.669810812906346e+03 1.207092601468515e-16 1.458818194047029e-17
8.671807340469939e+03 8.603356397178668e-17 1.476210047603536e-17
8.673804327803931e+03 8.055436174507744e-17 1.521645766215380e-17
8.675801775014193e+03 8.667131751893654e-17 1.742123912665078e-17
8.677799682206620e+03 1.004479693818842e-16 2.500713017518511e-17
8.679798049487154e+03 1.420369019028940e-16 3.133327897268697e-17
8.681796876961731e+03 1.147988426617510e-16 2.227591892215228e-17
8.683796164736343e+03 8.525401382059178e-17 1.510513294757073e-17
8.685795912916970e+03 9.206748984278260e-17 1.402941569369599e-17
8.687796121609661e+03 9.471719681685839e-17 1.379971005453840e-17
8.689796790920442e+03 7.711418725593500e-17 1.368327591747100e-17
8.691797920955407e+03 8.867204700267458e-17 1.606989890248585e-17
8.693799511820635e+03 1.090344457003942e-16 2.275240445161137e-17
8.695801563622264e+03 -7.669935222659082e-17 4.467620413618067e-17
8.697804076466426e+03 1.494522616684088e-16 4.988787842552674e-17
8.699807050459309e+03 1.337702775618576e-16 3.829781992901427e-17
8.701810485707090e+03 1.100232778269597e-16 2.063317968514027e-17
8.703814382316008e+03 7.456067403505729e-17 1.480913367568392e-17
8.705818740392291e+03 1.071340692677417e-16 1.474954696318982e-17
8.707823560042221e+03 1.082654626338297e-16 1.632569211342690e-17
8.709828841372080e+03 8.289631979821032e-17 1.578277498601194e-17
8.711834584488201e+03 7.900307782766280e-17 2.164320494422684e-17
8.713840789496915e+03 1.365774837622768e-16 3.562336601990587e-17
8.715847456504584e+03 1.471459124274019e-16 3.622985533176126e-17
8.717854585617613e+03 9.230882556809562e-17 2.331927201430662e-17
8.719862176942406e+03 8.611437484513800e-17 1.648135556282755e-17
8.721870230585415e+03 9.267209426860381e-17 1.462071745722585e-17
8.723878746653092e+03 1.159057149863304e-16 1.442832781869212e-17
8.725887725251943e+03 7.743639952954477e-17 1.859022809193481e-17
8.727897166488461e+03 7.858903723746112e-17 3.252507629922864e-17
8.729907070469206e+03 1.223616107323403e-16 6.847848781392994e-17
8.731917437300723e+03 1.172090399333809e-16 7.224112848472925e-17
8.733928267089615e+03 9.784665451808936e-17 3.089741758760476e-17
8.735939559942481e+03 7.709477481361469e-17 1.692348170304702e-17
8.737951315965969e+03 6.996821413092610e-17 1.581761204743353e-17
8.739963535266728e+03 1.028293988183973e-16 1.534813935236063e-17
8.741976217951458e+03 1.079889351337424e-16 1.589183605521048e-17
8.743989364126854e+03 9.211039267274677e-17 1.554438028460401e-17
8.746002973899669e+03 6.472245340104036e-17 1.584266201996458e-17
8.748017047376641e+03 6.733774043662228e-17 1.546500750450122e-17
8.750031584664575e+03 8.469275408139814e-17 1.673234599017924e-17
8.752046585870272e+03 1.357225809999851e-16 2.766481474730859e-17
8.754062051100553e+03 1.360465362791931e-16 3.294802845927696e-17
8.756077980462287e+03 1.258020890592535e-16 2.367012389428298e-17
8.758094374062364e+03 7.122392590991438e-17 1.730240946393261e-17
8.760111232007686e+03 1.075114082873769e-16 1.621489311532395e-17
8.762128554405172e+03 8.285665182436816e-17 1.530261191087957e-17
8.764146341361797e+03 1.214037997242826e-16 2.071118884958042e-17
8.766164592984524e+03 1.007298445153519e-16 4.240410785244934e-17
8.768183309380376e+03 6.899137865015928e-17 5.281629931270490e-17
8.770202490656367e+03 8.507977431100581e-17 3.413319946933794e-17
8.772222136919570e+03 7.066292460533186e-17 1.945575895995626e-17
8.774242248277043e+03 1.122704586566132e-16 1.664762119000851e-17
8.776262824835916e+03 1.032351597534487e-16 1.644002017465021e-17
8.778283866703290e+03 7.725437238875792e-17 1.573238112558003e-17
8.780305373986344e+03 1.110596541403198e-16 1.658888192024086e-17
8.782327346792235e+03 6.761998393537881e-17 1.625429432320446e-17
8.784349785228187e+03 6.795052572370581e-17 1.567791727100875e-17
8.786372689401403e+03 9.921726781997386e-17 1.570525917960489e-17
8.788396059419161e+03 9.112432273077571e-17 1.507075613399159e-17
8.790419895388726e+03 7.055670578652683e-17 1.637426959103579e-17
8.792444197417388e+03 1.000662310285095e-16 1.836453627641563e-17
8.794468965612486e+03 1.178728174673587e-16 2.312097574463472e-17
8.796494200081379e+03 7.978263859955375e-17 3.107620066999096e-17
8.798519900931435e+03 1.246126934074711e-16 2.647076300468384e-17
8.800546068270043e+03 6.875455202658335e-17 2.120845883590423e-17
8.802572702204647e+03 1.351745835946971e-16 1.837733636808311e-17
8.804599802842682e+03 7.124545205366243e-17 1.677133570155442e-17
8.806627370291637e+03 1.120627062940283e-16 1.870262682689939e-17
8.808655404658997e+03 8.406387089435138e-17 2.941161460686987e-17
8.810683906052302e+03 2.716203039392966e-17 3.969845339473135e-17
8.812712874579081e+03 1.282655652911817e-16 2.913606370941651e-17
8.814742310346930e+03 6.955773220608021e-17 1.670029641164144e-17
8.816772213463430e+03 1.165035695773755e-16 1.651987678587866e-17
8.818802584036219e+03 9.517537698199695e-17 1.659479128335358e-17
8.820833422172927e+03 9.887231604644717e-17 1.619596283975181e-17
8.822864727981249e+03 8.679193804433923e-17 1.598796032829316e-17
8.824896501568861e+03 9.020989348005170e-17 1.570816651185370e-17
8.826928743043505e+03 8.063292064290483e-17 1.496663604162993e-17
8.828961452512911e+03 1.127715163768792e-16 1.536181576279895e-17
8.830994630084868e+03 1.064026486056478e-16 1.577883144479909e-17
8.833028275867156e+03 1.049254792732553e-16 1.598757273031714e-17
8.835062389967614e+03 9.682703241667152e-17 1.573150074362786e-17
8.837096972494079e+03 7.243562125380279e-17 1.473891911357688e-17
8.839132023554417e+03 6.279963893286116e-17 1.480132512458751e-17
8.841167543256537e+03 6.347604203275233e-17 1.546360700322220e-17
8.843203531708346e+03 8.393418350254747e-17 1.889228098785917e-17
8.845239989017808e+03 1.869167066384447e-16 2.436196459945968e-17
8.847276915292874e+03 1.661262102655777e-16 2.398590692654463e-17
8.849314310641557e+03 9.353376790369286e-17 1.733638500017281e-17
8.851352175171865e+03 8.386563482101000e-17 1.583925394581217e-17
8.853390508991855e+03 1.004789650145702e-16 1.696637848565099e-17
8.855429312209584e+03 9.290319491203965e-17 2.224214047094226e-17
8.857468584933162e+03 9.250430401805422e-17 2.651618145993143e-17
8.859508327270692e+03 1.141389418108220e-16 2.096732664953145e-17
8.861548539330339e+03 1.041610074901632e-16 1.670079282176906e-17
8.863589221220254e+03 1.375739630049146e-16 1.664880582997795e-17
8.865630373048649e+03 1.833817832191930e-16 1.666629530367645e-17
8.867671994923727e+03 1.024791320201484e-16 1.542493618241536e-17
8.869714086953749e+03 9.374597437050828e-17 1.597816471806274e-17
8.871756649246969e+03 9.712557692284294e-17 1.691992174317056e-17
8.873799681911696e+03 8.702735160660176e-17 1.738205017643654e-17
8.875843185056247e+03 9.254302074714762e-17 1.885599186789894e-17
8.877887158788948e+03 7.013881117087712e-17 1.907886205124213e-17
8.879931603218185e+03 7.953378239198234e-17 1.823951851652062e-17
8.881976518452359e+03 7.442468662097894e-17 1.668928696660005e-17
8.884021904599880e+03 9.592928728806593e-17 1.701214875397052e-17
8.886067761769184e+03 1.012797992950748e-16 1.852692073675416e-17
8.888114090068755e+03 6.657230812063182e-17 2.005672542199957e-17
8.890160889607077e+03 8.644635426199073e-17 1.969354020237474e-17
8.892208160492679e+03 7.541793225314112e-17 1.903162703431135e-17
8.894255902834091e+03 1.160701665677425e-16 1.953292267368168e-17
8.896304116739901e+03 9.664638109221308e-17 2.017604000869228e-17
8.898352802318683e+03 8.433659120377436e-17 2.201845683373067e-17
8.900401959679075e+03 1.115787868590610e-16 2.361526342094826e-17
8.902451588929704e+03 6.615541547095160e-17 2.058475663603471e-17
8.904501690179257e+03 1.036762954737894e-16 1.787092579668223e-17
8.906552263536407e+03 9.109804245755360e-17 1.872841031968474e-17
8.908603309109898e+03 1.219477028138708e-16 2.123527155370803e-17
8.910654827008451e+03 1.015602070484567e-16 2.034606472925763e-17
8.912706817340855e+03 7.905609003999825e-17 1.880184633577389e-17
8.914759280215896e+03 1.052774919939463e-16 1.704123130988487e-17
8.916812215742382e+03 7.864542732324970e-17 1.705998878104561e-17
8.918865624029171e+03 7.855774708310013e-17 1.748730730299627e-17
8.920919505185138e+03 1.063777470443897e-16 1.789788759256562e-17
8.922973859319169e+03 8.852875348967481e-17 1.774268037764452e-17
8.925028686540176e+03 1.057507617941357e-16 1.879975757262679e-17
8.927083986957123e+03 8.779185134264474e-17 1.719875099308540e-17
8.929139760678958e+03 8.196544454323766e-17 1.625475359617924e-17
8.931196007814697e+03 5.351571901007507e-17 1.606704162148014e-17
8.933252728473342e+03 8.814880039712375e-17 1.734296226982698e-17
8.935309922763956e+03 7.011113066804820e-17 1.705592518608881e-17
8.937367590795591e+03 8.872001252881740e-17 1.854166137365260e-17
8.939425732677360e+03 8.579170664750963e-17 1.816017404783581e-17
8.941484348518366e+03 8.727609394436975e-17 1.878332985494643e-17
8.943543438427772e+03 9.643471819011017e-17 1.972867401244822e-17
8.945603002514734e+03 1.205153426726038e-16 1.917193352028489e-17
8.947663040888463e+03 6.957584833615161e-17 1.874093870235521e-17
8.949723553658161e+03 7.425431375076652e-17 1.848374179231574e-17
8.951784540933097e+03 1.061840283291392e-16 1.837337142681075e-17
8.953846002822529e+03 1.186363118474575e-16 1.827982034885810e-17
8.955907939435745e+03 9.070264612971478e-17 1.956239265326812e-17
8.957970350882077e+03 1.129617679794982e-16 2.311414088515731e-17
8.960033237270882e+03 6.857606874509797e-17 2.328745969199751e-17
8.962096598711521e+03 8.031969353855601e-17 2.129664533433406e-17
8.964160435313384e+03 5.721634830437684e-17 1.938817923465138e-17
8.966224747185912e+03 6.256301387675173e-17 1.915694893989242e-17
8.968289534438531e+03 9.915039009002055e-17 1.945633667922601e-17
8.970354797180737e+03 7.625088292561550e-17 1.734961939262464e-17
8.972420535522007e+03 6.036866496297459e-17 1.685159646523814e-17
8.974486749571881e+03 6.913910456536448e-17 1.725899255076450e-17
8.976553439439893e+03 9.707060833790361e-17 1.817801424691993e-17
8.978620605235632e+03 7.967932157825308e-17 1.897729378422053e-17
8.980688247068683e+03 9.441035009961895e-17 1.968500154180901e-17
8.982756365048683e+03 6.713376877728213e-17 1.839077005923805e-17
8.984824959285270e+03 8.290923289306043e-17 1.757301841739812e-17
8.986894029888128e+03 8.236236488983677e-17 1.744909885538804e-17
8.988963576966946e+03 7.716087465563748e-17 1.739786091993071e-17
8.991033600631465e+03 7.301867126866775e-17 1.766475893590515e-17
8.993104100991419e+03 8.562690982563456e-17 1.724195588952355e-17
8.995175078156597e+03 4.311434081922401e-17 1.624583624874617e-17
8.997246532236790e+03 8.149306415424226e-17 1.720232758596840e-17
8.999318463341835e+03 7.969746949428466e-17 1.714191285353128e-17
9.001390871581578e+03 8.428972637808400e-17 1.705047770923511e-17
9.003463757065887e+03 1.031124498077228e-16 1.697735154468723e-17
9.005537119904682e+03 7.270213729229721e-17 1.635908420449603e-17
9.007610960207874e+03 8.131384312352490e-17 1.674190272202634e-17
9.009685278085430e+03 1.049663537583349e-16 1.779880032616041e-17
9.011760073647314e+03 8.549899957699738e-17 1.820751044174490e-17
9.013835347003547e+03 8.549095820366073e-17 0.000000000000000e+00
9.015911098264138e+03 8.548293237187066e-17 0.000000000000000e+00
9.017987327539160e+03 8.547494180379556e-17 0.000000000000000e+00
9.020064034938674e+03 8.546681921907320e-17 0.000000000000000e+00
9.022141220572805e+03 8.545886976451658e-17 0.000000000000000e+00
