3.781885870275366e+03 5.668298527032737e-16 0.000000000000000e+00
3.782756781941761e+03 5.667486953060428e-16 0.000000000000000e+00
3.783627894166063e+03 5.666687779452553e-16 0.000000000000000e+00
3.784499206994466e+03 5.665876631480760e-16 0.000000000000000e+00
3.785370720473158e+03 5.665065399051553e-16 0.000000000000000e+00
3.786242434648354e+03 5.664265376830929e-16 0.000000000000000e+00
3.787114349566262e+03 5.663465269394391e-16 0.000000000000000e+00
3.787986465273119e+03 5.662653187611467e-16 0.000000000000000e+00
3.788858781815157e+03 5.661853503800896e-16 0.000000000000000e+00
3.789731299238631e+03 5.661052545329777e-16 0.000000000000000e+00
3.790604017589794e+03 5.660252689740938e-16 4.219458292769208e-17
3.791476936914925e+03 6.089587065553230e-16 4.299620879058370e-17
3.792350057260297e+03 5.348807285936985e-16 4.157546083992774e-17
3.793223378672210e+03 4.703161085469567e-16 4.015327295497980e-17
3.794096901196959e+03 5.258922884267776e-16 4.115583852883461e-17
3.794970624880863e+03 5.600460520139245e-16 4.149646270401768e-17
3.795844549770242e+03 5.404611551671617e-16 4.170346292606801e-17
3.796718675911435e+03 5.878960921740937e-16 4.230831630210986e-17
3.797593003350781e+03 6.602561996355416e-16 4.442925556559637e-17
3.798467532134643e+03 8.576586587664952e-16 4.869262426566802e-17
3.799342262309381e+03 8.051823401903051e-16 4.811075170138235e-17
3.800217193921379e+03 6.315571407189131e-16 4.520660780198975e-17
3.801092327017021e+03 5.472505803637903e-16 4.427580105357561e-17
3.801967661642704e+03 5.265859576308317e-16 4.422092548272785e-17
3.802843197844842e+03 5.273101956324360e-16 4.426382468910105e-17
3.803718935669849e+03 5.500935082466697e-16 4.457989243857479e-17
3.804594875164163e+03 5.624062014963646e-16 4.466029130866919e-17
3.805471016374217e+03 5.402216823445590e-16 4.481634569212612e-17
3.806347359346473e+03 5.615207921854602e-16 4.522794297840068e-17
3.807223904127385e+03 5.638965833836325e-16 4.516223277765981e-17
3.808100650763433e+03 5.401641122095207e-16 4.426648809522533e-17
3.808977599301094e+03 5.788350806625496e-16 4.512233936712921e-17
3.809854749786873e+03 6.053321367307438e-16 4.521953872934659e-17
3.810732102267265e+03 5.474839054383975e-16 4.402561189762140e-17
3.811609656788794e+03 5.377852346208851e-16 4.300322332306649e-17
3.812487413397982e+03 6.002754993792554e-16 4.368364674315743e-17
3.813365372141372e+03 6.106177101073857e-16 4.351473991273747e-17
3.814243533065506e+03 6.058790380870692e-16 4.204909595873131e-17
3.815121896216951e+03 5.705781139966743e-16 4.080902504269771e-17
3.816000461642268e+03 5.608966304587941e-16 4.019678195261490e-17
3.816879229388046e+03 5.145949841242354e-16 3.974604040985472e-17
3.817758199500874e+03 5.775775352881428e-16 4.054703379661373e-17
3.818637372027347e+03 5.302424797878709e-16 4.010855697526265e-17
3.819516747014088e+03 5.156033246667333e-16 4.027567838993599e-17
3.820396324507713e+03 5.606376858781556e-16 4.190278519586628e-17
3.821276104554863e+03 5.350483880196087e-16 4.184033535042700e-17
3.822156087202176e+03 5.149763789021914e-16 4.159669539179905e-17
3.823036272496314e+03 5.305561077886804e-16 4.196234422363712e-17
3.823916660483938e+03 6.275169957139506e-16 4.278314965033876e-17
3.824797251211731e+03 5.510921812518304e-16 4.055361838593506e-17
3.825678044726375e+03 5.597753371290451e-16 3.990032407900509e-17
3.826559041074575e+03 5.664822179137896e-16 3.995534879413179e-17
3.827440240303034e+03 5.524178687306402e-16 3.944885107932262e-17
3.828321642458480e+03 5.324882032983323e-16 3.909447505879682e-17
3.829203247587635e+03 5.253633169167209e-16 3.909325511085384e-17
3.830085055737250e+03 5.466222003330623e-16 4.013385362018321e-17
3.830967066954069e+03 5.673138189191459e-16 4.097548466703677e-17
3.831849281284864e+03 5.893510597500252e-16 4.162781017628333e-17
3.832731698776399e+03 4.641703079899204e-16 3.866485493865369e-17
3.833614319475470e+03 4.650058492159580e-16 3.857503234063226e-17
3.834497143428862e+03 6.186391826875237e-16 4.079586330490276e-17
3.835380170683391e+03 8.913179774367939e-16 4.474104766377631e-17
3.836263401285869e+03 9.587165888665496e-16 4.585492713015492e-17
3.837146835283122e+03 7.885141158057072e-16 4.292810455650756e-17
3.838030472721994e+03 6.096730159591474e-16 3.969032464124472e-17
3.838914313649329e+03 5.104134582713709e-16 3.699842394525564e-17
3.839798358111994e+03 4.862643338471517e-16 3.643366246546399e-17
3.840682606156853e+03 4.897118612578628e-16 3.593779076957731e-17
3.841567057830795e+03 5.065760511862029e-16 3.633735768863132e-17
3.842451713180705e+03 5.162955367008779e-16 3.696655098158504e-17
3.843336572253495e+03 5.786458900039563e-16 3.837449476763548e-17
3.844221635096071e+03 5.844603970255942e-16 3.870049755628346e-17
3.845106901755365e+03 5.694660865615125e-16 3.845143737440077e-17
3.845992372278307e+03 5.777267706415547e-16 3.840757994022949e-17
3.846878046711852e+03 5.541764854801420e-16 3.798231313814114e-17
3.847763925102947e+03 5.273464012720216e-16 3.695852422618830e-17
3.848650007498569e+03 5.879816992946318e-16 3.810058224971046e-17
3.849536293945691e+03 5.442931217498597e-16 3.724522057354207e-17
3.850422784491310e+03 5.616354294821999e-16 3.718054462491601e-17
3.851309479182419e+03 5.260953304459545e-16 3.659297858130970e-17
3.852196378066037e+03 5.456051690805408e-16 3.667419539157317e-17
3.853083481189182e+03 5.486738092898188e-16 3.627993459102989e-17
3.853970788598886e+03 5.500052127678112e-16 3.656255181451797e-17
3.854858300342198e+03 5.911041301337309e-16 3.810036187231829e-17
3.855746016466167e+03 5.921935533463166e-16 3.810691190313830e-17
3.856633937017866e+03 5.580539324683563e-16 3.763927523099492e-17
3.857522062044363e+03 5.525132876147156e-16 3.731139363642595e-17
3.858410391592754e+03 5.741484498940115e-16 3.756862967713876e-17
3.859298925710131e+03 5.656474937843518e-16 3.772576785722429e-17
3.860187664443609e+03 5.753723027047177e-16 3.764845425627611e-17
3.861076607840301e+03 5.933953472584418e-16 3.796532792488502e-17
3.861965755947345e+03 5.882593263901887e-16 3.779035880195497e-17
3.862855108811876e+03 5.676056437172603e-16 3.718579888488490e-17
3.863744666481054e+03 6.016229441946876e-16 3.755714669148227e-17
3.864634429002033e+03 6.541140008806660e-16 3.794165333045490e-17
3.865524396421999e+03 5.658973556276362e-16 3.591715547182819e-17
3.866414568788125e+03 6.854229312077745e-16 3.799225552383037e-17
3.867304946147618e+03 7.125114713835901e-16 4.056558440206429e-17
3.868195528547674e+03 1.778404073884994e-15 5.643455605469270e-17
3.869086316035522e+03 2.999135903183681e-15 7.864335095270491e-17
3.869977308658381e+03 3.243451448419567e-15 8.398584973446896e-17
3.870868506463499e+03 2.199203510034054e-15 6.351895389042078e-17
3.871759909498121e+03 9.422017851998079e-16 4.558311291094666e-17
3.872651517809507e+03 6.260102232450194e-16 3.816026821911838e-17
3.873543331444934e+03 6.586316857790113e-16 3.685980980845132e-17
3.874435350451679e+03 5.147582933525214e-16 3.419149268223578e-17
3.875327574877044e+03 5.481035453067202e-16 3.434861161292314e-17
3.876220004768325e+03 5.185873682120174e-16 3.385656470075394e-17
3.877112640172847e+03 5.833928167668248e-16 3.455464161343753e-17
3.878005481137927e+03 5.021102500043521e-16 3.367135220058382e-17
3.878898527710911e+03 5.307344926475140e-16 3.401299579099078e-17
3.879791779939140e+03 5.902759852762744e-16 3.518761804866369e-17
3.880685237869981e+03 5.332813857788691e-16 3.463809732963415e-17
3.881578901550796e+03 5.443550361927987e-16 3.492465762988585e-17
3.882472771028974e+03 5.974260385112361e-16 3.553223394332486e-17
3.883366846351900e+03 5.418769420017297e-16 3.476505952258114e-17
3.884261127566985e+03 5.162490011444459e-16 3.488444436165350e-17
3.885155614721633e+03 5.193190510202500e-16 3.460826613534360e-17
3.886050307863278e+03 4.540558056460575e-16 3.337275805153367e-17
3.886945207039349e+03 4.965611467989235e-16 3.501128483351721e-17
3.887840312297299e+03 8.575328048616831e-16 4.259694325086397e-17
3.888735623684581e+03 1.413675680987277e-15 6.414063590255234e-17
3.889631141248661e+03 1.779662504169287e-15 7.311778098927571e-17
3.890526865037026e+03 1.608739195079513e-15 6.793205170357060e-17
3.891422795097158e+03 9.504618497573964e-16 5.304518164413231e-17
3.892318931476567e+03 5.406714076710821e-16 3.448667009499436e-17
3.893215274222756e+03 5.090164012325040e-16 3.358012213021171e-17
3.894111823383258e+03 4.767160933661776e-16 3.280353851530918e-17
3.895008579005597e+03 5.618491431342954e-16 3.459268087392531e-17
3.895905541137328e+03 5.484870562953212e-16 3.437887341823223e-17
3.896802709825999e+03 5.408420053519281e-16 3.434864396047117e-17
3.897700085119182e+03 5.991595508426272e-16 3.462587513920450e-17
3.898597667064450e+03 5.547614161074837e-16 3.398140272863867e-17
3.899495455709400e+03 5.155454672680509e-16 3.297920509952808e-17
3.900393451101622e+03 5.754421273640172e-16 3.447440832870555e-17
3.901291653288735e+03 5.638782046414981e-16 3.456304056726346e-17
3.902190062318354e+03 5.045144798696519e-16 3.363920423787819e-17
3.903088678238119e+03 5.253354490028814e-16 3.423515793971374e-17
3.903987501095666e+03 5.571264275298457e-16 3.445822782650368e-17
3.904886530938657e+03 5.486534426785993e-16 3.407053544387339e-17
3.905785767814751e+03 5.533164266199189e-16 3.359394157003946e-17
3.906685211771631e+03 5.751766476699294e-16 3.340219071777111e-17
3.907584862856982e+03 5.780746822982363e-16 3.317563623290623e-17
3.908484721118497e+03 5.726834035732039e-16 3.320675553665738e-17
3.909384786603895e+03 5.337385428212731e-16 3.274225724733396e-17
3.910285059360888e+03 5.946178577379614e-16 3.383732397965830e-17
3.911185539437215e+03 5.085101552799778e-16 3.234274164651393e-17
3.912086226880612e+03 5.639204038589340e-16 3.332580237902769e-17
3.912987121738839e+03 6.044744185034481e-16 3.385590980514230e-17
3.913888224059654e+03 5.203618157310554e-16 3.258575782064198e-17
3.914789533890839e+03 4.867335172286531e-16 3.162895754069095e-17
3.915691051280174e+03 5.348555031803321e-16 3.213065299262233e-17
3.916592776275463e+03 5.426366757785091e-16 3.205860389327513e-17
3.917494708924507e+03 5.968828666700905e-16 3.289344997252940e-17
3.918396849275135e+03 5.240695557551295e-16 3.173372011138497e-17
3.919299197375168e+03 5.531991021705722e-16 3.251855950481365e-17
3.920201753272455e+03 5.567259738120964e-16 3.264894442021308e-17
3.921104517014843e+03 5.274084506578932e-16 3.245863414514203e-17
3.922007488650202e+03 5.629752019236053e-16 3.299915179779556e-17
3.922910668226399e+03 5.570302139486320e-16 3.434925166502115e-17
3.923814055791327e+03 5.301533212985112e-16 3.362656451285162e-17
3.924717651392874e+03 5.291227305881627e-16 3.255248941838820e-17
3.925621455078959e+03 5.156406471004780e-16 3.282512306788736e-17
3.926525466897494e+03 5.565731438052096e-16 3.366558458260674e-17
3.927429686896405e+03 5.472630844251933e-16 3.343837932767367e-17
3.928334115123642e+03 5.620946817100741e-16 3.320722196292521e-17
3.929238751627147e+03 5.100128026839455e-16 3.201268642293754e-17
3.930143596454893e+03 5.118321504423729e-16 3.223322878762041e-17
3.931048649654845e+03 5.202078835623658e-16 3.234456818547990e-17
3.931953911274996e+03 5.199422667349538e-16 3.258439373384240e-17
3.932859381363333e+03 5.272337995268995e-16 3.335136628558008e-17
3.933765059967874e+03 5.412209217376479e-16 3.337040128265695e-17
3.934670947136626e+03 5.302970441473757e-16 3.258658801065229e-17
3.935577042917627e+03 4.481038541555955e-16 3.065757691352405e-17
3.936483347358911e+03 4.894764284784023e-16 3.081532695224613e-17
3.937389860508536e+03 5.326698684806747e-16 3.134171137250815e-17
3.938296582414556e+03 6.013207888532531e-16 3.221849965723760e-17
3.939203513125054e+03 5.554094839504127e-16 3.154987296466649e-17
3.940110652688104e+03 5.679567658185149e-16 3.163340728960079e-17
3.941018001151812e+03 5.582471789819982e-16 3.129568542096118e-17
3.941925558564276e+03 4.972081621782881e-16 2.990932089140036e-17
3.942833324973622e+03 4.981876108985856e-16 2.958053992116045e-17
3.943741300427974e+03 5.205187888473531e-16 2.983969787383770e-17
3.944649484975468e+03 5.396333393955040e-16 3.010276101097258e-17
3.945557878664264e+03 5.497438793777237e-16 3.026856788103346e-17
3.946466481542515e+03 5.156957929101167e-16 3.022653680688959e-17
3.947375293658403e+03 5.567681559458287e-16 3.096453830282168e-17
3.948284315060105e+03 5.121931136215873e-16 3.072136832967838e-17
3.949193545795822e+03 4.909197362764481e-16 3.048189386216266e-17
3.950102985913755e+03 5.094270505016091e-16 3.108411247037632e-17
3.951012635462127e+03 5.319098684154985e-16 3.098289780956302e-17
3.951922494489162e+03 5.332575694466235e-16 3.124074455795378e-17
3.952832563043105e+03 4.973871594699604e-16 3.023304218438775e-17
3.953742841172200e+03 5.284519080778039e-16 3.080548011579798e-17
3.954653328924717e+03 5.137841188817940e-16 3.035100174534808e-17
3.955564026348921e+03 4.794795122559989e-16 2.989200018750307e-17
3.956474933493104e+03 5.213576225563942e-16 2.998665448412639e-17
3.957386050405554e+03 5.270938842084976e-16 3.006560083495384e-17
3.958297377134585e+03 5.038797140759796e-16 2.978841147302409e-17
3.959208913728507e+03 4.808242573423910e-16 2.919649487427674e-17
3.960120660235656e+03 4.961218672040381e-16 2.966966040508297e-17
3.961032616704365e+03 5.330275006696344e-16 3.022327465474930e-17
3.961944783182993e+03 5.189560770371965e-16 2.981672121696776e-17
3.962857159719896e+03 5.032751781956904e-16 2.948112452012348e-17
3.963769746363446e+03 4.929964435431673e-16 2.919428058293979e-17
3.964682543162033e+03 5.374127508021931e-16 2.994220344555891e-17
3.965595550164047e+03 5.461423982408222e-16 3.097628276112997e-17
3.966508767417901e+03 7.115236755247439e-16 3.425414103462743e-17
3.967422194972005e+03 1.046235151983031e-15 4.011195133010507e-17
3.968335832874797e+03 1.272901673527805e-15 4.469386241266216e-17
3.969249681174708e+03 1.386474772588813e-15 4.722308954518097e-17
3.970163739920198e+03 1.510066217371854e-15 4.951811753052004e-17
3.971078009159721e+03 1.493221968931921e-15 4.869391218577354e-17
3.971992488941759e+03 1.207749858562126e-15 4.315698821333329e-17
3.972907179314789e+03 6.813597343481626e-16 3.326099541389136e-17
3.973822080327313e+03 5.084516105344176e-16 2.973432968379865e-17
3.974737192027833e+03 4.614957098933704e-16 2.864745272392366e-17
3.975652514464875e+03 4.145014405282240e-16 2.809319135753922e-17
3.976568047686958e+03 4.817374219570415e-16 2.878861678224759e-17
3.977483791742633e+03 5.301202740349028e-16 2.945300851678604e-17
3.978399746680442e+03 5.049703107727817e-16 2.907684117097978e-17
3.979315912548958e+03 5.170149504609080e-16 2.922585291424880e-17
3.980232289396749e+03 5.367434040637589e-16 3.017968472857883e-17
3.981148877272398e+03 4.966369525105176e-16 2.919851436690032e-17
3.982065676224509e+03 5.727589257623969e-16 3.061044496651229e-17
3.982982686301681e+03 4.871606853375008e-16 2.862382530015855e-17
3.983899907552543e+03 4.834421643811255e-16 2.850599239197979e-17
3.984817340025716e+03 5.078323202718379e-16 2.850325991612059e-17
3.985734983769848e+03 5.323310093199799e-16 2.883005356715091e-17
3.986652838833586e+03 5.274163872141885e-16 2.898689865948875e-17
3.987570905265599e+03 5.029571691607050e-16 3.295978340227945e-17
3.988489183114556e+03 5.047199090712364e-16 3.373782023901128e-17
3.989407672429151e+03 5.196463788353668e-16 2.964896348650630e-17
3.990326373258073e+03 5.013071713421837e-16 2.905657326778203e-17
3.991245285650038e+03 4.964954237163511e-16 2.850680132306110e-17
3.992164409653758e+03 4.741916483866816e-16 2.816873237872599e-17
3.993083745317973e+03 5.756239327544353e-16 2.957023132779638e-17
3.994003292691417e+03 5.199476206265236e-16 2.876760310318356e-17
3.994923051822850e+03 5.037355664091388e-16 2.852913475248631e-17
3.995843022761030e+03 5.160403991755765e-16 2.834719022581307e-17
3.996763205554741e+03 4.781275044907669e-16 2.772461360785349e-17
3.997683600252762e+03 4.702504488573453e-16 2.755046613719580e-17
3.998604206903899e+03 5.080376633775079e-16 2.884532016039500e-17
3.999525025556958e+03 4.811261382963502e-16 2.829459326634801e-17
4.000446056260755e+03 4.981619133998764e-16 2.864612095987514e-17
4.001367299064131e+03 5.308052316620906e-16 2.909580622930991e-17
4.002288754015922e+03 5.647582355482543e-16 2.936773618591379e-17
4.003210421164988e+03 5.160075048139542e-16 2.856325713623299e-17
4.004132300560190e+03 5.230012527640624e-16 2.868408049936716e-17
4.005054392250412e+03 5.569723670265188e-16 2.924506351229687e-17
4.005976696284534e+03 5.211679827665158e-16 2.875165649575545e-17
4.006899212711463e+03 4.749047125396874e-16 2.768306906054638e-17
4.007821941580103e+03 4.966161237167405e-16 2.785456332217424e-17
4.008744882939383e+03 4.906058544337083e-16 2.771785372071724e-17
4.009668036838230e+03 5.080611697937881e-16 2.776759568669287e-17
4.010591403325595e+03 4.843327169605428e-16 2.914801689730172e-17
4.011514982450428e+03 4.734270521072174e-16 2.768091052771822e-17
4.012438774261702e+03 4.664824480164956e-16 2.754519221490512e-17
4.013362778808389e+03 4.693755460573237e-16 2.731195475348318e-17
4.014286996139486e+03 4.843932757282606e-16 2.765179982136499e-17
4.015211426303987e+03 4.756385012994100e-16 2.758960421764426e-17
4.016136069350910e+03 4.789983102017657e-16 2.764153522500100e-17
4.017060925329274e+03 5.168614817368764e-16 2.818046998031613e-17
4.017985994288120e+03 4.963013487922546e-16 2.811190230679900e-17
4.018911276276489e+03 4.948255923753265e-16 2.829981463954439e-17
4.019836771343438e+03 5.414301796681944e-16 2.949763690610719e-17
4.020762479538041e+03 5.000384580979327e-16 2.874275380399772e-17
4.021688400909370e+03 5.240548250662994e-16 2.900023973338572e-17
4.022614535506526e+03 5.095310427072533e-16 2.817433550648851e-17
4.023540883378603e+03 4.677059006586566e-16 2.744903438548677e-17
4.024467444574723e+03 4.357442633322832e-16 2.677395480960108e-17
4.025394219144004e+03 4.507050398988051e-16 2.735837980962505e-17
4.026321207135589e+03 5.497577676579602e-16 2.969787275141363e-17
4.027248408598619e+03 6.227666153549261e-16 3.220840669918695e-17
4.028175823582262e+03 5.121334396360123e-16 3.109944228676035e-17
4.029103452135679e+03 4.977818785758232e-16 2.967158318052579e-17
4.030031294308061e+03 4.878579837730712e-16 2.888221902153777e-17
4.030959350148593e+03 5.005032546643749e-16 2.817275047353817e-17
4.031887619706488e+03 5.190636856557853e-16 2.788588477170131e-17
4.032816103030952e+03 5.049802488163745e-16 2.738614046932870e-17
4.033744800171224e+03 4.808390579810950e-16 2.691823452400103e-17
4.034673711176531e+03 4.750961810769948e-16 2.674599822860278e-17
4.035602836096132e+03 4.842711311729222e-16 2.724739764227710e-17
4.036532174979284e+03 4.880153189553203e-16 2.757531848909352e-17
4.037461727875258e+03 4.791029157063820e-16 2.745629870842092e-17
4.038391494833342e+03 5.040157589312286e-16 2.800854269549365e-17
4.039321475902826e+03 4.817383667177757e-16 2.779795647635501e-17
4.040251671133024e+03 4.697789580386306e-16 2.748062019986789e-17
4.041182080573246e+03 4.604847343132442e-16 2.725257635979182e-17
4.042112704272830e+03 4.936774285323895e-16 2.783032952140697e-17
4.043043542281107e+03 5.088414410372672e-16 2.824100888747856e-17
4.043974594647439e+03 5.011973442567001e-16 2.809689714767287e-17
4.044905861421179e+03 4.865141340611521e-16 2.734645859231867e-17
4.045837342651713e+03 4.515377098483501e-16 2.649807809192567e-17
4.046769038388417e+03 4.704765098685011e-16 2.680405473029948e-17
4.047700948680697e+03 4.644195481080534e-16 2.707176043085225e-17
4.048633073577954e+03 4.868632433161326e-16 2.781660782435234e-17
4.049565413129617e+03 4.759837884119206e-16 2.790592601584231e-17
4.050497967385108e+03 5.607223588224416e-16 2.839286837079864e-17
4.051430736393880e+03 5.082423130828328e-16 2.767304422659941e-17
4.052363720205378e+03 4.933504519088516e-16 2.711247636833904e-17
4.053296918869077e+03 5.225007064696689e-16 2.771054320475619e-17
4.054230332434446e+03 5.033791125653806e-16 2.728656101333679e-17
4.055163960950981e+03 4.897287051017798e-16 2.735802521198248e-17
4.056097804468179e+03 4.886067975014759e-16 2.707363373547328e-17
4.057031863035545e+03 4.839818319701192e-16 2.707819325442349e-17
4.057966136702613e+03 4.694609077609939e-16 2.686907666540117e-17
4.058900625518908e+03 5.021507568241068e-16 2.757356031244370e-17
4.059835329533983e+03 4.729121494816747e-16 2.791385396573946e-17
4.060770248797388e+03 5.243231400987188e-16 2.884011072784541e-17
4.061705383358698e+03 5.150599527335103e-16 2.867719161394289e-17
4.062640733267487e+03 4.800411110439024e-16 2.760727725942825e-17
4.063576298573353e+03 4.845907488065306e-16 2.686344124896404e-17
4.064512079325891e+03 4.933268030830379e-16 2.659209733201097e-17
4.065448075574723e+03 4.965153241146601e-16 2.641640225267327e-17
4.066384287369466e+03 5.022093383833279e-16 2.631054956763841e-17
4.067320714759767e+03 5.014835178704268e-16 2.639154235767411e-17
4.068257357795263e+03 5.147070028943629e-16 2.687156010976971e-17
4.069194216525626e+03 5.887992310327652e-16 2.831422994359646e-17
4.070131291000516e+03 5.949960364143294e-16 2.872829527834826e-17
4.071068581269626e+03 4.965872871869469e-16 2.758367749434994e-17
4.072006087382641e+03 4.776373843551466e-16 2.709440212268571e-17
4.072943809389274e+03 5.055339968166489e-16 2.705178747316760e-17
4.073881747339239e+03 4.764737593690373e-16 2.661627574406109e-17
4.074819901282261e+03 4.401885436428758e-16 2.529915370877380e-17
4.075758271268086e+03 4.582446787512437e-16 2.535663793079855e-17
4.076696857346459e+03 5.068138392216297e-16 2.608572877959630e-17
4.077635659567152e+03 4.844876647622574e-16 2.587170589580532e-17
4.078574677979929e+03 4.604487101222363e-16 2.593322478584545e-17
4.079513912634585e+03 4.654386954408631e-16 2.643531488430959e-17
4.080453363580908e+03 4.823630222414184e-16 2.795234262318476e-17
4.081393030868717e+03 4.904649344541233e-16 2.852820867148522e-17
4.082332914547822e+03 4.664213680151842e-16 2.661623526150556e-17
4.083273014668065e+03 4.573639006837848e-16 2.553728146407188e-17
4.084213331279279e+03 4.821394961687219e-16 2.561951145441909e-17
4.085153864431327e+03 4.632784658585239e-16 2.535177803538788e-17
4.086094614174068e+03 4.246230589923659e-16 2.479360681332604e-17
4.087035580557387e+03 4.746149500527283e-16 2.544988817317158e-17
4.087976763631165e+03 4.638661264246378e-16 2.536008579960679e-17
4.088918163445311e+03 4.563337173401281e-16 2.482966788905073e-17
4.089859780049728e+03 4.255904325997059e-16 2.421107104392325e-17
4.090801613494349e+03 4.360976830128970e-16 2.437708040310107e-17
4.091743663829100e+03 4.765591657581209e-16 2.485737163199685e-17
4.092685931103937e+03 4.845361250821865e-16 2.506131844174124e-17
4.093628415368813e+03 4.590928916790306e-16 2.456064689549078e-17
4.094571116673692e+03 4.477494716017358e-16 2.468928715768264e-17
4.095514035068566e+03 4.451257816054138e-16 2.453065748531450e-17
4.096457170603418e+03 4.202875283836858e-16 2.418930661979546e-17
4.097400523328260e+03 4.151130202478857e-16 2.391313453359187e-17
4.098344093293099e+03 4.109445827489547e-16 2.339586668405639e-17
4.099287880547972e+03 4.114991615595955e-16 2.360369085688959e-17
4.100231885142909e+03 4.646495971136146e-16 2.576401622304955e-17
4.101176107127967e+03 1.111166815613645e-15 3.446347170410750e-17
4.102120546553201e+03 1.842816433190836e-15 4.912496865568188e-17
4.103065203468692e+03 1.993418221969349e-15 5.182832498752101e-17
4.104010077924516e+03 1.428959209635672e-15 4.069275414009247e-17
4.104955169970777e+03 6.391121467430236e-16 2.883602863473016e-17
4.105900479657576e+03 4.454635762933355e-16 2.415279857243413e-17
4.106846007035041e+03 3.928066804743948e-16 2.332423634979549e-17
4.107791752153293e+03 4.442326535400907e-16 2.422073574657027e-17
4.108737715062482e+03 3.761055759851260e-16 2.345960160711638e-17
4.109683895812757e+03 4.578096582022133e-16 2.452162937057142e-17
4.110630294454289e+03 4.464305636254421e-16 2.429686742157161e-17
4.111576911037253e+03 4.549628288682489e-16 2.461044982225130e-17
4.112523745611832e+03 4.964805394562379e-16 2.545184212406945e-17
4.113470798228234e+03 4.831771907436869e-16 2.581142245578362e-17
4.114418068936664e+03 4.529447675391488e-16 2.521391855718756e-17
4.115365557787352e+03 4.586780769380581e-16 2.576994589788765e-17
4.116313264830527e+03 4.559316243639335e-16 2.564002423674299e-17
4.117261190116441e+03 4.607795075795971e-16 2.557191769841255e-17
4.118209333695347e+03 4.479879587593327e-16 2.522963948136059e-17
4.119157695617519e+03 5.086568612765204e-16 2.581255165560766e-17
4.120106275933233e+03 4.949663658214367e-16 2.536386803597876e-17
4.121055074692788e+03 4.565332942273384e-16 2.452495419360286e-17
4.122004091946482e+03 4.511658552195044e-16 2.459598171458299e-17
4.122953327744637e+03 4.475093871267863e-16 2.465918028233434e-17
4.123902782137575e+03 4.495447701803976e-16 2.505811923946470e-17
4.124852455175640e+03 4.742346913619795e-16 2.520872770831659e-17
4.125802346909177e+03 4.720634278712072e-16 2.494642497209972e-17
4.126752457388556e+03 4.566521477842919e-16 2.422992361297569e-17
4.127702786664142e+03 4.575259226856122e-16 2.402603501288500e-17
4.128653334786330e+03 4.600354931029317e-16 2.416435205603942e-17
4.129604101805507e+03 4.590503917057560e-16 2.434752688570586e-17
4.130555087772091e+03 4.298537438293917e-16 2.402121678640045e-17
4.131506292736498e+03 4.395920175168605e-16 2.468518928886025e-17
4.132457716749156e+03 4.581489665709829e-16 2.519784705364049e-17
4.133409359860518e+03 4.782883622264082e-16 2.536637824969940e-17
4.134361222121028e+03 4.737988094993223e-16 2.507547135425683e-17
4.135313303581163e+03 4.514372766546509e-16 2.424280311232696e-17
4.136265604291392e+03 5.003722132796815e-16 2.491231637808148e-17
4.137218124302216e+03 4.796499852914438e-16 2.453356935364831e-17
4.138170863664125e+03 4.249940396669368e-16 2.350662451391808e-17
4.139123822427643e+03 4.564053636996446e-16 2.388961448507456e-17
4.140077000643284e+03 4.730020259906246e-16 2.428686299667981e-17
4.141030398361596e+03 4.606006661717403e-16 2.485527754149178e-17
4.141984015633116e+03 4.522791768675110e-16 2.525935435197411e-17
4.142937852508414e+03 4.639733758404507e-16 2.510553009917215e-17
4.143891909038052e+03 4.283847953717486e-16 2.418092723238228e-17
4.144846185272622e+03 4.106045066679786e-16 2.369510998676437e-17
4.145800681262712e+03 4.721182899705454e-16 2.452180587345297e-17
4.146755397058932e+03 4.350941678070928e-16 2.378664304692397e-17
4.147710332711898e+03 4.776897476770445e-16 2.445962534145407e-17
4.148665488272242e+03 4.355316651561845e-16 2.371920188952541e-17
4.149620863790602e+03 4.405561898123962e-16 2.360864278666774e-17
4.150576459317637e+03 4.567878435599864e-16 2.388533519913358e-17
4.151532274904008e+03 4.246955585557867e-16 2.396862265137766e-17
4.152488310600387e+03 4.540368682840712e-16 2.482091055664858e-17
4.153444566457471e+03 4.592218908657176e-16 2.571130206639801e-17
4.154401042525948e+03 4.310573809528153e-16 2.588119215007904e-17
4.155357738856544e+03 4.266024192801820e-16 2.618014456566598e-17
4.156314655499968e+03 4.327632358881803e-16 2.571954622862002e-17
4.157271792506966e+03 4.573191915688949e-16 2.531660642615523e-17
4.158229149928276e+03 4.227593023732484e-16 2.387452310764778e-17
4.159186727814663e+03 4.283730042360438e-16 2.361316079845719e-17
4.160144526216889e+03 4.581659269786565e-16 2.385870186779727e-17
4.161102545185745e+03 4.518949404272517e-16 2.345357152735432e-17
4.162060784772016e+03 4.419656456268785e-16 2.322088205306075e-17
4.163019245026512e+03 4.423889221789761e-16 2.320164349507854e-17
4.163977926000045e+03 4.431327420146362e-16 2.342310866166227e-17
4.164936827743450e+03 4.500910262247206e-16 2.369231509042672e-17
4.165895950307558e+03 4.454318930064937e-16 2.375782684590447e-17
4.166855293743231e+03 4.522829099877222e-16 2.390250865828956e-17
4.167814858101321e+03 5.071290831515560e-16 2.470800506899463e-17
4.168774643432715e+03 4.293407679264507e-16 2.317057631961481e-17
4.169734649788294e+03 4.536561594511408e-16 2.369478515722019e-17
4.170694877218952e+03 4.623406947127973e-16 2.390332073726004e-17
4.171655325775608e+03 4.706707808771364e-16 2.379907940187963e-17
4.172615995509175e+03 4.138961863507667e-16 2.316766125424519e-17
4.173576886470597e+03 4.485374844758649e-16 2.345988111327129e-17
4.174537998710809e+03 4.528170300101574e-16 2.383835886937061e-17
4.175499332280779e+03 4.333904919993374e-16 2.340465388795405e-17
4.176460887231464e+03 4.652040407606925e-16 2.361171224895762e-17
4.177422663613856e+03 4.566627315172322e-16 2.326439974366414e-17
4.178384661478938e+03 4.125741921957101e-16 2.211367381041058e-17
4.179346880877722e+03 4.533990981743897e-16 2.292188149373405e-17
4.180309321861217e+03 4.547598630334508e-16 2.293488219121989e-17
4.181271984480457e+03 4.385188981467059e-16 2.259525111740005e-17
4.182234868786475e+03 4.189380504271452e-16 2.213199817335576e-17
4.183197974830329e+03 4.087411849259971e-16 2.203054354247239e-17
4.184161302663076e+03 4.225334250741332e-16 2.223007189298282e-17
4.185124852335795e+03 4.310784703276880e-16 2.250261613693259e-17
4.186088623899567e+03 4.160329465812711e-16 2.245558197967204e-17
4.187052617405498e+03 4.225070581078864e-16 2.242635359083212e-17
4.188016832904690e+03 4.498127858083130e-16 2.282359371958513e-17
4.188981270448272e+03 4.279119409653749e-16 2.244661595289193e-17
4.189945930087373e+03 4.268452719861418e-16 2.221452223655847e-17
4.190910811873136e+03 4.570614600315459e-16 2.289093380072219e-17
4.191875915856725e+03 4.432879769419361e-16 2.272187766726692e-17
4.192841242089301e+03 4.172298393766954e-16 2.268938358295903e-17
4.193806790622051e+03 4.184897323157376e-16 2.258272532017823e-17
4.194772561506164e+03 4.176982243320418e-16 2.285603311468187e-17
4.195738554792847e+03 4.363672506617600e-16 2.312123845488079e-17
4.196704770533310e+03 4.434988222373621e-16 2.345889309805138e-17
4.197671208778789e+03 4.233772609849453e-16 2.304789336176218e-17
4.198637869580516e+03 4.048618629229881e-16 2.255287990903965e-17
4.199604752989751e+03 4.087657324832610e-16 2.233596855741747e-17
4.200571859057746e+03 4.413204156861705e-16 2.265102762435477e-17
4.201539187835788e+03 4.141582680504166e-16 2.218508962996153e-17
4.202506739375151e+03 4.148506139846555e-16 2.196860981461792e-17
4.203474513727147e+03 4.404704118440067e-16 2.249050501262663e-17
4.204442510943075e+03 3.967691517114040e-16 2.226053755493088e-17
4.205410731074266e+03 4.598268390801726e-16 2.338612395009324e-17
4.206379174172046e+03 4.512641421971460e-16 2.355560781900208e-17
4.207347840287769e+03 4.217993987923171e-16 2.260951550767915e-17
4.208316729472788e+03 4.131024274850139e-16 2.256379527542697e-17
4.209285841778470e+03 3.973957829462076e-16 2.194278429452902e-17
4.210255177256203e+03 4.379031116451602e-16 2.234976973093725e-17
4.211224735957373e+03 4.575869920881542e-16 2.270454691192625e-17
4.212194517933392e+03 4.275809037748730e-16 2.223786821726520e-17
4.213164523235670e+03 4.613040080340885e-16 2.280007230060934e-17
4.214134751915644e+03 4.224143732473943e-16 2.220238912904669e-17
4.215105204024745e+03 4.026038070970220e-16 2.183559683553335e-17
4.216075879614435e+03 3.889403491705737e-16 2.187290743415483e-17
4.217046778736168e+03 4.622006222404381e-16 2.247074440972766e-17
4.218017901441430e+03 4.403404363631912e-16 2.226925698603895e-17
4.218989247781700e+03 4.126158888330004e-16 2.161013551501163e-17
4.219960817808487e+03 4.438597453778634e-16 2.216721881749458e-17
4.220932611573294e+03 4.473667491477721e-16 2.220105703846404e-17
4.221904629127652e+03 4.707387243956547e-16 2.256466682121675e-17
4.222876870523088e+03 3.945341489812957e-16 2.129722811758547e-17
4.223849335811159e+03 4.322412855098409e-16 2.213306159524815e-17
4.224822025043415e+03 4.178810597373129e-16 2.178018722688000e-17
4.225794938271435e+03 4.071195249312605e-16 2.184387814479867e-17
4.226768075546794e+03 4.414789470353197e-16 2.263424794762598e-17
4.227741436921095e+03 4.470493601775962e-16 2.250999517381839e-17
4.228715022445939e+03 4.038815391827544e-16 2.193463574099859e-17
4.229688832172943e+03 4.194009090640509e-16 2.198804401678934e-17
4.230662866153744e+03 4.535085666370065e-16 2.257459892708244e-17
4.231637124439977e+03 4.381045539133456e-16 2.251898650951447e-17
4.232611607083303e+03 4.463014791010997e-16 2.267110804955122e-17
4.233586314135381e+03 4.600145176670812e-16 2.293788282210044e-17
4.234561245647898e+03 4.351645425213125e-16 2.252940572349247e-17
4.235536401672533e+03 4.229362702992226e-16 2.230542184439467e-17
4.236511782260998e+03 4.370299435561805e-16 2.245434242484030e-17
4.237487387464998e+03 4.185862765251873e-16 2.218454625371585e-17
4.238463217336267e+03 3.800015616268163e-16 2.139145439193662e-17
4.239439271926534e+03 4.010631652798650e-16 2.133424395254966e-17
4.240415551287557e+03 4.008705561866621e-16 2.135645579833392e-17
4.241392055471089e+03 4.093464657530990e-16 2.164692233565186e-17
4.242368784528911e+03 4.321555486853694e-16 2.217676318493248e-17
4.243345738512800e+03 4.389792716564258e-16 2.228705595979291e-17
4.244322917474562e+03 4.537395480631175e-16 2.248519401041342e-17
4.245300321465998e+03 3.943404720792917e-16 2.148991621336901e-17
4.246277950538936e+03 4.509785571134063e-16 2.249028899935490e-17
4.247255804745205e+03 3.884399509784265e-16 2.164313417715599e-17
4.248233884136646e+03 4.401885312316424e-16 2.232051766304663e-17
4.249212188765126e+03 4.220192764030004e-16 2.187587758250598e-17
4.250190718682502e+03 4.088662503154886e-16 2.164341355491475e-17
4.251169473940665e+03 4.260249444838928e-16 2.166564288987032e-17
4.252148454591498e+03 3.973641668141586e-16 2.138532863046047e-17
4.253127660686916e+03 3.869641091209510e-16 2.135455367821591e-17
4.254107092278826e+03 4.285261604966041e-16 2.227766391787111e-17
4.255086749419164e+03 4.315726707774866e-16 2.239214415054805e-17
4.256066632159863e+03 4.181837391836848e-16 2.250236455233212e-17
4.257046740552883e+03 4.361490775926857e-16 2.278180958356324e-17
4.258027074650181e+03 4.690285738550201e-16 2.328569883032675e-17
4.259007634503741e+03 4.072019790890698e-16 2.190898285057457e-17
4.259988420165544e+03 4.140821152644510e-16 2.140462962630950e-17
4.260969431687597e+03 4.325876047392880e-16 2.153734137332192e-17
4.261950669121904e+03 4.001329963658280e-16 2.137145551563126e-17
4.262932132520498e+03 3.858622865678896e-16 2.130969520397537e-17
4.263913821935409e+03 4.109972990352375e-16 2.168807992639949e-17
4.264895737418690e+03 4.123666703049897e-16 2.153204300172894e-17
4.265877879022394e+03 3.936443058988033e-16 2.116292655356786e-17
4.266860246798604e+03 4.057397566533448e-16 2.115326701315236e-17
4.267842840799395e+03 4.097871637943640e-16 2.097014793427664e-17
4.268825661076864e+03 4.088271459789118e-16 2.099770456820808e-17
4.269808707683124e+03 3.950406660617125e-16 2.071745091460474e-17
4.270791980670288e+03 4.192126552628181e-16 2.114317700907446e-17
4.271775480090497e+03 4.085550786511321e-16 2.099766114739828e-17
4.272759205995886e+03 4.267195351242113e-16 2.133854024778717e-17
4.273743158438620e+03 4.096358500774372e-16 2.102994651759112e-17
4.274727337470858e+03 3.982822561820959e-16 2.065353848637917e-17
4.275711743144790e+03 3.806562763746935e-16 2.042919544610743e-17
4.276696375512598e+03 3.730714393308610e-16 2.034589075902822e-17
4.277681234626497e+03 3.930481821804207e-16 2.073681588558179e-17
4.278666320538692e+03 3.932453778457425e-16 2.091328985430653e-17
4.279651633301422e+03 4.089061630133611e-16 2.132050486389697e-17
4.280637172966917e+03 4.272121357280647e-16 2.164380271408461e-17
4.281622939587439e+03 4.285926356646798e-16 2.137850155695001e-17
4.282608933215243e+03 3.971404130049969e-16 2.067911836289040e-17
4.283595153902615e+03 3.996736321293595e-16 2.096664807649082e-17
4.284581601701834e+03 4.062074741993059e-16 2.137815430919759e-17
4.285568276665210e+03 4.215136085749520e-16 2.147394234248648e-17
4.286555178845045e+03 4.167317584236505e-16 2.134591466418178e-17
4.287542308293674e+03 4.275147644480323e-16 2.123240774730424e-17
4.288529665063428e+03 4.251231800686235e-16 2.114236812499079e-17
4.289517249206652e+03 3.940751907908432e-16 2.071444307312264e-17
4.290505060775716e+03 4.059320322012423e-16 2.093002906258513e-17
4.291493099822983e+03 4.019667065794990e-16 2.075864232128167e-17
4.292481366400848e+03 3.711781285172633e-16 2.014872034410608e-17
4.293469860561697e+03 3.835450524152872e-16 2.074016097107810e-17
4.294458582357949e+03 4.123417695343363e-16 2.130421174103074e-17
4.295447531842015e+03 3.894270028741824e-16 2.100187983038897e-17
4.296436709066340e+03 4.001016361585357e-16 2.077461730872233e-17
4.297426114083357e+03 3.756263522491993e-16 2.046524714809851e-17
4.298415746945534e+03 3.957748583345345e-16 2.058781351811680e-17
4.299405607705330e+03 4.090343579415167e-16 2.082402360630302e-17
4.300395696415237e+03 4.165590598932878e-16 2.092234499423815e-17
4.301386013127738e+03 4.286502739469424e-16 2.103628919514922e-17
4.302376557895348e+03 3.792235938190290e-16 2.029222797065853e-17
4.303367330770578e+03 3.733146135544966e-16 2.010953108864284e-17
4.304358331805963e+03 3.992466157592446e-16 2.053310426947733e-17
4.305349561054037e+03 4.017515780596326e-16 2.062992377001342e-17
4.306341018567365e+03 3.804364706214312e-16 2.010068891545642e-17
4.307332704398505e+03 3.574599570911144e-16 1.960537217283133e-17
4.308324618600035e+03 3.503500638694613e-16 1.977092216547032e-17
4.309316761224552e+03 4.041353109150668e-16 2.083492208427241e-17
4.310309132324647e+03 3.929455559904465e-16 2.109822812851565e-17
4.311301731952948e+03 3.880299560050806e-16 2.118042464220629e-17
4.312294560162071e+03 3.906056713137998e-16 2.093304069972275e-17
4.313287617004663e+03 3.960434491375442e-16 2.093136181445090e-17
4.314280902533365e+03 4.199541274804169e-16 2.113701563942633e-17
4.315274416800850e+03 3.728279309699818e-16 2.014833378899448e-17
4.316268159859786e+03 4.118570180355187e-16 2.077745321366983e-17
4.317262131762866e+03 3.788066561157052e-16 2.034365289228581e-17
4.318256332562783e+03 4.035412861823372e-16 2.124959780203726e-17
4.319250762312256e+03 4.279918143196327e-16 2.210743211507898e-17
4.320245421064000e+03 3.961598936012470e-16 2.159687695987041e-17
4.321240308870760e+03 3.899605599700907e-16 2.115859197541900e-17
4.322235425785275e+03 3.902705027235059e-16 2.098933915455845e-17
4.323230771860313e+03 3.853897876084592e-16 2.068593004336527e-17
4.324226347148639e+03 4.026615239456304e-16 2.056575540573848e-17
4.325222151703046e+03 3.856695216603258e-16 2.020167777702862e-17
4.326218185576319e+03 3.533361458573647e-16 1.969444767075027e-17
4.327214448821280e+03 4.080896147275983e-16 2.074915272906607e-17
4.328210941490742e+03 4.028011541585540e-16 2.118333613219554e-17
4.329207663637534e+03 4.186878190948685e-16 2.174395966372511e-17
4.330204615314512e+03 3.540308413856066e-16 2.023326039099530e-17
4.331201796574524e+03 3.950475654226689e-16 2.037972145148777e-17
4.332199207470445e+03 3.842104123264387e-16 2.003991462597588e-17
4.333196848055152e+03 3.739435142721739e-16 2.014751699931439e-17
4.334194718381546e+03 3.732551260100729e-16 1.993719168340039e-17
4.335192818502525e+03 3.708733860553457e-16 2.016059415911954e-17
4.336191148471015e+03 3.708811160700291e-16 2.083451124220305e-17
4.337189708339939e+03 3.843226709679186e-16 2.277184306192542e-17
4.338188498162247e+03 3.700089328792564e-16 2.498470831729676e-17
4.339187517990886e+03 6.832867616066077e-16 2.947483152732974e-17
4.340186767878830e+03 1.937819681295331e-15 4.874062497198130e-17
4.341186247879053e+03 3.244804183039712e-15 7.062158995753449e-17
4.342185958044552e+03 3.012055506265241e-15 6.613745477495201e-17
4.343185898428323e+03 1.514945656096026e-15 3.976970899353171e-17
4.344186069083391e+03 5.645832505587892e-16 2.354204235464565e-17
4.345186470062774e+03 3.569989690548927e-16 2.038709872783225e-17
4.346187101419521e+03 3.583997607251870e-16 2.007449390426554e-17
4.347187963206682e+03 3.690826044605131e-16 1.996097346287768e-17
4.348189055477316e+03 3.476493605585062e-16 1.990340310770903e-17
4.349190378284508e+03 3.339135720296521e-16 1.938208563441109e-17
4.350191931681341e+03 3.791926640548722e-16 2.001112656168173e-17
4.351193715720921e+03 3.954526716753934e-16 2.037692977805922e-17
4.352195730456356e+03 3.601783352942489e-16 2.014987738605580e-17
4.353197975940780e+03 4.468547944041801e-16 2.145141140125583e-17
4.354200452227322e+03 4.141852190675743e-16 2.101902627474576e-17
4.355203159369140e+03 3.804019272748695e-16 2.038852674016615e-17
4.356206097419389e+03 3.903338794749418e-16 2.017568486027068e-17
4.357209266431252e+03 3.615318032827551e-16 1.948165389183422e-17
4.358212666457908e+03 3.588316725072897e-16 1.971601023590280e-17
4.359216297552563e+03 4.297601074359989e-16 2.058307261096132e-17
4.360220159768423e+03 4.044491415124472e-16 2.055102743531263e-17
4.361224253158717e+03 3.927695456051894e-16 2.060987959099853e-17
4.362228577776676e+03 4.702929100463868e-16 2.209903793257753e-17
4.363233133675553e+03 6.027732446105474e-16 2.427465519293415e-17
4.364237920908603e+03 6.989642725442862e-16 2.579527082554496e-17
4.365242939529106e+03 6.123093595760804e-16 2.399261034551088e-17
4.366248189590338e+03 4.397587437354052e-16 2.094233055827338e-17
4.367253671145606e+03 3.704008580905264e-16 1.941329141721126e-17
4.368259384248215e+03 4.059160094416063e-16 1.978651644822717e-17
4.369265328951482e+03 3.798843381034275e-16 1.962157425439810e-17
4.370271505308750e+03 3.901270010442832e-16 1.997442408057809e-17
4.371277913373357e+03 3.971603905992841e-16 1.987513025446909e-17
4.372284553198671e+03 3.810480244662322e-16 1.977678865910657e-17
4.373291424838055e+03 4.074639774289104e-16 2.018681907957345e-17
4.374298528344899e+03 3.843508389528307e-16 1.999464879823912e-17
4.375305863772589e+03 3.506165508701331e-16 1.998950977711010e-17
4.376313431174545e+03 3.760846705545146e-16 2.076150141680608e-17
4.377321230604177e+03 3.906671422906709e-16 2.097779198113547e-17
4.378329262114925e+03 3.867543662577073e-16 2.053359427500763e-17
4.379337525760226e+03 3.764258857576149e-16 1.948346385248760e-17
4.380346021593547e+03 3.996157443944563e-16 1.993101905528189e-17
4.381354749668347e+03 3.677228720171901e-16 1.968216053114397e-17
4.382363710038117e+03 4.098557750462129e-16 2.050544536872065e-17
4.383372902756342e+03 3.505800501262114e-16 1.983823794541836e-17
4.384382327876539e+03 3.798920530510805e-16 2.003122958935116e-17
4.385391985452215e+03 3.873723812703784e-16 1.979355314162007e-17
4.386401875536912e+03 3.691480955928508e-16 1.955809583736241e-17
4.387411998184168e+03 3.688923090682871e-16 1.983731855730014e-17
4.388422353447534e+03 3.656783897755230e-16 2.023577175907578e-17
4.389432941380587e+03 3.725750575463559e-16 2.045123548715361e-17
4.390443762036900e+03 3.835028299920153e-16 2.035035740349153e-17
4.391454815470072e+03 3.652921369425870e-16 1.964133700737229e-17
4.392466101733702e+03 3.948927819782071e-16 1.964327610418500e-17
4.393477620881414e+03 3.872513419579461e-16 1.938987213339312e-17
4.394489372966829e+03 3.595283243195635e-16 1.908905203568796e-17
4.395501358043599e+03 3.728559966345811e-16 1.974704825669761e-17
4.396513576165369e+03 3.715855203555200e-16 1.998951195760643e-17
4.397526027385814e+03 3.598451570299556e-16 2.002566759575681e-17
4.398538711758606e+03 3.727313524091134e-16 1.981494380621191e-17
4.399551629337443e+03 3.590189878385481e-16 1.934329670996729e-17
4.400564780176023e+03 3.722386010003221e-16 1.934064137873021e-17
4.401578164328069e+03 3.830546415031583e-16 1.962710277991801e-17
4.402591781847301e+03 3.711451925783303e-16 1.950790043478858e-17
4.403605632787468e+03 3.768221831306673e-16 1.968569499883427e-17
4.404619717202316e+03 3.752001662727156e-16 1.968079568366628e-17
4.405634035145619e+03 3.895590963054508e-16 1.942956967962544e-17
4.406648586671147e+03 4.108096346475352e-16 1.986145078260624e-17
4.407663371832698e+03 3.851531410565695e-16 1.927413174419023e-17
4.408678390684070e+03 3.673214234215126e-16 1.907541943633157e-17
4.409693643279076e+03 3.741522889482540e-16 1.905362954001435e-17
4.410709129671552e+03 3.487389048632278e-16 1.879697444188341e-17
4.411724849915328e+03 3.328683114399378e-16 1.885490270346530e-17
4.412740804064266e+03 3.899467551459847e-16 1.975975394289334e-17
4.413756992172222e+03 3.810432619059451e-16 1.998247114871826e-17
4.414773414293082e+03 3.612703807138978e-16 1.962871259340791e-17
4.415790070480727e+03 3.633638667475551e-16 1.951908674886777e-17
4.416806960789067e+03 3.459535194542506e-16 1.908739945311712e-17
4.417824085272008e+03 3.382940327355720e-16 1.862074824931980e-17
4.418841443983488e+03 3.364580080060749e-16 1.846664311325291e-17
4.419859036977435e+03 3.730601896561134e-16 1.900020777929076e-17
4.420876864307810e+03 3.732644418134807e-16 1.912022975982660e-17
4.421894926028568e+03 3.433541807624484e-16 1.881741774507078e-17
4.422913222193696e+03 4.073690720699273e-16 1.986716691466507e-17
4.423931752857172e+03 3.788260477929824e-16 2.002224830054821e-17
4.424950518073008e+03 3.651681259078449e-16 1.987808150233025e-17
4.425969517895209e+03 3.233831316704745e-16 1.900572630343734e-17
4.426988752377810e+03 3.641475810798969e-16 1.891774599916069e-17
4.428008221574839e+03 3.772345393593396e-16 1.920352076571028e-17
4.429027925540358e+03 3.785662206811872e-16 1.922353929697845e-17
4.430047864328427e+03 3.774404647850827e-16 1.901221238129170e-17
4.431068037993116e+03 3.468841378626868e-16 1.852422231875729e-17
4.432088446588524e+03 3.875550335491230e-16 1.898157304173528e-17
4.433109090168741e+03 3.921780684855549e-16 1.899935323061928e-17
4.434129968787892e+03 3.478691494187796e-16 1.806854578582109e-17
4.435151082500091e+03 3.722369032347992e-16 1.873093837975185e-17
4.436172431359488e+03 3.535477052556641e-16 1.885521786382739e-17
4.437194015420224e+03 3.861280058632500e-16 1.967481610851180e-17
4.438215834736470e+03 3.643272091238692e-16 1.938301421264364e-17
4.439237889362395e+03 3.804195831399200e-16 1.914246614202249e-17
4.440260179352194e+03 3.506995636624861e-16 1.852024300156873e-17
4.441282704760061e+03 3.472353441377285e-16 1.833637291718629e-17
4.442305465640218e+03 3.707950351446434e-16 1.848913312204252e-17
4.443328462046880e+03 3.608691933350239e-16 1.849222290156721e-17
4.444351694034296e+03 3.492499001376242e-16 1.835559400335405e-17
4.445375161656708e+03 3.773038162613763e-16 1.883091953022007e-17
4.446398864968385e+03 3.918678813319652e-16 1.904881748477416e-17
4.447422804023598e+03 3.677718026174601e-16 1.857042263942701e-17
4.448446978876641e+03 3.831374988640693e-16 1.889732274032273e-17
4.449471389581811e+03 3.544114045868939e-16 1.857908741406958e-17
4.450496036193418e+03 3.982251179751782e-16 1.943448419427572e-17
4.451520918765795e+03 3.499284822065003e-16 1.879762100165527e-17
4.452546037353272e+03 3.560724885380621e-16 1.885225138235469e-17
4.453571392010210e+03 3.576181313438258e-16 1.883211123788041e-17
4.454596982790961e+03 3.840044380326587e-16 1.886231346967415e-17
4.455622809749912e+03 3.669905304466214e-16 1.839448212500293e-17
4.456648872941440e+03 3.420152029434172e-16 1.807407732631208e-17
4.457675172419956e+03 3.647114045130741e-16 1.811779532194546e-17
4.458701708239863e+03 3.823981057349717e-16 1.846539682652617e-17
4.459728480455598e+03 3.698805765235840e-16 1.835673697871196e-17
4.460755489121591e+03 3.710533794190026e-16 1.824172039900054e-17
4.461782734292299e+03 3.595507542935592e-16 1.832104738317414e-17
4.462810216022179e+03 3.614394530010978e-16 1.847733895869408e-17
4.463837934365714e+03 3.571884413266877e-16 1.842584564657491e-17
4.464865889377386e+03 3.479534212436624e-16 1.823339800107183e-17
4.465894081111704e+03 3.807517840299464e-16 1.844329555629804e-17
4.466922509623171e+03 3.455798052595006e-16 1.777404758782147e-17
4.467951174966325e+03 3.472488642618953e-16 1.788434269959263e-17
4.468980077195698e+03 3.700882284010569e-16 1.809443153681931e-17
4.470009216365838e+03 3.482346292557457e-16 1.811988195723358e-17
4.471038592531318e+03 4.256339142427067e-16 1.943979663034161e-17
4.472068205746705e+03 5.596368789633140e-16 2.225190910968064e-17
4.473098056066597e+03 5.575335397045269e-16 2.222968476344501e-17
4.474128143545587e+03 4.302990863602294e-16 1.999251266754884e-17
4.475158468238298e+03 3.568020627109542e-16 1.836222279603294e-17
4.476189030199348e+03 3.655453714586572e-16 1.831759142247367e-17
4.477219829483385e+03 3.734811494845162e-16 1.864419242820447e-17
4.478250866145052e+03 3.718877001837893e-16 1.848780090858944e-17
4.479282140239023e+03 3.307605207593364e-16 1.772360616454256e-17
4.480313651819965e+03 3.618366329921291e-16 1.812380000475291e-17
4.481345400942579e+03 3.317314226867584e-16 1.777152528156042e-17
4.482377387661555e+03 3.631126920342962e-16 1.818456341976161e-17
4.483409612031619e+03 3.410320012128267e-16 1.798260767908475e-17
4.484442074107489e+03 3.517044130455341e-16 1.791213448187927e-17
4.485474773943915e+03 3.389932318328358e-16 1.781431207482518e-17
4.486507711595639e+03 3.302486255485451e-16 1.765419954350668e-17
4.487540887117436e+03 3.595384567688617e-16 1.848796402615432e-17
4.488574300564076e+03 3.680458908909656e-16 1.861652333920282e-17
4.489607951990357e+03 3.517707554461930e-16 1.813924242999300e-17
4.490641841451074e+03 3.330717971982239e-16 1.774884312982533e-17
4.491675969001051e+03 3.313873324098006e-16 1.732509896216900e-17
4.492710334695113e+03 3.519668182841589e-16 1.787641749730604e-17
4.493744938588095e+03 3.347536715951012e-16 1.754106390494956e-17
4.494779780734862e+03 3.618825068317425e-16 1.806222663853593e-17
4.495814861190267e+03 3.800329038922131e-16 1.808769437800561e-17
4.496850180009204e+03 3.591215676050955e-16 1.757648636571884e-17
4.497885737246551e+03 3.336641008383828e-16 1.742032791090188e-17
4.498921532957222e+03 3.258846947328050e-16 1.741954491676083e-17
4.499957567196126e+03 3.209413800183083e-16 1.746489320532853e-17
4.500993840018200e+03 3.224264828543559e-16 1.732315078903099e-17
4.502030351478377e+03 3.344537326003532e-16 1.744396944544216e-17
4.503067101631625e+03 3.415739598166921e-16 1.766873974858929e-17
4.504104090532895e+03 3.358441439837744e-16 1.738278062138398e-17
4.505141318237183e+03 3.508123277074423e-16 1.758928881436692e-17
4.506178784799469e+03 3.785513910229838e-16 1.798763889130392e-17
4.507216490274769e+03 3.327507005624600e-16 1.742389277809672e-17
4.508254434718091e+03 3.496018781753211e-16 1.789235424174943e-17
4.509292618184477e+03 3.407684839381458e-16 1.765509024711325e-17
4.510331040728957e+03 3.249829024215608e-16 1.794985412904014e-17
4.511369702406600e+03 3.247312892093827e-16 1.785074722965570e-17
4.512408603272469e+03 3.131450791957495e-16 1.736481658342056e-17
4.513447743381641e+03 3.260049883995700e-16 1.726447948069675e-17
4.514487122789219e+03 3.627376214913709e-16 1.758984714530663e-17
4.515526741550301e+03 3.564950228885684e-16 1.780915634775810e-17
4.516566599720017e+03 3.436530235868755e-16 1.766062250697563e-17
4.517606697353487e+03 3.443879668348720e-16 1.788182795793241e-17
4.518647034505868e+03 3.451482663761332e-16 1.765096311256961e-17
4.519687611232305e+03 3.502039438154821e-16 1.751187275158297e-17
4.520728427587982e+03 3.538687531158919e-16 1.735157428625985e-17
4.521769483628070e+03 3.523371897763168e-16 1.751945682811911e-17
4.522810779407774e+03 3.277326056720004e-16 1.720046158177055e-17
4.523852314982293e+03 3.469025206226315e-16 1.760762377004739e-17
4.524894090406860e+03 3.439775412878785e-16 1.750941547015753e-17
4.525936105736697e+03 3.275335029955342e-16 1.733680436640370e-17
4.526978361027060e+03 3.650191638615370e-16 1.786941148063827e-17
4.528020856333200e+03 3.473527371999687e-16 1.780417531159208e-17
4.529063591710398e+03 3.453685425494936e-16 1.784552168491365e-17
4.530106567213929e+03 3.569110014773418e-16 1.834306954424691e-17
4.531149782899101e+03 3.465379631435977e-16 1.847296105304546e-17
4.532193238821217e+03 3.532676691240497e-16 1.847712139515929e-17
4.533236935035599e+03 3.634265310912085e-16 1.804592843974347e-17
4.534280871597589e+03 3.396084850610895e-16 1.730931706162022e-17
4.535325048562528e+03 3.171608538417967e-16 1.669597056606929e-17
4.536369465985786e+03 3.300128636716254e-16 1.704318433204098e-17
4.537414123922727e+03 3.358756503132601e-16 1.720274894528767e-17
4.538459022428746e+03 3.243511153638275e-16 1.713927423486508e-17
4.539504161559236e+03 3.039466032292310e-16 1.719265529903583e-17
4.540549541369617e+03 3.687936509424536e-16 1.820230585628335e-17
4.541595161915305e+03 3.520625519009885e-16 1.789703784803455e-17
4.542641023251746e+03 3.192742357166399e-16 1.697717682936730e-17
4.543687125434383e+03 3.127795623721088e-16 1.661581876789718e-17
4.544733468518687e+03 3.246138660058216e-16 1.680804223914402e-17
4.545780052560125e+03 3.151582105852156e-16 1.696730118258243e-17
4.546826877614196e+03 3.118809748728188e-16 1.699225057360577e-17
4.547873943736392e+03 3.271469662351930e-16 1.711489011798812e-17
4.548921250982235e+03 3.392065624828439e-16 1.768061190347770e-17
4.549968799407246e+03 3.503156216438573e-16 1.853983495788466e-17
4.551016589066971e+03 3.649831848035878e-16 1.839079640917025e-17
4.552064620016956e+03 3.580148837345507e-16 1.717002662795995e-17
4.553112892312774e+03 3.481899383910889e-16 1.702709490162543e-17
4.554161406010000e+03 3.665187643791639e-16 1.758983043195124e-17
4.555210161164220e+03 3.221910235232134e-16 1.713718077778130e-17
4.556259157831048e+03 3.323192859854040e-16 1.726002282613958e-17
4.557308396066089e+03 3.497050746860334e-16 1.752930445939089e-17
4.558357875924984e+03 3.371682282615360e-16 1.754343960566907e-17
4.559407597463365e+03 3.562682041614381e-16 1.777873042544306e-17
4.560457560736899e+03 3.472658700597143e-16 1.744848448101950e-17
4.561507765801241e+03 3.221632212740384e-16 1.696388436720589e-17
4.562558212712082e+03 3.308170155149408e-16 1.685640632949485e-17
4.563608901525109e+03 3.381551392856289e-16 1.700030239132405e-17
4.564659832296034e+03 3.419382829217128e-16 1.687396328241376e-17
4.565711005080570e+03 3.402810989856234e-16 1.689711025037574e-17
4.566762419934457e+03 3.285909837824517e-16 1.677300039041296e-17
4.567814076913431e+03 3.209029604539617e-16 1.667642425125946e-17
4.568865976073259e+03 3.153971877937613e-16 1.679419528119680e-17
4.569918117469702e+03 3.171088100850921e-16 1.706457830496062e-17
4.570970501158554e+03 3.480559239314755e-16 1.786575028983188e-17
4.572023127195599e+03 3.540957460819020e-16 1.831592967101008e-17
4.573075995636659e+03 3.442760191333010e-16 1.813376015186900e-17
4.574129106537544e+03 3.437864503178224e-16 1.797296523502221e-17
4.575182459954101e+03 3.415889278879637e-16 1.754155972426677e-17
4.576236055942171e+03 3.350474228358619e-16 1.686109324707342e-17
4.577289894557611e+03 3.344116870373786e-16 1.685756824415496e-17
4.578343975856302e+03 3.078361394890102e-16 1.668098893740792e-17
4.579398299894122e+03 3.246422153176776e-16 1.731098984123576e-17
4.580452866726981e+03 3.052736267883258e-16 1.712613448692916e-17
4.581507676410779e+03 2.971243584450954e-16 1.698967866713182e-17
4.582562729001452e+03 3.404278429048327e-16 1.718490126355141e-17
4.583618024554929e+03 3.472983853387021e-16 1.690219848338544e-17
4.584673563127168e+03 3.124643917004810e-16 1.623863719546810e-17
4.585729344774125e+03 3.056567200620235e-16 1.625039447604797e-17
4.586785369551785e+03 3.278197241700538e-16 1.673098051465465e-17
4.587841637516128e+03 3.538278398976441e-16 1.762191700330924e-17
4.588898148723168e+03 3.220324500859864e-16 1.721538635797139e-17
4.589954903228906e+03 3.181334825512679e-16 1.714827403050096e-17
4.591011901089383e+03 3.223153125939211e-16 1.676788134738880e-17
4.592069142360629e+03 3.327841521728578e-16 1.664915852197860e-17
4.593126627098709e+03 3.174634232814758e-16 1.672108607968211e-17
4.594184355359678e+03 3.354405117043416e-16 1.694108351607601e-17
4.595242327199628e+03 3.347005166741447e-16 1.712420446936043e-17
4.596300542674644e+03 3.215117441778863e-16 1.688019735389516e-17
4.597359001840828e+03 3.206896430716859e-16 1.689575936352466e-17
4.598417704754307e+03 3.289359346681426e-16 1.705567304463013e-17
4.599476651471206e+03 3.028967506242171e-16 1.645420761513135e-17
4.600535842047675e+03 3.083027732795284e-16 1.630450803784620e-17
4.601595276539863e+03 3.150741596811344e-16 1.658999589317127e-17
4.602654955003951e+03 3.110006272603211e-16 1.664020222396563e-17
4.603714877496111e+03 3.377974273962857e-16 1.701159326993724e-17
4.604775044072548e+03 3.281116911718195e-16 1.677644278993491e-17
4.605835454789463e+03 3.390398973711942e-16 1.676706067530897e-17
4.606896109703087e+03 3.136205105894887e-16 1.621480800080623e-17
4.607957008869646e+03 3.285578871097774e-16 1.661666276038936e-17
4.609018152345395e+03 3.509980170463055e-16 1.721985303660114e-17
4.610079540186586e+03 3.349364736513619e-16 1.723429101928560e-17
4.611141172449505e+03 3.389363603420939e-16 1.718136890513528e-17
4.612203049190425e+03 3.397456172261193e-16 1.696236645741272e-17
4.613265170465658e+03 3.251169639817025e-16 1.677846891553683e-17
4.614327536331506e+03 3.350274953892044e-16 1.674177390272038e-17
4.615390146844305e+03 3.547818533257140e-16 1.707480814320830e-17
4.616453002060388e+03 3.552451751968555e-16 1.740740023345548e-17
4.617516102036102e+03 3.289687939978708e-16 1.725047822920934e-17
4.618579446827819e+03 3.320583956318138e-16 1.701468490235222e-17
4.619643036491911e+03 3.450813195573041e-16 1.705770361413266e-17
4.620706871084774e+03 3.167725554186068e-16 1.648247047834930e-17
4.621770950662804e+03 3.154077540232136e-16 1.638178712970077e-17
4.622835275282428e+03 3.403193716435133e-16 1.681159632748812e-17
4.623899845000063e+03 3.073619319768907e-16 1.618939988322553e-17
4.624964659872162e+03 3.431206400392274e-16 1.654865152019879e-17
4.626029719955172e+03 3.618829145976846e-16 1.680539219988677e-17
4.627095025305570e+03 3.085882879406193e-16 1.618677653288095e-17
4.628160575979829e+03 3.396241440863645e-16 1.758029955411371e-17
4.629226372034451e+03 3.455530503632314e-16 1.788932347805147e-17
4.630292413525935e+03 3.084860696846914e-16 1.674646668424918e-17
4.631358700510810e+03 3.103535886624531e-16 1.613607552017710e-17
4.632425233045602e+03 3.378938074764998e-16 1.639664960885651e-17
4.633492011186865e+03 3.444389636249977e-16 1.663416781488477e-17
4.634559034991151e+03 3.296400424075127e-16 1.682847217382141e-17
4.635626304515039e+03 3.292099763938336e-16 1.720057278565792e-17
4.636693819815107e+03 3.261951038335607e-16 1.703353977265273e-17
4.637761580947964e+03 3.221810532605102e-16 1.670403711495528e-17
4.638829587970210e+03 3.398109189220864e-16 1.716071927705635e-17
4.639897840938480e+03 3.491957202914294e-16 1.741208079667391e-17
4.640966339909408e+03 3.472019280041430e-16 1.742157363678916e-17
4.642035084939639e+03 3.525306814838041e-16 1.725370113244704e-17
4.643104076085845e+03 3.232057295010574e-16 1.656721516993531e-17
4.644173313404696e+03 3.614967478545776e-16 1.704103730043697e-17
4.645242796952890e+03 3.196717745423776e-16 1.614396752940142e-17
4.646312526787119e+03 3.187661441379292e-16 1.618133977595604e-17
4.647382502964111e+03 3.184827174247017e-16 1.645515053402025e-17
4.648452725540584e+03 3.354357125827445e-16 1.701220294196156e-17
4.649523194573290e+03 3.321095362700899e-16 1.733145019156884e-17
4.650593910118975e+03 3.301903708023621e-16 1.718055605657838e-17
4.651664872234417e+03 3.261677291592413e-16 1.706042501044421e-17
4.652736080976387e+03 3.328386085970637e-16 1.712780256759044e-17
4.653807536401689e+03 3.266830356334538e-16 1.685938639633294e-17
4.654879238567120e+03 3.532971689320398e-16 1.697465698255707e-17
4.655951187529513e+03 3.668427135838515e-16 1.690716691419774e-17
4.657023383345690e+03 3.215081630230363e-16 1.627649389850701e-17
4.658095826072506e+03 3.141799923661303e-16 1.612844990983398e-17
4.659168515766815e+03 3.503315873755891e-16 1.666586984962222e-17
4.660241452485497e+03 3.544502520050393e-16 1.678180851901431e-17
4.661314636285434e+03 3.450154343472566e-16 1.648300042628957e-17
4.662388067223519e+03 2.993086134806164e-16 1.617938441975825e-17
4.663461745356674e+03 3.622464415173132e-16 1.716324851892642e-17
4.664535670741817e+03 3.146332336706663e-16 1.608039017229510e-17
4.665609843435894e+03 3.470841924898487e-16 1.643148314406067e-17
4.666684263495848e+03 3.381551391223711e-16 1.633955600293587e-17
4.667758930978652e+03 3.436389021905719e-16 1.663944167635525e-17
4.668833845941273e+03 3.151045053054319e-16 1.663407000702057e-17
4.669909008440716e+03 3.321725994092033e-16 1.674019923115162e-17
4.670984418533972e+03 3.020779569295955e-16 1.594634665051329e-17
4.672060076278069e+03 3.299543844674584e-16 1.607058338761696e-17
4.673135981730026e+03 3.347247661419754e-16 1.630546541520619e-17
4.674212134946898e+03 3.170741709352623e-16 1.632465928650794e-17
4.675288535985731e+03 3.299540083881470e-16 1.676370749653145e-17
4.676365184903604e+03 3.323241157471896e-16 1.655505171247422e-17
4.677442081757592e+03 3.283721580558102e-16 1.620064984576418e-17
4.678519226604799e+03 3.358382693500441e-16 1.646896018784851e-17
4.679596619502323e+03 3.394523446334611e-16 1.664016727680550e-17
4.680674260507300e+03 3.533632842756076e-16 1.725996485500088e-17
4.681752149676857e+03 3.469424392628567e-16 1.725461927067028e-17
4.682830287068139e+03 3.328841768170872e-16 1.661209049964077e-17
4.683908672738316e+03 3.481975558340854e-16 1.665890281078978e-17
4.684987306744557e+03 3.821857484752569e-16 1.722204766927747e-17
4.686066189144057e+03 4.116084013042970e-16 1.782850148702821e-17
4.687145319994008e+03 4.270381466969952e-16 1.822795844042234e-17
4.688224699351634e+03 3.939443197869709e-16 1.768013157917647e-17
4.689304327274152e+03 3.458964745268763e-16 1.660266210494426e-17
4.690384203818814e+03 3.463208961539828e-16 1.653590092459675e-17
4.691464329042865e+03 3.482131646117599e-16 1.629808039725706e-17
4.692544703003579e+03 3.252378413956020e-16 1.619495917588820e-17
4.693625325758228e+03 3.339275437848502e-16 1.665290955752451e-17
4.694706197364117e+03 3.416605701460488e-16 1.720043201822336e-17
4.695787317878540e+03 3.257385256933146e-16 1.722593006354426e-17
4.696868687358829e+03 2.985387001324526e-16 1.655003882704181e-17
4.697950305862306e+03 2.875937361080123e-16 1.565960426723607e-17
4.699032173446327e+03 3.047336229754520e-16 1.556767699423412e-17
4.700114290168242e+03 3.366596552490292e-16 1.601183120547498e-17
4.701196656085435e+03 3.292106331437957e-16 1.603044318137188e-17
4.702279271255280e+03 2.997191772714345e-16 1.568086583220010e-17
4.703362135735188e+03 3.190982367833937e-16 1.592817681698356e-17
4.704445249582564e+03 3.018247233105818e-16 1.584864797213982e-17
4.705528612854831e+03 3.063670889803907e-16 1.594962496514127e-17
4.706612225609436e+03 3.088557031943225e-16 1.623153085549888e-17
4.707696087903822e+03 3.356547879486039e-16 1.686574103614323e-17
4.708780199795463e+03 3.011283940954346e-16 1.657732396943469e-17
4.709864561341830e+03 3.390947973887022e-16 1.676269777873959e-17
4.710949172600423e+03 3.085899787037660e-16 1.629422672755791e-17
4.712034033628736e+03 3.349889273986842e-16 1.628664834842928e-17
4.713119144484301e+03 3.209646527599148e-16 1.571366617083589e-17
4.714204505224635e+03 3.143875495897032e-16 1.550594092227574e-17
4.715290115907294e+03 3.144811716511863e-16 1.559443252029909e-17
4.716375976589829e+03 2.951653978295138e-16 1.543464826903551e-17
4.717462087329817e+03 2.902068283370360e-16 1.531720883423393e-17
4.718548448184836e+03 2.985542470252225e-16 1.578720589107475e-17
4.719635059212491e+03 2.934400176863802e-16 1.576742209334986e-17
4.720721920470384e+03 2.981674642063752e-16 1.621928600747782e-17
4.721809032016150e+03 3.081124706504857e-16 1.613062657253341e-17
4.722896393907416e+03 3.063094271458452e-16 1.605973689636381e-17
4.723984006201842e+03 3.131446588192307e-16 1.576734921498373e-17
4.725071868957084e+03 3.076204852204544e-16 1.594152445327198e-17
4.726159982230827e+03 3.124620649264451e-16 1.591443751862720e-17
4.727248346080759e+03 3.098023586560675e-16 1.577216476496934e-17
4.728336960564577e+03 2.963533632736309e-16 1.536917073208440e-17
4.729425825740009e+03 2.735397233929112e-16 1.483642342523168e-17
4.730514941664777e+03 2.984336792936390e-16 1.519303640347098e-17
4.731604308396632e+03 3.124138259617802e-16 1.547981084569968e-17
4.732693925993322e+03 3.091435551314090e-16 1.547901384465341e-17
4.733783794512629e+03 3.153607179975844e-16 1.566869613885879e-17
4.734873914012326e+03 3.005252148514272e-16 1.534139383820598e-17
4.735964284550220e+03 2.848208166776247e-16 1.498750742370391e-17
4.737054906184110e+03 3.228918161935555e-16 1.548015458993984e-17
4.738145778971832e+03 2.763459574417045e-16 1.507447372429210e-17
4.739236902971210e+03 3.095657913715717e-16 1.536743241717863e-17
4.740328278240106e+03 3.204447357083647e-16 1.580924485674323e-17
4.741419904836374e+03 2.998401695552647e-16 1.547040477707217e-17
4.742511782817901e+03 2.829660807020682e-16 1.524479345079465e-17
4.743603912242566e+03 2.687991341684550e-16 1.491637656885031e-17
4.744696293168284e+03 2.914050597152319e-16 1.532099013713158e-17
4.745788925652961e+03 3.059013837000092e-16 1.571056370947442e-17
4.746881809754536e+03 2.893458311812447e-16 1.551037781132652e-17
4.747974945530950e+03 2.813146367711693e-16 1.510923173755679e-17
4.749068333040155e+03 2.669610167325288e-16 1.432667011961335e-17
4.750161972340130e+03 2.880565209804951e-16 1.480479245460372e-17
4.751255863488849e+03 2.849463063039612e-16 1.479163434824035e-17
4.752350006544319e+03 2.572365113716793e-16 1.456803199633365e-17
4.753444401564539e+03 2.873868223809294e-16 1.495650034249248e-17
4.754539048607545e+03 2.869560872317892e-16 1.484429060270085e-17
4.755633947731363e+03 2.898446728511442e-16 1.490013507845236e-17
4.756729098994054e+03 2.871119201473857e-16 1.497249020601274e-17
4.757824502453671e+03 2.776336031312303e-16 1.487878624099944e-17
4.758920158168301e+03 2.722837624552860e-16 1.507015666395470e-17
4.760016066196026e+03 2.981245807313329e-16 1.527062635112782e-17
4.761112226594958e+03 2.866771008158207e-16 1.492694326108789e-17
4.762208639423206e+03 2.768830559768563e-16 1.468030096858493e-17
4.763305304738909e+03 2.928631436648758e-16 1.477582546891290e-17
4.764402222600203e+03 3.037318641627093e-16 1.506382507639898e-17
4.765499393065255e+03 3.025402356587225e-16 1.517300535273335e-17
4.766596816192225e+03 3.161424323972370e-16 1.541154510887581e-17
4.767694492039307e+03 3.064716466740899e-16 1.530514562765457e-17
4.768792420664695e+03 2.734595799007030e-16 1.498257246118360e-17
4.769890602126594e+03 2.824020337592205e-16 1.497383923711710e-17
4.770989036483238e+03 3.007898157989683e-16 1.569407227990253e-17
4.772087723792857e+03 2.913516614991195e-16 1.558096244970372e-17
4.773186664113711e+03 3.096812803351969e-16 1.604242983362336e-17
4.774285857504055e+03 3.120815098938708e-16 1.582811535952535e-17
4.775385304022176e+03 2.771428380365993e-16 1.492382304508107e-17
4.776485003726356e+03 2.772166101637112e-16 1.457394342261636e-17
4.777584956674910e+03 3.144256377604248e-16 1.506779247816492e-17
4.778685162926147e+03 2.822549602881407e-16 1.474363102554596e-17
4.779785622538409e+03 2.738149491021104e-16 1.451878290012933e-17
4.780886335570030e+03 2.931002557978460e-16 1.481742776894379e-17
4.781987302079380e+03 2.559371374342319e-16 1.434415757411341e-17
4.783088522124821e+03 2.928504275212215e-16 1.483804086124796e-17
4.784189995764747e+03 2.888815656310529e-16 1.519682190011594e-17
4.785291723057549e+03 2.647494098820551e-16 1.532256289960468e-17
4.786393704061648e+03 2.843369414456354e-16 1.580187913690990e-17
4.787495938835462e+03 3.004511328264425e-16 1.572125260254927e-17
4.788598427437437e+03 2.869431935976123e-16 1.517723287161242e-17
4.789701169926018e+03 2.991506131118369e-16 1.502621756836472e-17
4.790804166359681e+03 2.950190297333804e-16 1.490261853676408e-17
4.791907416796896e+03 2.898395188105013e-16 1.490516754310026e-17
4.793010921296166e+03 2.855014089138298e-16 1.478482623685451e-17
4.794114679915991e+03 2.751465251615586e-16 1.484266713325995e-17
4.795218692714890e+03 2.941580415602932e-16 1.545748579160467e-17
4.796322959751404e+03 3.135715597563385e-16 1.566546665781348e-17
4.797427481084069e+03 3.038815003675085e-16 1.538571704465273e-17
4.798532256771458e+03 2.881908512408211e-16 1.511076406412388e-17
4.799637286872135e+03 2.974595566497762e-16 1.523813295877732e-17
4.800742571444695e+03 2.817085959262957e-16 1.507818415652061e-17
4.801848110547732e+03 2.767924016303013e-16 1.501226814058415e-17
4.802953904239869e+03 2.761894850407141e-16 1.471121455901059e-17
4.804059952579725e+03 2.718693221310850e-16 1.465945271846736e-17
4.805166255625951e+03 3.051344469584418e-16 1.538676638129178e-17
4.806272813437191e+03 2.750708390129768e-16 1.534941264329304e-17
4.807379626072126e+03 2.838083033965231e-16 1.553169928513591e-17
4.808486693589425e+03 2.850347908297899e-16 1.537788317870513e-17
4.809594016047796e+03 2.812086888229686e-16 1.522499530101858e-17
4.810701593505939e+03 2.952297742205094e-16 1.529879288735668e-17
4.811809426022583e+03 2.919991580026512e-16 1.542174900603362e-17
4.812917513656456e+03 2.926133832608754e-16 1.541775151021804e-17
4.814025856466319e+03 2.711401231286585e-16 1.492201453063039e-17
4.815134454510929e+03 2.814534743735229e-16 1.507704420617319e-17
4.816243307849058e+03 2.803811225406226e-16 1.542381949895179e-17
4.817352416539504e+03 2.945248212511577e-16 1.564549436036190e-17
4.818461780641064e+03 2.701159139772866e-16 1.549778419785273e-17
4.819571400212565e+03 2.641688381989301e-16 1.516185612103212e-17
4.820681275312827e+03 2.825082182446119e-16 1.517992709552186e-17
4.821791406000704e+03 2.613642183268185e-16 1.495183249297931e-17
4.822901792335046e+03 2.671153895363923e-16 1.536222592889362e-17
4.824012434374731e+03 2.955263895962739e-16 1.622458794090005e-17
4.825123332178638e+03 2.958021994130948e-16 1.625405819718235e-17
4.826234485805672e+03 2.897897281726210e-16 1.578631671976827e-17
4.827345895314738e+03 2.722410127177733e-16 1.510814227513643e-17
4.828457560764772e+03 2.825796344680441e-16 1.528302046701235e-17
4.829569482214702e+03 2.705482735264762e-16 1.516382524398140e-17
4.830681659723490e+03 2.902521762167750e-16 1.549281582372009e-17
4.831794093350095e+03 2.604466168495913e-16 1.531864605938935e-17
4.832906783153506e+03 2.705470443727848e-16 1.571666083303023e-17
4.834019729192705e+03 2.864580865604489e-16 1.598218774695738e-17
4.835132931526712e+03 2.669552347623700e-16 1.535798179729875e-17
4.836246390214541e+03 2.934183268900958e-16 1.576348784239281e-17
4.837360105315223e+03 3.016569262118417e-16 1.558968906215506e-17
4.838474076887815e+03 2.554163097117999e-16 1.483676778651442e-17
4.839588304991369e+03 2.725521397818013e-16 1.488702484166765e-17
4.840702789684969e+03 2.731522897965305e-16 1.502040270459141e-17
4.841817531027696e+03 2.708260416453279e-16 1.526381623084760e-17
4.842932529078660e+03 2.741009303147285e-16 1.556488352102229e-17
4.844047783896969e+03 2.781348175267300e-16 1.566511224167481e-17
4.845163295541763e+03 2.790553059107391e-16 1.533971412177876e-17
4.846279064072173e+03 2.752863314708789e-16 1.511593912678656e-17
4.847395089547367e+03 2.805854767712779e-16 1.499025160432811e-17
4.848511372026507e+03 2.698326801538663e-16 1.488623918800687e-17
4.849627911568786e+03 2.592183079544347e-16 1.459964477231810e-17
4.850744708233391e+03 2.598864892282460e-16 1.458148432767884e-17
4.851861762079545e+03 2.676879030151589e-16 1.495105003467660e-17
4.852979073166461e+03 2.667568773446773e-16 1.531781504518129e-17
4.854096641553389e+03 2.488029576998351e-16 1.548162782261023e-17
4.855214467299573e+03 2.802660941526176e-16 1.621487667109594e-17
4.856332550464286e+03 2.890854744440438e-16 1.580041230254096e-17
4.857450891106799e+03 2.628736064595426e-16 1.483879894204739e-17
4.858569489286415e+03 2.567746667491080e-16 1.486941641764802e-17
4.859688345062436e+03 5.159573229857831e-16 1.908871400800010e-17
4.860807458494178e+03 2.222047669456061e-15 4.564075240566925e-17
4.861926829640985e+03 5.829159570924494e-15 1.073353243898153e-16
4.863046458562195e+03 6.199721344601145e-15 1.148372336840672e-16
4.864166345317179e+03 3.184532403248628e-15 6.111488190522574e-17
4.865286489965303e+03 7.310168706936106e-16 2.302596092895608e-17
4.866406892565965e+03 3.045589872421135e-16 1.596787367552604e-17
4.867527553178558e+03 2.685750932879420e-16 1.501811325104574e-17
4.868648471862510e+03 2.580222466827938e-16 1.467941745585676e-17
4.869769648677238e+03 2.630676998440733e-16 1.452080087477164e-17
4.870891083682198e+03 2.678701951901277e-16 1.455420660102277e-17
4.872012776936836e+03 2.678338651539995e-16 1.460409782563370e-17
4.873134728500634e+03 2.760085327407456e-16 1.457137446446609e-17
4.874256938433066e+03 2.772520971067251e-16 1.464223609373848e-17
4.875379406793641e+03 2.685502194069196e-16 1.471300204135282e-17
4.876502133641860e+03 2.756180051504450e-16 1.498259812012997e-17
4.877625119037260e+03 2.698002033826052e-16 1.507714917155037e-17
4.878748363039370e+03 2.631093012983471e-16 1.480201319526473e-17
4.879871865707753e+03 2.623418853912800e-16 1.445567111103384e-17
4.880995627101968e+03 2.747867004060364e-16 1.455564168701720e-17
4.882119647281604e+03 2.923776933286715e-16 1.454244660286796e-17
4.883243926306249e+03 2.751585884118545e-16 1.443848175858722e-17
4.884368464235507e+03 2.601611713096915e-16 1.401245553232597e-17
4.885493261129012e+03 2.656288786694873e-16 1.420182239124983e-17
4.886618317046388e+03 2.602704006733153e-16 1.437047835860829e-17
4.887743632047294e+03 2.777578995538975e-16 1.459352420506719e-17
4.888869206191383e+03 2.839864439961182e-16 1.475890692679517e-17
4.889995039538343e+03 2.770259009809791e-16 1.450117211205819e-17
4.891121132147854e+03 2.785542385062868e-16 1.446941161372645e-17
4.892247484079629e+03 2.582629924377565e-16 1.434230170644996e-17
4.893374095393378e+03 2.351426889687286e-16 1.412825185884132e-17
4.894500966148840e+03 2.684675117639307e-16 1.458102102745241e-17
4.895628096405755e+03 2.575288804009851e-16 1.454833231089868e-17
4.896755486223888e+03 2.798881634242605e-16 1.484717940911129e-17
4.897883135663004e+03 2.641358678393386e-16 1.456828841740737e-17
4.899011044782900e+03 2.732979733607776e-16 1.466694211197104e-17
4.900139213643366e+03 2.895435725861451e-16 1.507394847042536e-17
4.901267642304227e+03 2.908538383492679e-16 1.514435328543758e-17
4.902396330825300e+03 2.810000575929224e-16 1.508553013227254e-17
4.903525279266437e+03 2.808760861190742e-16 1.503667466845810e-17
4.904654487687490e+03 2.724508494922921e-16 1.489819624426149e-17
4.905783956148322e+03 2.756775050007613e-16 1.510708128552137e-17
4.906913684708828e+03 2.776029850944021e-16 1.510082529965244e-17
4.908043673428894e+03 2.713806191005121e-16 1.458312876413597e-17
4.909173922368441e+03 2.636795691967275e-16 1.414022707944598e-17
4.910304431587384e+03 2.615845241983097e-16 1.403961589583189e-17
4.911435201145669e+03 2.481421142794541e-16 1.378623910435330e-17
4.912566231103242e+03 2.707177573067635e-16 1.412390587960445e-17
4.913697521520077e+03 2.528938568045792e-16 1.383565241079214e-17
4.914829072456145e+03 2.790418615411892e-16 1.420564127987242e-17
4.915960883971447e+03 2.916644882978051e-16 1.444493816606152e-17
4.917092956125984e+03 2.754588512367595e-16 1.435387960364119e-17
4.918225288979785e+03 2.652966094483734e-16 1.434730235608917e-17
4.919357882592876e+03 2.533198534031885e-16 1.419362375936056e-17
4.920490737025316e+03 2.731165471796704e-16 1.456461331248744e-17
4.921623852337157e+03 3.222054530867975e-16 1.816225651947438e-17
4.922757228588486e+03 3.310173884920417e-16 1.835857876929336e-17
4.923890865839384e+03 2.805651051021245e-16 1.506354607368785e-17
4.925024764149965e+03 2.717102046398706e-16 1.446229652688725e-17
4.926158923580338e+03 2.490945316272501e-16 1.390549647185253e-17
4.927293344190643e+03 2.615695557671943e-16 1.422131683353871e-17
4.928428026041021e+03 2.412372145856297e-16 1.410508827214847e-17
4.929562969191629e+03 2.769228098851608e-16 1.474198089474761e-17
4.930698173702648e+03 2.592343561065263e-16 1.453028942748519e-17
4.931833639634257e+03 2.828854115840670e-16 1.464776162446006e-17
4.932969367046667e+03 2.945119532014323e-16 1.460977354426545e-17
4.934105356000083e+03 2.621233675569078e-16 1.414736717402868e-17
4.935241606554743e+03 2.509838484358416e-16 1.380785071161396e-17
4.936378118770882e+03 2.733555143282495e-16 1.412786511184797e-17
4.937514892708764e+03 2.621497002969781e-16 1.387975466966724e-17
4.938651928428651e+03 2.916754823099738e-16 1.448170893560366e-17
4.939789225990839e+03 2.511816621522997e-16 1.398518879398992e-17
4.940926785455613e+03 2.806964362263107e-16 1.453233870382371e-17
4.942064606883298e+03 2.547439718146301e-16 1.442466308039998e-17
4.943202690334208e+03 2.637326868963258e-16 1.434036539046152e-17
4.944341035868695e+03 2.620409615751185e-16 1.408328252546668e-17
4.945479643547102e+03 2.607509258473835e-16 1.364390885731909e-17
4.946618513429807e+03 2.417582416625280e-16 1.354088968243629e-17
4.947757645577181e+03 2.728633793152256e-16 1.425434914246154e-17
4.948897040049632e+03 2.687367749921347e-16 1.429010861858279e-17
4.950036696907557e+03 2.460773330808723e-16 1.378012163068232e-17
4.951176616211389e+03 2.718817955211203e-16 1.403075037507568e-17
4.952316798021563e+03 2.700068143026825e-16 1.411181540184657e-17
4.953457242398523e+03 2.727228336133106e-16 1.435968165981760e-17
4.954597949402746e+03 2.824487964094262e-16 1.454865566279248e-17
4.955738919094700e+03 3.141019004374406e-16 1.521213300730564e-17
4.956880151534888e+03 2.943930665504385e-16 1.829236878992210e-17
4.958021646783807e+03 2.038577814631782e-15 3.235886305102931e-17
4.959163404901989e+03 7.305481360576912e-15 1.101599885977428e-16
4.960305425949958e+03 1.072148136468388e-14 1.828557439043053e-16
4.961447709988272e+03 7.098879331332043e-15 1.051950594292418e-16
4.962590257077484e+03 1.926633565244543e-15 3.073886821339323e-17
4.963733067278184e+03 3.133944428137170e-16 1.757417691571492e-17
4.964876140650947e+03 2.993544959795461e-16 1.492012746464076e-17
4.966019477256392e+03 2.656168940383344e-16 1.456175223140255e-17
4.967163077155125e+03 2.793627108788215e-16 1.460839730800089e-17
4.968306940407790e+03 2.837467679021147e-16 1.462802854486183e-17
4.969451067075023e+03 2.647247059298740e-16 1.447914076996496e-17
4.970595457217494e+03 2.506364306914761e-16 1.419955945990892e-17
4.971740110895868e+03 2.325346069447921e-16 1.373193524582176e-17
4.972885028170844e+03 2.660251634313599e-16 1.433630978925124e-17
4.974030209103118e+03 2.538991201260648e-16 1.366707964208245e-17
4.975175653753401e+03 2.560722301701644e-16 1.361500087174345e-17
4.976321362182435e+03 2.714134904613343e-16 1.362050550101901e-17
4.977467334450953e+03 2.742459644623475e-16 1.386311988396185e-17
4.978613570619725e+03 2.493721159865933e-16 1.355382517856143e-17
4.979760070749510e+03 2.847125762337744e-16 1.444918284590927e-17
4.980906834901108e+03 2.510046077120762e-16 1.395610470578979e-17
4.982053863135307e+03 2.680694395639203e-16 1.403714222416164e-17
4.983201155512931e+03 2.532651245975036e-16 1.367882466887949e-17
4.984348712094799e+03 2.443787533721590e-16 1.316749872245908e-17
4.985496532941765e+03 2.517686485804470e-16 1.331425231890534e-17
4.986644618114672e+03 3.124008978945681e-16 1.434521386469755e-17
4.987792967674402e+03 2.620394371303339e-16 1.354740636404318e-17
4.988941581681830e+03 2.950337758341380e-16 1.415663747889811e-17
4.990090460197864e+03 2.419262585182319e-16 1.324735534967900e-17
4.991239603283405e+03 2.445427571000621e-16 1.335058415937921e-17
4.992389010999392e+03 2.724224989310272e-16 1.410937062225586e-17
4.993538683406751e+03 2.709363420479949e-16 1.429899151707603e-17
4.994688620566451e+03 2.575758579206301e-16 1.412138022971035e-17
4.995838822539455e+03 2.647621238084782e-16 1.406725626461934e-17
4.996989289386737e+03 2.402819776543835e-16 1.353708621661804e-17
4.998140021169307e+03 2.740489079601242e-16 1.390603104638904e-17
4.999291017948164e+03 2.700140170041378e-16 1.394009859335293e-17
5.000442279784344e+03 2.672995334060510e-16 1.375677400911250e-17
5.001593806738874e+03 2.424543240219377e-16 1.347616958848904e-17
5.002745598872819e+03 2.563114143238174e-16 1.402028049258621e-17
5.003897656247233e+03 3.758581648759286e-16 1.600743854889605e-17
5.005049978923209e+03 6.315704860211019e-16 3.163594734894261e-17
5.006202566961832e+03 8.300231089627354e-15 9.033653831127842e-17
5.007355420424221e+03 2.548239837005409e-14 3.688915593458191e-16
5.008508539371487e+03 3.132844079196657e-14 5.076237547014653e-16
5.009661923864780e+03 1.668556694819369e-14 2.078563677735627e-16
5.010815573965238e+03 3.237163071352192e-15 4.237016224403518e-17
5.011969489734041e+03 3.122438651751097e-16 2.072401811142736e-17
5.013123671232354e+03 2.995077199799939e-16 1.407374630562157e-17
5.014278118521383e+03 2.849913677902376e-16 1.394382609575075e-17
5.015432831662326e+03 3.103643636078835e-16 1.472797985202651e-17
5.016587810716414e+03 3.735434174419122e-16 1.587852058557225e-17
5.017743055744871e+03 3.793157101218123e-16 1.609054102448096e-17
5.018898566808959e+03 3.070227073376049e-16 1.459389152305171e-17
5.020054343969936e+03 2.584280520184870e-16 1.361460352983454e-17
5.021210387289075e+03 2.517791168553443e-16 1.368086268603313e-17
5.022366696827680e+03 2.523179534448231e-16 1.407842600574878e-17
5.023523272647047e+03 2.244672149122082e-16 1.384887268897362e-17
5.024680114808504e+03 2.447701058094776e-16 1.377701265629432e-17
5.025837223373377e+03 2.405933431033301e-16 1.320952212528851e-17
5.026994598403026e+03 2.627514802913489e-16 1.319014466769631e-17
5.028152239958802e+03 2.570480314304401e-16 1.312234893988623e-17
5.029310148102094e+03 2.457327910549708e-16 1.293096109115150e-17
5.030468322894281e+03 2.416283091989253e-16 1.300588482410674e-17
5.031626764396779e+03 2.625848750690835e-16 1.310468551719575e-17
5.032785472670998e+03 2.330745725611005e-16 1.268534162234963e-17
5.033944447778382e+03 2.517698237027230e-16 1.305735862117436e-17
5.035103689780366e+03 2.506265082237758e-16 1.312392401453797e-17
5.036263198738425e+03 2.484374903399999e-16 1.358420968713722e-17
5.037422974714023e+03 2.580024640984416e-16 1.370110989839292e-17
5.038583017768659e+03 2.234000300798214e-16 1.299778731712338e-17
5.039743327963831e+03 2.394735871313905e-16 1.296458275592229e-17
5.040903905361064e+03 2.573196866351883e-16 1.326387115663654e-17
5.042064750021884e+03 2.547375504491222e-16 1.317296293371395e-17
5.043225862007845e+03 2.222417560414259e-16 1.271121692129079e-17
5.044387241380504e+03 2.741999845206939e-16 1.338726575753247e-17
5.045548888201430e+03 2.214525065535510e-16 1.259443473451539e-17
5.046710802532225e+03 2.808971245439637e-16 1.358296424978832e-17
5.047872984434480e+03 2.634028477244068e-16 1.324404383388340e-17
5.049035433969822e+03 2.494445183217132e-16 1.297256443639797e-17
5.050198151199877e+03 2.435839057987482e-16 1.290563162955426e-17
5.051361136186298e+03 2.551806082511929e-16 1.310788531599101e-17
5.052524388990735e+03 2.392872324991255e-16 1.298876966135663e-17
5.053687909674873e+03 2.518842641605988e-16 1.312830021799323e-17
5.054851698300392e+03 2.405260719524056e-16 1.286863817433305e-17
5.056015754929004e+03 2.519486528339526e-16 1.313837162078584e-17
5.057180079622415e+03 2.584085718642088e-16 1.344220609217941e-17
5.058344672442368e+03 2.554799705802007e-16 1.368076602778041e-17
5.059509533450598e+03 2.445506851690587e-16 1.372549991639973e-17
5.060674662708874e+03 2.879604498402404e-16 1.430115490882375e-17
5.061840060278960e+03 2.380369589433273e-16 1.353046194432061e-17
5.063005726222656e+03 2.377472059518911e-16 1.327477711042921e-17
5.064171660601752e+03 2.526671931177438e-16 1.327277933186542e-17
5.065337863478077e+03 2.447376137465185e-16 1.306544608801521e-17
5.066504334913454e+03 2.447492922683908e-16 1.308155002736532e-17
5.067671074969726e+03 2.383683654043755e-16 1.284792614521154e-17
5.068838083708761e+03 2.308272468594143e-16 1.262980915660301e-17
5.070005361192422e+03 2.267994051530964e-16 1.250223221641212e-17
5.071172907482609e+03 2.272861629882465e-16 1.270523677967448e-17
5.072340722641211e+03 2.338448888005039e-16 1.268677124267186e-17
5.073508806730157e+03 2.400223128233079e-16 1.301713163481863e-17
5.074677159811367e+03 2.431799432718281e-16 1.299312346604014e-17
5.075845781946795e+03 2.348473552942213e-16 1.303652580706434e-17
5.077014673198392e+03 2.405574022280646e-16 1.310972978518952e-17
5.078183833628139e+03 2.336489325593543e-16 1.280148844356157e-17
5.079353263298016e+03 2.436993294757515e-16 1.283134749957197e-17
5.080522962270033e+03 2.452424229687842e-16 1.292723083754840e-17
5.081692930606197e+03 2.263624044122477e-16 1.297021182854410e-17
5.082863168368549e+03 2.489847067894008e-16 1.329132644983386e-17
5.084033675619124e+03 2.668195436195179e-16 1.336991752772925e-17
5.085204452419990e+03 2.552220579249767e-16 1.309260107258377e-17
5.086375498833210e+03 2.433552302517640e-16 1.269870462898506e-17
5.087546814920884e+03 2.408749431782447e-16 1.284407872151255e-17
5.088718400745108e+03 2.567637408577280e-16 1.334331732189031e-17
5.089890256367991e+03 2.534159915208761e-16 1.345698572144454e-17
5.091062381851672e+03 2.365567340267270e-16 1.338896777754053e-17
5.092234777258300e+03 2.356176563448319e-16 1.345288715976874e-17
5.093407442650027e+03 2.463137374086323e-16 1.390988837001557e-17
5.094580378089025e+03 2.460305770028272e-16 1.395048114942722e-17
5.095753583637489e+03 2.360376322656794e-16 1.351106476366704e-17
5.096927059357612e+03 2.468189395119397e-16 1.347340941081766e-17
5.098100805311621e+03 2.351378398525152e-16 1.291644969642551e-17
5.099274821561736e+03 2.332175855500210e-16 1.252116255801411e-17
5.100449108170213e+03 2.457846456999201e-16 1.259805723987305e-17
5.101623665199300e+03 2.313290741123972e-16 1.244233916856577e-17
5.102798492711284e+03 2.479502161030551e-16 1.277261322735869e-17
5.103973590768439e+03 2.676329919605039e-16 1.347913588464845e-17
5.105148959433081e+03 2.647799344093766e-16 1.350469332518972e-17
5.106324598767515e+03 2.425983930284148e-16 1.309650317149966e-17
5.107500508834082e+03 2.378434697384983e-16 1.290799775492207e-17
5.108676689695119e+03 2.371831661558692e-16 1.270455650513095e-17
5.109853141412995e+03 2.607037224940817e-16 1.299666835737135e-17
5.111029864050074e+03 2.692473080475290e-16 1.323915562733745e-17
5.112206857668755e+03 2.383045940272301e-16 1.271076756326959e-17
5.113384122331431e+03 2.518037917975587e-16 1.287481572425240e-17
5.114561658100529e+03 2.594986476698555e-16 1.314809045575732e-17
5.115739465038478e+03 2.568845686222537e-16 1.307549607585637e-17
5.116917543207715e+03 2.149362296394967e-16 1.243124293325017e-17
5.118095892670714e+03 2.350885681489474e-16 1.253935058381690e-17
5.119274513489938e+03 2.449081871266906e-16 1.263841780252992e-17
5.120453405727887e+03 2.314454825840209e-16 1.257354188353030e-17
5.121632569447054e+03 2.442434272277881e-16 1.277242530645289e-17
5.122812004709968e+03 2.504408650998420e-16 1.318322364615570e-17
5.123991711579151e+03 2.510843731879301e-16 1.335647856273438e-17
5.125171690117160e+03 2.405686213006953e-16 1.331632829503194e-17
5.126351940386547e+03 2.275827356056078e-16 1.327679256661043e-17
5.127532462449897e+03 2.340105362036627e-16 1.301416853829615e-17
5.128713256369789e+03 2.375587080998536e-16 1.285016791633731e-17
5.129894322208839e+03 2.473730331116672e-16 1.297154272402311e-17
5.131075660029654e+03 2.570564374547055e-16 1.325515978926751e-17
5.132257269894881e+03 2.497614423786943e-16 1.305341021069304e-17
5.133439151867154e+03 2.480814136366043e-16 1.285401997430842e-17
5.134621306009146e+03 2.261973209629494e-16 1.227824414761089e-17
5.135803732383524e+03 2.329307409281278e-16 1.239220314234103e-17
5.136986431052991e+03 2.393311610082215e-16 1.258736482031898e-17
5.138169402080245e+03 2.378635180447877e-16 1.267796216950413e-17
5.139352645528002e+03 2.503656577581512e-16 1.295650167920823e-17
5.140536161459005e+03 2.335477987338253e-16 1.265206108856780e-17
5.141719949935994e+03 2.275352828936645e-16 1.246345108115240e-17
5.142904011021743e+03 2.253027391776616e-16 1.234434878940947e-17
5.144088344779018e+03 2.124760383053542e-16 1.183024936301991e-17
5.145272951270622e+03 2.192639899716876e-16 1.203974718280192e-17
5.146457830559351e+03 2.251407616025338e-16 1.202292367104520e-17
5.147642982708038e+03 2.430902018984587e-16 1.242233215967555e-17
5.148828407779507e+03 2.445216748556598e-16 1.234123272919207e-17
5.150014105836619e+03 2.432846837171190e-16 1.241266549499951e-17
5.151200076942226e+03 2.282648814148895e-16 1.230297843388715e-17
5.152386321159220e+03 2.451920762223296e-16 1.262796980452323e-17
5.153572838550482e+03 2.315336484916396e-16 1.243028293125706e-17
5.154759629178932e+03 2.519063063593356e-16 1.265414706217688e-17
5.155946693107481e+03 2.427563589381964e-16 1.243668232201355e-17
5.157134030399077e+03 2.433355977791188e-16 1.245860233616761e-17
5.158321641116660e+03 2.413707538203870e-16 1.288235654677291e-17
5.159509525323209e+03 2.419565046577250e-16 1.332204588569230e-17
5.160697683081696e+03 2.467727936035872e-16 1.337639609487076e-17
5.161886114455112e+03 2.276342027171458e-16 1.292041297457747e-17
5.163074819506477e+03 2.340881583749299e-16 1.306760831887525e-17
5.164263798298804e+03 2.372080561389862e-16 1.337560154630200e-17
5.165453050895142e+03 2.275852659810848e-16 1.308047177938261e-17
5.166642577358533e+03 2.204783118582441e-16 1.257494564020930e-17
5.167832377752057e+03 2.306837369971980e-16 1.250741165319163e-17
5.169022452138784e+03 2.388731980387523e-16 1.282139151197134e-17
5.170212800581821e+03 2.271553476679379e-16 1.294043002291554e-17
5.171403423144268e+03 2.194341254305782e-16 1.239642838869518e-17
5.172594319889264e+03 2.451412775166294e-16 1.274867191237280e-17
5.173785490879934e+03 1.999489847169327e-16 1.254833257743089e-17
5.174976936179447e+03 2.265419660846869e-16 1.322212126504109e-17
5.176168655850959e+03 2.091048387632399e-16 1.286099955479659e-17
5.177360649957667e+03 2.284667161742082e-16 1.256190027466876e-17
5.178552918562757e+03 2.091889677782150e-16 1.221901959611874e-17
5.179745461729453e+03 2.240602623147579e-16 1.260254266840243e-17
5.180938279520971e+03 1.944072865911944e-16 1.192376070635894e-17
5.182131372000566e+03 2.051591530319788e-16 1.210979172864367e-17
5.183324739231480e+03 2.358647338380233e-16 1.242114858084038e-17
5.184518381276998e+03 2.220765503109021e-16 1.200935201871879e-17
5.185712298200394e+03 2.353753049460462e-16 1.241392165739023e-17
5.186906490064979e+03 2.236275442377928e-16 1.234150940639757e-17
5.188100956934062e+03 2.432774381452682e-16 1.302918365651700e-17
5.189295698870967e+03 2.330603824597055e-16 1.291782307038104e-17
5.190490715939050e+03 2.292289493612779e-16 1.256199324538175e-17
5.191686008201658e+03 2.320628802223470e-16 1.223696663313366e-17
5.192881575722176e+03 2.331655339695671e-16 1.233908180951990e-17
5.194077418563978e+03 2.254757084388346e-16 1.247547317637475e-17
5.195273536790480e+03 2.093490710538279e-16 1.242417687157972e-17
5.196469930465088e+03 2.424981953085013e-16 1.292862995512114e-17
5.197666599651242e+03 2.401059606495391e-16 1.267542486427463e-17
5.198863544412380e+03 2.494787424187922e-16 1.299913273486378e-17
5.200060764811973e+03 2.402474377263961e-16 1.320804966300071e-17
5.201258260913484e+03 2.624842256034205e-16 1.333171574468320e-17
5.202456032780417e+03 2.356534949984621e-16 1.231924937804090e-17
5.203654080476263e+03 2.465033771743951e-16 1.244193735388837e-17
5.204852404064552e+03 2.249707618024233e-16 1.208220070380856e-17
5.206051003608809e+03 2.211818796069626e-16 1.224222985529362e-17
5.207249879172593e+03 2.249370157631993e-16 1.221747022145605e-17
5.208449030819454e+03 2.106079683984634e-16 1.174359871206267e-17
5.209648458612984e+03 2.157322831509263e-16 1.212866900000389e-17
5.210848162616768e+03 1.915405830147946e-16 1.194170340338880e-17
5.212048142894408e+03 2.484524258188744e-16 1.309840407951372e-17
5.213248399509536e+03 2.323599529160321e-16 1.260476472684828e-17
5.214448932525780e+03 2.283717635966873e-16 1.238185528860773e-17
5.215649742006798e+03 2.203290349895161e-16 1.214505494502557e-17
5.216850828016248e+03 2.033643667285018e-16 1.216562943539539e-17
5.218052190617820e+03 2.218837149429255e-16 1.270171808134229e-17
5.219253829875199e+03 2.134856089561789e-16 1.227755235533693e-17
5.220455745852104e+03 2.311040778760703e-16 1.210836886238590e-17
5.221657938612248e+03 2.139137772461132e-16 1.157865515349651e-17
5.222860408219384e+03 1.927156652464534e-16 1.142130411602860e-17
5.224063154737253e+03 2.210542169005283e-16 1.219385128033828e-17
5.225266178229634e+03 1.951809361348591e-16 1.176266493597617e-17
5.226469478760299e+03 1.970272790387927e-16 1.143013143972521e-17
5.227673056393059e+03 1.962686955728285e-16 1.145560807694195e-17
5.228876911191713e+03 2.114103001369447e-16 1.179356998226709e-17
5.230081043220099e+03 1.985057043430177e-16 1.173581749856705e-17
5.231285452542049e+03 2.317069024945463e-16 1.261959828694420e-17
5.232490139221431e+03 2.107692902362827e-16 1.264871470299298e-17
5.233695103322108e+03 2.280493902971826e-16 1.287733369362263e-17
5.234900344907966e+03 1.983767590459703e-16 1.244529277683407e-17
5.236105864042910e+03 2.180253680744856e-16 1.230668077009794e-17
5.237311660790849e+03 2.212783394424378e-16 1.198242562294720e-17
5.238517735215722e+03 2.082105682021777e-16 1.167637294040178e-17
5.239724087381465e+03 1.884774282348933e-16 1.160297466938915e-17
5.240930717352046e+03 2.217903187752564e-16 1.222738469276393e-17
5.242137625191430e+03 2.326015897405207e-16 1.233684322204575e-17
5.243344810963616e+03 2.321755928056119e-16 1.241308746235554e-17
5.244552274732597e+03 2.239688654802844e-16 1.250088051050928e-17
5.245760016562404e+03 2.243665927660908e-16 1.252629386755347e-17
5.246968036517055e+03 2.293874093193695e-16 1.237323468195836e-17
5.248176334660615e+03 2.271539751661540e-16 1.212181264613838e-17
5.249384911057131e+03 2.136069126255891e-16 1.202314307247917e-17
5.250593765770694e+03 2.218889136214052e-16 1.226784616941325e-17
5.251802898865384e+03 2.254675485235929e-16 1.251709593113954e-17
5.253012310405319e+03 2.229425720655956e-16 1.234163300573180e-17
5.254222000454610e+03 1.921433995991075e-16 1.171508873522241e-17
5.255431969077405e+03 2.235362229333953e-16 1.221276881344792e-17
5.256642216337849e+03 2.255730243044457e-16 1.221293317117666e-17
5.257852742300105e+03 2.280762108574569e-16 1.232177568819654e-17
5.259063547028356e+03 2.054640118478071e-16 1.229204850756621e-17
5.260274630586805e+03 2.233739294424081e-16 1.235896467240163e-17
5.261485993039656e+03 2.232628756901849e-16 1.241301787785991e-17
5.262697634451129e+03 2.042164997025730e-16 1.202028761996205e-17
5.263909554885476e+03 2.206631849691633e-16 1.220013391600044e-17
5.265121754406940e+03 2.288843761857524e-16 1.220299290404536e-17
5.266334233079800e+03 2.040364296448896e-16 1.171584919126830e-17
5.267546990968332e+03 1.976622963985230e-16 1.157587763657898e-17
5.268760028136846e+03 2.157053036819663e-16 1.184536917835347e-17
5.269973344649643e+03 2.051578659598931e-16 1.176961743125974e-17
5.271186940571064e+03 2.108353114355638e-16 1.181609197974412e-17
5.272400815965442e+03 2.377687023461804e-16 1.238857427601603e-17
5.273614970897145e+03 2.177941227198418e-16 1.225532206977466e-17
5.274829405430537e+03 1.979885043035432e-16 1.197981527330552e-17
5.276044119630016e+03 2.153666350014568e-16 1.206511395014258e-17
5.277259113559975e+03 2.164876769357103e-16 1.202516550971883e-17
5.278474387284841e+03 2.001121729445175e-16 1.183720534180063e-17
5.279689940869037e+03 2.223687958415606e-16 1.201761143873795e-17
5.280905774377021e+03 2.063733506612696e-16 1.190569892266177e-17
5.282121887873244e+03 2.090342515388493e-16 1.195490310708365e-17
5.283338281422194e+03 2.218711021573881e-16 1.236648026938343e-17
5.284554955088358e+03 1.979875733154515e-16 1.202101865233360e-17
5.285771908936238e+03 2.221805167548151e-16 1.202294561618886e-17
5.286989143030364e+03 2.120090882917636e-16 1.195050414881882e-17
5.288206657435265e+03 2.102276111890877e-16 1.218203828474570e-17
5.289424452215500e+03 2.289512856916397e-16 1.272045064775826e-17
5.290642527435627e+03 2.166413072945055e-16 1.265447076383694e-17
5.291860883160237e+03 2.232065881489272e-16 1.267435536199233e-17
5.293079519453914e+03 2.313316472741945e-16 1.272364205912217e-17
5.294298436381281e+03 2.111996393780703e-16 1.232128592603921e-17
5.295517634006952e+03 2.167467043720724e-16 1.236235267446745e-17
5.296737112395580e+03 2.102216450358028e-16 1.231374804122207e-17
5.297956871611809e+03 2.352634864069003e-16 1.256960227016624e-17
5.299176911720319e+03 2.071917529449676e-16 1.242621233335589e-17
5.300397232785786e+03 2.028352472550760e-16 1.234781982632169e-17
5.301617834872920e+03 2.109606351370322e-16 1.235472110613909e-17
5.302838718046426e+03 2.041339854656022e-16 1.181907806241352e-17
5.304059882371044e+03 2.074486365537671e-16 1.192159688471035e-17
5.305281327911508e+03 2.117722554392903e-16 1.235688576862295e-17
5.306503054732590e+03 2.093063745269585e-16 1.248657628779002e-17
5.307725062899059e+03 2.351905643961416e-16 1.235075168084640e-17
5.308947352475698e+03 2.186780894069253e-16 1.188144883903749e-17
5.310169923527323e+03 2.076264290636323e-16 1.193346234461208e-17
5.311392776118742e+03 2.135221347359249e-16 1.215129091013235e-17
5.312615910314801e+03 1.936222644634297e-16 1.170732887406790e-17
5.313839326180339e+03 2.077186034995775e-16 1.170681291134994e-17
5.315063023780231e+03 2.197455278713987e-16 1.180898709914609e-17
5.316287003179345e+03 1.951782884640686e-16 1.145287956784433e-17
5.317511264442584e+03 2.212492051479632e-16 1.241330233419582e-17
5.318735807634849e+03 2.176523563163511e-16 1.274519428074921e-17
5.319960632821075e+03 2.071281324351480e-16 1.228675263655282e-17
5.321185740066187e+03 2.224436453511201e-16 1.211794600847415e-17
5.322411129435154e+03 1.919214441067678e-16 1.164276317505544e-17
5.323636800992930e+03 2.231723153650917e-16 1.209498684692420e-17
5.324862754804513e+03 2.131505399605467e-16 1.189202125998655e-17
5.326088990934890e+03 2.007855659914097e-16 1.210981963759673e-17
5.327315509449084e+03 2.143617082666298e-16 1.245395541888651e-17
5.328542310412116e+03 2.224246917868894e-16 1.231010874460834e-17
5.329769393889036e+03 2.119909899864266e-16 1.213148862602607e-17
5.330996759944902e+03 2.147807226715394e-16 1.212818870116755e-17
5.332224408644779e+03 1.881791068415343e-16 1.162735032744032e-17
5.333452340053770e+03 2.289748030490433e-16 1.228293417962450e-17
5.334680554236963e+03 2.108468397842722e-16 1.185309346832714e-17
5.335909051259492e+03 2.063997969664680e-16 1.187133254389566e-17
5.337137831186477e+03 2.151789381904175e-16 1.212829404711827e-17
5.338366894083079e+03 2.171558234333778e-16 1.247136866981585e-17
5.339596240014451e+03 1.987089628482478e-16 1.233050742588742e-17
5.340825869045781e+03 2.136253241562234e-16 1.210442275003119e-17
5.342055781242253e+03 2.203801701856790e-16 1.185121361141250e-17
5.343285976669085e+03 2.004774891771904e-16 1.137152614306233e-17
5.344516455391492e+03 1.919293612272685e-16 1.139804324818486e-17
5.345747217474723e+03 2.007660422610493e-16 1.158323576058720e-17
5.346978262984020e+03 2.262423778349423e-16 1.211376060028626e-17
5.348209591984663e+03 2.183538656182305e-16 1.196555715108040e-17
5.349441204541926e+03 1.964723185091915e-16 1.157298608099043e-17
5.350673100721117e+03 2.093306736451386e-16 1.159499877551026e-17
5.351905280587540e+03 2.032993137124319e-16 1.164169712010622e-17
5.353137744206535e+03 2.073607819472884e-16 1.181319748981605e-17
5.354370491643434e+03 2.165240584919208e-16 1.191770731343938e-17
5.355603522963609e+03 2.281788458003221e-16 1.205049100462829e-17
5.356836838232421e+03 2.013648322154493e-16 1.151704220655424e-17
5.358070437515271e+03 1.976257328085789e-16 1.146839112864870e-17
5.359304320877557e+03 2.120296920339569e-16 1.176931914852181e-17
5.360538488384694e+03 2.116571949808896e-16 1.195968691540267e-17
5.361772940102126e+03 2.148895561862355e-16 1.203777871850015e-17
5.363007676095292e+03 2.021694816554739e-16 1.179412418081821e-17
5.364242696429667e+03 2.027847283429249e-16 1.192691569465000e-17
5.365478001170721e+03 2.254997148068762e-16 1.232444741253718e-17
5.366713590383958e+03 2.056837328486765e-16 1.193249783476440e-17
5.367949464134877e+03 2.041117427742387e-16 1.162106142822899e-17
5.369185622489013e+03 2.106007115520592e-16 1.167959577196752e-17
5.370422065511898e+03 2.128939439040046e-16 1.180709639877864e-17
5.371658793269095e+03 2.139192705915478e-16 1.167840905319400e-17
5.372895805826163e+03 2.023142491379579e-16 1.134513858264569e-17
5.374133103248700e+03 1.945985325854768e-16 1.124839906993933e-17
5.375370685602294e+03 2.024251530757078e-16 1.135108291414810e-17
5.376608552952571e+03 2.174106447223651e-16 1.169428774438160e-17
5.377846705365151e+03 1.844354747700941e-16 1.133002222116124e-17
5.379085142905691e+03 1.836837053131513e-16 1.118856649300257e-17
5.380323865639841e+03 2.051151245205626e-16 1.160994900375171e-17
5.381562873633286e+03 1.905718677945742e-16 1.151704725737603e-17
5.382802166951713e+03 2.109587713426018e-16 1.164542838543434e-17
5.384041745660822e+03 1.913543883560901e-16 1.106986100511161e-17
5.385281609826345e+03 1.983517591731627e-16 1.144295809204107e-17
5.386521759514008e+03 2.174795154159388e-16 1.207878867173408e-17
5.387762194789573e+03 1.878012500679812e-16 1.146954269483261e-17
5.389002915718796e+03 1.959650859513713e-16 1.132480777957396e-17
5.390243922367470e+03 2.009161678206839e-16 1.128401884743015e-17
5.391485214801381e+03 2.044881443807414e-16 1.135480551327968e-17
5.392726793086350e+03 1.909292054743858e-16 1.125393120503172e-17
5.393968657288195e+03 1.908983076872751e-16 1.128581825895748e-17
5.395210807472769e+03 2.102778882883666e-16 1.178631941396330e-17
5.396453243705920e+03 2.099511600447255e-16 1.181528713207191e-17
5.397695966053529e+03 2.175171227203011e-16 1.190305374721777e-17
5.398938974581473e+03 2.069223673584960e-16 1.162691532902878e-17
5.400182269355670e+03 2.007638550294528e-16 1.151358245777966e-17
5.401425850442023e+03 1.945287806821770e-16 1.160400968258062e-17
5.402669717906478e+03 2.108110733092250e-16 1.193606012084768e-17
5.403913871814972e+03 2.104768110577310e-16 1.184731408604394e-17
5.405158312233481e+03 1.985620165107769e-16 1.162907055088961e-17
5.406403039227977e+03 2.039738294502199e-16 1.139945682717383e-17
5.407648052864450e+03 1.967470768478072e-16 1.124244818603479e-17
5.408893353208920e+03 1.892414495895328e-16 1.105412511818365e-17
5.410138940327399e+03 1.813141482340991e-16 1.090819223072622e-17
5.411384814285941e+03 1.752947122699470e-16 1.086772822403612e-17
5.412630975150585e+03 2.048764620189052e-16 1.143235834927256e-17
5.413877422987418e+03 2.130150895110626e-16 1.162696729639859e-17
5.415124157862510e+03 2.028104995272817e-16 1.153222145615598e-17
5.416371179841974e+03 2.008168756008446e-16 1.151482712055562e-17
5.417618488991916e+03 1.982748037814531e-16 1.127903284876938e-17
5.418866085378477e+03 1.851079269703893e-16 1.111961895769059e-17
5.420113969067792e+03 2.065635435383636e-16 1.135459032051500e-17
5.421362140126034e+03 1.976150206185610e-16 1.146299662052915e-17
5.422610598619368e+03 2.038909138596342e-16 1.152335668285174e-17
5.423859344613998e+03 2.043726059006772e-16 1.159711441571168e-17
5.425108378176121e+03 1.938983018349441e-16 1.150896374537916e-17
5.426357699371968e+03 2.058854519191031e-16 1.164189480831576e-17
5.427607308267767e+03 1.868887687920836e-16 1.126203758813154e-17
5.428857204929783e+03 1.852657856075510e-16 1.139077661556201e-17
5.430107389424278e+03 2.010468685655093e-16 1.179033447016923e-17
5.431357861817529e+03 2.008990370489524e-16 1.187044035825620e-17
5.432608622175841e+03 2.018869345259515e-16 1.190781338626139e-17
5.433859670565535e+03 1.953793010944039e-16 1.231499537690001e-17
5.435111007052932e+03 2.244980693889327e-16 1.452905418614549e-17
5.436362631704374e+03 1.984821723024699e-16 1.422695498589690e-17
5.437614544586228e+03 2.125068889098971e-16 1.289397447923726e-17
5.438866745764863e+03 1.915126563238974e-16 1.158520449717170e-17
5.440119235306677e+03 2.021129397071771e-16 1.175573043910375e-17
5.441372013278065e+03 1.959726992668640e-16 1.211528310030797e-17
5.442625079745462e+03 1.923005892698787e-16 1.219322172693890e-17
5.443878434775289e+03 1.886372557274631e-16 1.191973071754849e-17
5.445132078434011e+03 1.973507923058584e-16 1.395576662331327e-17
5.446386010788084e+03 2.093568511312761e-16 1.382776367893006e-17
5.447640231904001e+03 1.954160730883796e-16 1.178186666147020e-17
5.448894741848248e+03 1.925164202588787e-16 1.133270153384388e-17
5.450149540687348e+03 1.815263779575097e-16 1.116266401963014e-17
5.451404628487821e+03 1.902468103761084e-16 1.142320027189815e-17
5.452660005316219e+03 1.852161905344619e-16 1.161114189840323e-17
5.453915671239090e+03 2.078206907034701e-16 1.161872345815118e-17
5.455171626323021e+03 1.885078445516104e-16 1.119782368931809e-17
5.456427870634589e+03 1.834440594204960e-16 1.122428522066527e-17
5.457684404240409e+03 1.990302921066993e-16 1.139279758562386e-17
5.458941227207098e+03 1.999962278368077e-16 1.164688096722410e-17
5.460198339601282e+03 1.979446199311672e-16 1.183931056078825e-17
5.461455741489627e+03 1.967169321375412e-16 1.152933341083215e-17
5.462713432938787e+03 1.833581047230147e-16 1.124277702532009e-17
5.463971414015454e+03 1.759804063533777e-16 1.106884421538015e-17
5.465229684786313e+03 2.019973216447353e-16 1.153129146769824e-17
5.466488245318089e+03 1.894553670899251e-16 1.141529061000929e-17
5.467747095677497e+03 1.996241977941824e-16 1.147212144012869e-17
5.469006235931293e+03 1.822279562525645e-16 1.111339673437691e-17
5.470265666146222e+03 1.754779841655602e-16 1.094670073284399e-17
5.471525386389069e+03 2.007259835320637e-16 1.163621176977096e-17
5.472785396726615e+03 1.858731371690861e-16 1.155615164358956e-17
5.474045697225672e+03 1.963653347989169e-16 1.183430821023314e-17
5.475306287953051e+03 1.927253689660556e-16 1.175062735703571e-17
5.476567168975596e+03 1.900540201702988e-16 1.162429835668645e-17
5.477828340360149e+03 1.821146634960192e-16 1.136101726255823e-17
5.479089802173586e+03 1.898034850776101e-16 1.118812526008229e-17
5.480351554482777e+03 1.825226531792471e-16 1.119989842844609e-17
5.481613597354632e+03 1.860695703019115e-16 1.105329964443640e-17
5.482875930856053e+03 1.820671002566912e-16 1.106151169365346e-17
5.484138555053967e+03 1.861683198704580e-16 1.126975669449416e-17
5.485401470015327e+03 2.007114612634537e-16 1.144494119063296e-17
5.486664675807078e+03 1.965922465250087e-16 1.145063087955291e-17
5.487928172496207e+03 2.033255189782407e-16 1.147691127711216e-17
5.489191960149693e+03 2.071342480263650e-16 1.161471372265092e-17
5.490456038834550e+03 1.767692357184937e-16 1.114840197593207e-17
5.491720408617786e+03 1.830465133705272e-16 1.113566288521098e-17
5.492985069566452e+03 1.891160326660154e-16 1.149369238216786e-17
5.494250021747584e+03 2.039997393034621e-16 1.227126773696706e-17
5.495515265228261e+03 2.072580879622451e-16 1.268908499415153e-17
5.496780800075554e+03 1.881402413757384e-16 1.208636569539588e-17
5.498046626356571e+03 1.895931942216535e-16 1.145740188576938e-17
5.499312744138414e+03 1.962487338558561e-16 1.141685180330942e-17
5.500579153488223e+03 1.700441987620347e-16 1.092233498517611e-17
5.501845854473128e+03 2.130943871934074e-16 1.169957432747673e-17
5.503112847160303e+03 1.815498733867035e-16 1.113573598295677e-17
5.504380131616909e+03 1.932204155491261e-16 1.162189568125409e-17
5.505647707910150e+03 1.886747143208107e-16 1.157364326217876e-17
5.506915576107222e+03 1.694110536319988e-16 1.109257098121152e-17
5.508183736275342e+03 1.873429731616544e-16 1.121091921705204e-17
5.509452188481760e+03 1.815401042594522e-16 1.103849564624733e-17
5.510720932793715e+03 1.937454021397104e-16 1.125939284991004e-17
5.511989969278485e+03 1.958472360998001e-16 1.128267228304712e-17
5.513259298003343e+03 1.825020033115606e-16 1.099544645426651e-17
5.514528919035600e+03 1.791702390032959e-16 1.125746689760283e-17
5.515798832442555e+03 1.867339329382850e-16 1.156480934185394e-17
5.517069038291552e+03 2.012280407254986e-16 1.192264390551833e-17
5.518339536649924e+03 2.059997847577064e-16 1.243088041002317e-17
5.519610327585042e+03 2.282530033189231e-16 1.274530372920956e-17
5.520881411164271e+03 2.112782829727861e-16 1.238753373979713e-17
5.522152787455015e+03 1.928287094913145e-16 1.196319331849735e-17
5.523424456524668e+03 1.839421659057600e-16 1.226590550782110e-17
5.524696418440666e+03 1.952808127409229e-16 1.235302538467420e-17
5.525968673270434e+03 1.736085654497827e-16 1.181624458609055e-17
5.527241221081437e+03 1.853509145695767e-16 1.137293864319633e-17
5.528514061941135e+03 1.835178256781740e-16 1.100588043228931e-17
5.529787195917022e+03 1.763613990270280e-16 1.108581296888647e-17
5.531060623076587e+03 1.854872849934807e-16 1.132110014053343e-17
5.532334343487358e+03 1.940533854898681e-16 1.129724422826508e-17
5.533608357216854e+03 1.850807034874129e-16 1.108819364385307e-17
5.534882664332634e+03 1.763977630082105e-16 1.094885360406468e-17
5.536157264902256e+03 2.096018265613998e-16 1.193336966186093e-17
5.537432158993290e+03 2.014165980544886e-16 1.209797149605814e-17
5.538707346673342e+03 1.990943096311635e-16 1.182036854230487e-17
5.539982828010009e+03 1.919116858166636e-16 1.167714988128851e-17
5.541258603070929e+03 2.039233957611107e-16 1.167133592688049e-17
5.542534671923730e+03 2.012200358323307e-16 1.155180174857881e-17
5.543811034636079e+03 1.796549180542047e-16 1.132183531761274e-17
5.545087691275635e+03 2.011444346747500e-16 1.174293496783713e-17
5.546364641910098e+03 1.955799163767326e-16 1.196968721246173e-17
5.547641886607159e+03 1.827090743819248e-16 1.252842762693294e-17
5.548919425434548e+03 2.268853299264236e-16 1.774400573791579e-17
5.550197258459986e+03 2.802135364509755e-16 4.407813102549627e-17
5.551475385751234e+03 3.148171573742604e-17 7.684855823632809e-17
5.552753807376047e+03 1.466760469095302e-16 5.122582183756053e-17
5.554032523402217e+03 2.420576639936393e-16 2.201386287476738e-17
5.555311533897527e+03 1.881481402536361e-16 1.280693603245710e-17
5.556590838929801e+03 1.671023195035558e-16 1.102888964019741e-17
5.557870438566855e+03 1.908443358163715e-16 1.139616007570096e-17
5.559150332876544e+03 1.718363710623291e-16 1.106266969183299e-17
5.560430521926722e+03 2.029765360443173e-16 1.147684064874283e-17
5.561711005785255e+03 1.740926175456393e-16 1.100314059521737e-17
5.562991784520047e+03 2.028847667726416e-16 1.185267022754726e-17
5.564272858198990e+03 1.787418754156264e-16 1.136536674074723e-17
5.565554226890017e+03 1.902897404264801e-16 1.142999549469111e-17
5.566835890661056e+03 1.711101183841647e-16 1.131383181646395e-17
5.568117849580066e+03 1.798080536604113e-16 1.180508531801408e-17
5.569400103715009e+03 1.924054929482049e-16 1.142055701983943e-17
5.570682653133877e+03 1.883262071903054e-16 1.127322612989822e-17
5.571965497904659e+03 1.681604718693253e-16 1.113169698577288e-17
5.573248638095381e+03 1.795377787139537e-16 1.146263596438884e-17
5.574532073774063e+03 1.959928322235266e-16 1.162298570632072e-17
5.575815805008763e+03 1.770563022824947e-16 1.126804941218170e-17
5.577099831867532e+03 1.937892607799539e-16 1.193513114716003e-17
5.578384154418458e+03 2.026603273817589e-16 1.295997280032262e-17
5.579668772729624e+03 1.764982064982136e-16 1.235070639289339e-17
5.580953686869150e+03 1.914840833959589e-16 1.186612032343829e-17
5.582238896905149e+03 1.857705417331545e-16 1.152815429242294e-17
5.583524402905775e+03 1.994531140540530e-16 1.171985818982803e-17
5.584810204939176e+03 1.689580683911612e-16 1.123995459817522e-17
5.586096303073520e+03 1.866753292296779e-16 1.132750787204908e-17
5.587382697377005e+03 1.869697126048947e-16 1.136215430312539e-17
5.588669387917824e+03 1.938465322196488e-16 1.143617221500100e-17
5.589956374764206e+03 1.650512202135320e-16 1.094108402052723e-17
5.591243657984374e+03 1.786452668238338e-16 1.130255449389195e-17
5.592531237646592e+03 1.918007341515899e-16 1.148029231122790e-17
5.593819113819114e+03 1.654974338822655e-16 1.139845191409639e-17
5.595107286570232e+03 1.731702929069068e-16 1.178907693945596e-17
5.596395755968234e+03 1.624961076433642e-16 1.189834394385519e-17
5.597684522081443e+03 1.788985314888825e-16 1.215719312441978e-17
5.598973584978178e+03 1.735189552110378e-16 1.151694061336128e-17
5.600262944726795e+03 1.699413210601461e-16 1.097161440029270e-17
5.601552601395642e+03 1.806839401965706e-16 1.106465267593112e-17
5.602842555053108e+03 1.871808267835879e-16 1.117695855834833e-17
5.604132805767573e+03 1.703731966338624e-16 1.093820543329597e-17
5.605423353607457e+03 1.712860004185035e-16 1.110315077611417e-17
5.606714198641171e+03 1.779758009942658e-16 1.152724114705484e-17
5.608005340937167e+03 1.925157287018684e-16 1.156860982368028e-17
5.609296780563892e+03 1.938768340300497e-16 1.134301691680895e-17
5.610588517589814e+03 1.867340992716583e-16 1.109859276795765e-17
5.611880552083422e+03 1.737341154563378e-16 1.109872491020514e-17
5.613172884113228e+03 1.885718565218247e-16 1.134829232589859e-17
5.614465513747742e+03 1.596486608486908e-16 1.103361434877667e-17
5.615758441055492e+03 1.944037998573598e-16 1.155534637250770e-17
5.617051666105040e+03 1.808965843749368e-16 1.125682051275316e-17
5.618345188964940e+03 1.622954900539714e-16 1.102218002265462e-17
5.619639009703784e+03 1.764363962055957e-16 1.126106992657579e-17
5.620933128390158e+03 1.667527901273366e-16 1.105779152513723e-17
5.622227545092686e+03 1.853853415721676e-16 1.122110048409922e-17
5.623522259879986e+03 1.746568172135105e-16 1.094269541836372e-17
5.624817272820715e+03 1.679494537513251e-16 1.091376881543328e-17
5.626112583983519e+03 1.782720972606733e-16 1.107067071731102e-17
5.627408193437086e+03 1.745739259920728e-16 1.135380599995855e-17
5.628704101250099e+03 1.788501302120446e-16 1.138984677094494e-17
5.630000307491274e+03 1.738428434397697e-16 1.111762245902946e-17
5.631296812229324e+03 1.982587265500864e-16 1.131757564100962e-17
5.632593615533002e+03 1.788058687274332e-16 1.104053854520408e-17
5.633890717471049e+03 1.707264965310778e-16 1.094618408935010e-17
5.635188118112249e+03 1.901309625132875e-16 1.130062198277064e-17
5.636485817525377e+03 1.686563110087429e-16 1.116909153267849e-17
5.637783815779248e+03 2.048822011532848e-16 1.202496916525060e-17
5.639082112942672e+03 1.750748308495090e-16 1.166157321566847e-17
5.640380709084480e+03 1.768853499237043e-16 1.178058662789260e-17
5.641679604273535e+03 1.815618758508539e-16 1.197090937209487e-17
5.642978798578688e+03 1.873714666214067e-16 1.241486040182331e-17
5.644278292068835e+03 1.863642348367858e-16 1.238287937239960e-17
5.645578084812862e+03 1.787378499608482e-16 1.175060378415832e-17
5.646878176879693e+03 1.936224124650762e-16 1.199946565009544e-17
5.648178568338249e+03 1.881029426189037e-16 1.239969346036538e-17
5.649479259257482e+03 1.729459577757049e-16 1.196652054574141e-17
5.650780249706347e+03 1.759368328272136e-16 1.147733483757918e-17
5.652081539753829e+03 1.774699808473537e-16 1.150547697238308e-17
5.653383129468912e+03 1.817134227144009e-16 1.204906488105059e-17
5.654685018920614e+03 1.857378792185413e-16 1.215984875361393e-17
5.655987208177951e+03 1.970196927963290e-16 1.251528791990241e-17
5.657289697309973e+03 1.949452358795405e-16 1.275750365122748e-17
5.658592486385727e+03 1.562017463982635e-16 1.383725152055314e-17
5.659895575474296e+03 1.784716379983509e-16 1.444451653376310e-17
5.661198964644756e+03 1.988078855165342e-16 1.324483256929461e-17
5.662502653966226e+03 1.851087407091848e-16 1.343085773870029e-17
5.663806643507818e+03 1.751677819967976e-16 1.488215577179975e-17
5.665110933338662e+03 1.686097457324523e-16 1.398564645532980e-17
5.666415523527923e+03 1.682747144377285e-16 1.230208181305261e-17
5.667720414144757e+03 1.651899985023506e-16 1.210615039204920e-17
5.669025605258360e+03 1.752705059565767e-16 1.230884011393166e-17
5.670331096937920e+03 1.725587284469538e-16 1.235986783885340e-17
5.671636889252665e+03 1.884396480122105e-16 1.262681149886572e-17
5.672942982271813e+03 1.817549036753573e-16 1.216714520014735e-17
5.674249376064627e+03 1.797631167692232e-16 1.176750260984001e-17
5.675556070700355e+03 1.766375674993971e-16 1.155956250998000e-17
5.676863066248291e+03 1.857047912884504e-16 1.200432801278179e-17
5.678170362777719e+03 1.840697802343977e-16 1.169089950263732e-17
5.679477960357960e+03 1.676851957357420e-16 1.130616142296288e-17
5.680785859058332e+03 1.773480560335594e-16 1.142577977390732e-17
5.682094058948189e+03 1.540303891500339e-16 1.109745965714692e-17
5.683402560096879e+03 1.777846241359188e-16 1.168834388930990e-17
5.684711362573789e+03 1.987512293520544e-16 1.219769988569820e-17
5.686020466448299e+03 1.833959155538648e-16 1.178355843756509e-17
5.687329871789828e+03 1.795261864369533e-16 1.172384357626352e-17
5.688639578667792e+03 1.662374857686660e-16 1.152551454986266e-17
5.689949587151627e+03 1.696256139310737e-16 1.178662622755645e-17
5.691259897310799e+03 1.724511333121913e-16 1.187112904565919e-17
5.692570509214768e+03 1.730525491713866e-16 1.188908393802273e-17
5.693881422933031e+03 1.632107633034779e-16 1.178371208074684e-17
5.695192638535082e+03 1.745947178185182e-16 1.183037870935996e-17
5.696504156090451e+03 1.818828376949991e-16 1.184373917081122e-17
5.697815975668661e+03 1.548022622486702e-16 1.186948752434723e-17
5.699128097339277e+03 1.879013322651350e-16 1.230160639201522e-17
5.700440521171852e+03 1.714955115816224e-16 1.172990767064670e-17
5.701753247235984e+03 1.864240167867536e-16 1.200542709360838e-17
5.703066275601258e+03 1.822437336004589e-16 1.212046375775159e-17
5.704379606337303e+03 1.680334523226302e-16 1.191873737770329e-17
5.705693239513736e+03 1.625199183111235e-16 1.177573691637327e-17
5.707007175200220e+03 1.784806559680074e-16 1.209432787621373e-17
5.708321413466405e+03 1.715806564191565e-16 1.183879839983959e-17
5.709635954381983e+03 1.786908515920553e-16 1.185866930557855e-17
5.710950798016636e+03 1.712330764990465e-16 1.164522226458816e-17
5.712265944440090e+03 1.768467582957737e-16 1.160425561134935e-17
5.713581393722059e+03 1.751900993521105e-16 1.160702696782316e-17
5.714897145932298e+03 1.753798021455140e-16 1.189020526597613e-17
5.716213201140557e+03 1.729551833589534e-16 1.186504697938047e-17
5.717529559416624e+03 1.756267233366619e-16 1.170180594809840e-17
5.718846220830284e+03 1.682419651586427e-16 1.184858828184996e-17
5.720163185451338e+03 1.576347206670491e-16 1.195177900962861e-17
5.721480453349624e+03 1.785998932371859e-16 1.240101200641470e-17
5.722798024594968e+03 1.691334927075681e-16 1.238053455733426e-17
5.724115899257240e+03 1.913966814242888e-16 1.251245820720111e-17
5.725434077406301e+03 1.637099608441284e-16 1.219907457578325e-17
5.726752559112050e+03 1.671449462851959e-16 1.212218512681892e-17
5.728071344444380e+03 1.784775164048136e-16 1.218115506207829e-17
5.729390433473224e+03 1.826229324790931e-16 1.213823657895041e-17
5.730709826268506e+03 1.518226630494930e-16 1.150684176302361e-17
5.732029522900192e+03 1.510230402302207e-16 1.184554220319603e-17
5.733349523438238e+03 1.695005398850282e-16 1.235591983763892e-17
5.734669827952641e+03 1.739915145242147e-16 1.260336829142009e-17
5.735990436513392e+03 1.906404808528370e-16 1.241149550319922e-17
5.737311349190518e+03 1.608604333333315e-16 1.197866720765101e-17
5.738632566054041e+03 1.720913617508313e-16 1.214760812895462e-17
5.739954087174023e+03 1.476247456551404e-16 1.195811685102122e-17
5.741275912620518e+03 1.608217895847652e-16 1.247079146489846e-17
5.742598042463619e+03 1.953939205936531e-16 1.332162854214065e-17
5.743920476773419e+03 1.590911448593669e-16 1.283825719941381e-17
5.745243215620025e+03 1.692475934962869e-16 1.281195895870990e-17
5.746566259073580e+03 1.719203245673285e-16 1.298842781403271e-17
5.747889607204219e+03 1.799539780163728e-16 1.300352521311711e-17
5.749213260082115e+03 1.570073162707174e-16 1.262008941266595e-17
5.750537217777436e+03 1.689525428594547e-16 1.283732222042916e-17
5.751861480360388e+03 1.619684717486226e-16 1.277665760674481e-17
5.753186047901171e+03 1.946655994415649e-16 1.327366216141999e-17
5.754510920470023e+03 1.702636099350422e-16 1.275274078339306e-17
5.755836098137177e+03 1.629590593399488e-16 1.270209354214064e-17
5.757161580972904e+03 1.730341685855466e-16 1.303578037210553e-17
5.758487369047466e+03 1.762888642147580e-16 1.316976349997198e-17
5.759813462431169e+03 1.693915198373749e-16 1.315965119600845e-17
5.761139861194308e+03 1.648908029383353e-16 1.337598186190584e-17
5.762466565407221e+03 1.714891239624701e-16 1.413572290663103e-17
5.763793575140235e+03 1.502220560545444e-16 1.413432988104335e-17
5.765120890463718e+03 1.652363132275669e-16 1.371632735206958e-17
5.766448511448033e+03 1.909672848322799e-16 1.374626085634218e-17
5.767776438163579e+03 1.957250605005002e-16 1.399977485371938e-17
5.769104670680756e+03 1.800446200577317e-16 1.407419294498753e-17
5.770433209069982e+03 1.705013157791852e-16 1.366155435091001e-17
5.771762053401702e+03 1.858906449914068e-16 1.372073374642961e-17
5.773091203746363e+03 1.845699296199921e-16 1.405562656765701e-17
5.774420660174444e+03 1.794820518078656e-16 1.422565979264326e-17
5.775750422756420e+03 1.685165126457574e-16 1.398445531508281e-17
5.777080491562805e+03 1.824184292704242e-16 1.406906568032320e-17
5.778410866664109e+03 1.820740671739193e-16 1.403734020826667e-17
5.779741548130875e+03 1.869507143906567e-16 1.444744720611309e-17
5.781072536033645e+03 1.757877911915373e-16 1.454224678407449e-17
5.782403830442998e+03 1.808516583337581e-16 1.435405334111302e-17
5.783735431429505e+03 1.825650828318443e-16 1.426720712303695e-17
5.785067339063779e+03 2.024543442714005e-16 1.516268051230448e-17
5.786399553416425e+03 1.818839711395642e-16 1.550684050128177e-17
5.787732074558087e+03 1.568493175915685e-16 1.492434955031181e-17
5.789064902559401e+03 1.657150743167796e-16 1.487019371104006e-17
5.790398037491046e+03 1.807112098810857e-16 1.556250209872143e-17
5.791731479423690e+03 1.890855484879261e-16 1.572897532810887e-17
5.793065228428043e+03 1.918219647179108e-16 1.573349314000692e-17
5.794399284574813e+03 1.843830267353721e-16 1.533870938943776e-17
5.795733647934726e+03 1.532131613244285e-16 1.510507176139489e-17
5.797068318578532e+03 1.834986131727690e-16 1.531786990515222e-17
5.798403296577001e+03 1.761667024767297e-16 1.480301624993001e-17
5.799738582000907e+03 1.607877302494368e-16 1.449022497503388e-17
5.801074174921038e+03 1.578733554477815e-16 1.418645254808351e-17
5.802410075408218e+03 1.611920959210691e-16 1.439397708510837e-17
5.803746283533264e+03 1.958441506165293e-16 1.498687794338569e-17
5.805082799367032e+03 1.851450576892004e-16 1.481432869729759e-17
5.806419622980371e+03 1.607221770656428e-16 1.430419040132578e-17
5.807756754444169e+03 1.896552066275769e-16 1.484993954675047e-17
5.809094193829308e+03 1.714429716667324e-16 1.453956910260823e-17
5.810431941206711e+03 1.756777531162978e-16 1.488182571714744e-17
5.811769996647288e+03 1.988081925986316e-16 1.507220707478143e-17
5.813108360221998e+03 1.980355574476041e-16 1.485688362417895e-17
5.814447032001785e+03 1.711449648234718e-16 1.471538159263918e-17
5.815786012057636e+03 1.688334136917723e-16 1.483592743756669e-17
5.817125300460533e+03 1.702902959249717e-16 1.488055603032085e-17
5.818464897281492e+03 1.624345194055353e-16 1.459032332839484e-17
5.819804802591528e+03 1.655824861205841e-16 1.485455444731347e-17
5.821145016461691e+03 1.805253305960387e-16 1.494592152909653e-17
5.822485538963028e+03 1.777007249423691e-16 1.463032019810927e-17
5.823826370166623e+03 1.621199816802055e-16 1.437683531368193e-17
5.825167510143559e+03 1.768244040368219e-16 1.431315145055918e-17
5.826508958964937e+03 1.650218068973597e-16 1.401520758565971e-17
5.827850716701891e+03 1.659601185617923e-16 1.373120079315974e-17
5.829192783425548e+03 1.681536194267209e-16 1.355744775648016e-17
5.830535159207072e+03 1.749493759224495e-16 1.357801644049638e-17
5.831877844117626e+03 1.848392495011688e-16 1.358642533713166e-17
5.833220838228410e+03 1.704186122805329e-16 1.328664096053494e-17
5.834564141610614e+03 1.583022010311427e-16 1.316460482154985e-17
5.835907754335471e+03 1.743017335861756e-16 1.364052260346561e-17
5.837251676474206e+03 1.825196553947351e-16 1.412048784838835e-17
5.838595908098085e+03 1.792492878063058e-16 1.488229966853747e-17
5.839940449278365e+03 1.815379701716543e-16 1.504982893430839e-17
5.841285300086345e+03 1.756921083340035e-16 1.424017521478471e-17
5.842630460593316e+03 1.644802144038291e-16 1.327946287560632e-17
5.843975930870608e+03 1.510932033312074e-16 1.279931805203152e-17
5.845321710989544e+03 1.493786381207294e-16 1.284299202098396e-17
5.846667801021490e+03 1.623038588746784e-16 1.302777812788065e-17
5.848014201037800e+03 1.395278336025468e-16 1.258692717633428e-17
5.849360911109872e+03 1.609649291199270e-16 1.258865158458830e-17
5.850707931309103e+03 1.744720911030561e-16 1.257960376136602e-17
5.852055261706900e+03 1.613443555967362e-16 1.243317560046414e-17
5.853402902374713e+03 1.607523669651237e-16 1.214553360360123e-17
5.854750853383979e+03 1.653741929388422e-16 1.243507780999373e-17
5.856099114806177e+03 1.657283336035515e-16 1.277424854716215e-17
5.857447686712778e+03 1.651298420582931e-16 1.254764504610895e-17
5.858796569175296e+03 1.562041075552431e-16 1.268990452503804e-17
5.860145762265233e+03 1.759478376504232e-16 1.556700047238567e-17
5.861495266054136e+03 1.834546893860240e-16 2.600506333382044e-17
5.862845080613540e+03 1.607815156002149e-16 3.244053522684291e-17
5.864195206015024e+03 1.982924114120432e-16 2.326642647712003e-17
5.865545642330158e+03 1.772657168096758e-16 1.571371614341973e-17
5.866896389630553e+03 1.667678564962249e-16 1.838782786797915e-17
5.868247447987813e+03 1.597965512822369e-16 2.568423630919991e-17
5.869598817473581e+03 1.691627180640787e-16 2.316136969192447e-17
5.870950498159492e+03 1.814966891337007e-16 1.471511701011262e-17
5.872302490117226e+03 1.776859616504548e-16 1.217273499590485e-17
5.873654793418448e+03 1.808691581825763e-16 1.228425555501928e-17
5.875007408134870e+03 3.084314211712410e-16 1.407505946398258e-17
5.876360334338201e+03 6.379029257262918e-16 1.865636666170707e-17
5.877713572100165e+03 7.535741280358644e-16 1.982667087781939e-17
5.879067121492521e+03 4.766929012215022e-16 1.636287178164597e-17
5.880420982587021e+03 2.159917705168783e-16 1.269300538858557e-17
5.881775155455457e+03 1.601154316607275e-16 1.152782068958632e-17
5.883129640169615e+03 1.582123653857056e-16 1.151473806852034e-17
5.884484436801318e+03 1.659291139881021e-16 1.164447581187898e-17
5.885839545422386e+03 1.737917771483077e-16 1.213954154560414e-17
5.887194966104679e+03 1.864079672837989e-16 1.279991089409985e-17
5.888550698920044e+03 1.811964278318288e-16 1.287559285300158e-17
5.889906743940375e+03 1.617047822550492e-16 1.181793008262038e-17
5.891263101237557e+03 1.704020512307058e-16 1.113371586265653e-17
5.892619770883513e+03 1.541612089729847e-16 1.104430437377144e-17
5.893976752950159e+03 1.475792507895120e-16 1.111494671268667e-17
5.895334047509456e+03 1.503934917961707e-16 1.150380617070792e-17
5.896691654633352e+03 1.824342809048988e-16 1.181837861051004e-17
5.898049574393839e+03 1.603159936241784e-16 1.172473578103531e-17
5.899407806862901e+03 1.842861190560929e-16 1.169270050644047e-17
5.900766352112561e+03 1.527893424015912e-16 1.106494833772301e-17
5.902125210214836e+03 1.640313046589789e-16 1.088372821973863e-17
5.903484381241783e+03 1.698871016430464e-16 1.125499003124293e-17
5.904843865265453e+03 1.427634788348887e-16 1.149572461722814e-17
5.906203662357935e+03 1.613033082160318e-16 1.212294257419639e-17
5.907563772591319e+03 1.786615991052990e-16 1.204573321858805e-17
5.908924196037711e+03 1.401000558246583e-16 1.095518817981903e-17
5.910284932769250e+03 1.503224806656577e-16 1.033000296321155e-17
5.911645982858070e+03 1.543567066363051e-16 1.040014108606175e-17
5.913007346376344e+03 1.516002822167068e-16 1.040801284490147e-17
5.914369023396238e+03 1.486258458919921e-16 1.032690121120601e-17
5.915731013989959e+03 1.518433443588182e-16 1.035488958269652e-17
5.917093318229707e+03 1.466450083292157e-16 1.059913040017266e-17
5.918455936187720e+03 1.662885511777370e-16 1.086760857024798e-17
5.919818867936232e+03 1.561491888682255e-16 1.059712265469072e-17
5.921182113547517e+03 1.458715653828199e-16 1.032269132655047e-17
5.922545673093839e+03 1.569099060688111e-16 1.028842625413810e-17
5.923909546647506e+03 1.542193475422406e-16 1.043947359903747e-17
5.925273734280816e+03 1.576587445722509e-16 1.081566734972173e-17
5.926638236066110e+03 1.724422767251085e-16 1.113570147003025e-17
5.928003052075720e+03 1.598835585095757e-16 1.045321835331315e-17
5.929368182382020e+03 1.743518121710682e-16 1.017877659438637e-17
5.930733627057374e+03 1.640568451057210e-16 9.986124302295630e-18
5.932099386174190e+03 1.492226908976367e-16 9.695220662520163e-18
5.933465459804872e+03 1.625292105969589e-16 9.774972174935512e-18
5.934831848021843e+03 1.530932211171523e-16 9.856854370526902e-18
5.936198550897559e+03 1.243778241404718e-16 9.632858991613953e-18
5.937565568504469e+03 1.360836392173732e-16 9.601204897210538e-18
5.938932900915063e+03 1.570113266857426e-16 9.764452725384244e-18
5.940300548201824e+03 1.569485215722562e-16 9.755745634505488e-18
5.941668510437275e+03 1.482126531480897e-16 9.890060237036004e-18
5.943036787693932e+03 1.512207060202432e-16 9.949162764695155e-18
5.944405380044351e+03 1.690470773019319e-16 9.905782602374363e-18
5.945774287561082e+03 1.587949235586676e-16 1.044030619851107e-17
5.947143510316715e+03 1.382660636439858e-16 1.076125767951400e-17
5.948513048383833e+03 1.576801643101683e-16 1.065654354753940e-17
5.949882901835059e+03 1.487271444768867e-16 1.048126095219846e-17
5.951253070743011e+03 1.570315562923083e-16 9.920488862067083e-18
5.952623555180343e+03 1.391857079818896e-16 9.458805531002824e-18
5.953994355219706e+03 1.480774395015452e-16 9.766803069385965e-18
5.955365470933792e+03 1.551787034738193e-16 1.019333629478780e-17
5.956736902395282e+03 1.558483474078814e-16 1.017051017359708e-17
5.958108649676899e+03 1.582565158591057e-16 9.957494230689805e-18
5.959480712851369e+03 1.573099490320523e-16 9.675851047581252e-18
5.960853091991429e+03 1.510534272158528e-16 9.407738117496389e-18
5.962225787169855e+03 1.543635361920741e-16 9.433319020345706e-18
5.963598798459412e+03 1.604374539685717e-16 9.650012211191371e-18
5.964972125932908e+03 1.449715541919498e-16 9.710626580342249e-18
5.966345769663146e+03 1.529684964074916e-16 9.865926762304413e-18
5.967719729722963e+03 1.399856806890411e-16 9.624373388483039e-18
5.969094006185194e+03 1.606092132683126e-16 9.582306344037564e-18
5.970468599122718e+03 1.508638753771383e-16 9.519758595615706e-18
5.971843508608396e+03 1.584929854150790e-16 9.681702781316625e-18
5.973218734715141e+03 1.530651766684099e-16 9.444086240048848e-18
5.974594277515853e+03 1.536777924357832e-16 9.801217637211702e-18
5.975970137083474e+03 1.547939332276371e-16 1.002076017896205e-17
5.977346313490936e+03 1.502543069407260e-16 9.824909194085295e-18
5.978722806811218e+03 1.508401141406982e-16 9.475029943095704e-18
5.980099617117286e+03 1.504435851171644e-16 9.263798064446154e-18
5.981476744482152e+03 1.569982638059092e-16 9.273694267005610e-18
5.982854188978814e+03 1.600766516347136e-16 9.369966787568008e-18
5.984231950680318e+03 1.543972601699308e-16 9.197243277837085e-18
5.985610029659703e+03 1.544515752881462e-16 9.103356004407717e-18
5.986988425990029e+03 1.522837989239351e-16 9.127984609359908e-18
5.988367139744382e+03 1.499840552480761e-16 9.144674225077652e-18
5.989746170995867e+03 1.516249735775600e-16 9.076664096847585e-18
5.991125519817593e+03 1.462532049035001e-16 8.943504053131808e-18
5.992505186282686e+03 1.503350348802249e-16 8.936997043460647e-18
5.993885170464304e+03 1.429251211446165e-16 9.016293301804735e-18
5.995265472435602e+03 1.459184750237566e-16 9.148557900393917e-18
5.996646092269774e+03 1.526641715639280e-16 9.094161597092056e-18
5.998027030040008e+03 1.473303956190549e-16 8.839832615506231e-18
5.999408285819532e+03 1.567172473190561e-16 8.914893029170895e-18
6.000789859681564e+03 1.520135986339476e-16 9.080255088477731e-18
6.002171751699369e+03 1.635090542936778e-16 9.296653449771717e-18
6.003553961946200e+03 1.572728487646828e-16 9.086326630189440e-18
6.004936490495352e+03 1.389425354089466e-16 8.833462638790255e-18
6.006319337420114e+03 1.456628606855972e-16 8.867441803984755e-18
6.007702502793815e+03 1.447374692508122e-16 9.018700844568387e-18
6.009085986689776e+03 1.488507088165988e-16 8.970689771670381e-18
6.010469789181361e+03 1.362975400333231e-16 8.704875348877833e-18
6.011853910341926e+03 1.407724349129894e-16 8.751930995314503e-18
6.013238350244868e+03 1.383308720669367e-16 8.664175948670311e-18
6.014623108963575e+03 1.388651198549306e-16 8.545236863862413e-18
6.016008186571478e+03 1.512881625960043e-16 8.682982515752077e-18
6.017393583142009e+03 1.355994069727379e-16 8.530063371726068e-18
6.018779298748609e+03 1.409195035731427e-16 8.495073284800699e-18
6.020165333464764e+03 1.520574711324666e-16 8.586694169157250e-18
6.021551687363946e+03 1.430125668369885e-16 8.527265593961045e-18
6.022938360519671e+03 1.614744646609583e-16 8.884609656632669e-18
6.024325353005446e+03 1.463630356459012e-16 8.998737652863053e-18
6.025712664894822e+03 1.502726284007451e-16 9.402109301531341e-18
6.027100296261337e+03 1.547582864434845e-16 9.197713474318182e-18
6.028488247178578e+03 1.407796639389120e-16 8.654888444495653e-18
6.029876517720118e+03 1.313764258979178e-16 8.147369236529989e-18
6.031265107959574e+03 1.398801763547883e-16 8.134484752278494e-18
6.032654017970557e+03 1.403928304394608e-16 8.169031321643773e-18
6.034043247826718e+03 1.427636623037611e-16 8.229713960628226e-18
6.035432797601698e+03 1.545389675193971e-16 8.251234692666539e-18
6.036822667369182e+03 1.387830006699618e-16 8.063859264914532e-18
6.038212857202850e+03 1.351234796915094e-16 8.074886712100082e-18
6.039603367176418e+03 1.588116808337547e-16 8.541291365114561e-18
6.040994197363598e+03 1.554630559100076e-16 8.529478305938135e-18
6.042385347838142e+03 1.384100909417946e-16 8.057201817781638e-18
6.043776818673804e+03 1.523405050569510e-16 8.342254032385883e-18
6.045168609944350e+03 1.593857329142982e-16 8.574678821380283e-18
6.046560721723583e+03 1.619715063527123e-16 8.672504830608480e-18
6.047953154085300e+03 1.587571981138954e-16 8.708351241275086e-18
6.049345907103338e+03 1.486382462996744e-16 8.495101778110463e-18
6.050738980851528e+03 1.424723292843498e-16 8.216257073681132e-18
6.052132375403741e+03 1.486064678062708e-16 8.198054852192979e-18
6.053526090833842e+03 1.523291851258372e-16 8.206840553146152e-18
6.054920127215736e+03 1.509741011964530e-16 8.398709302929855e-18
6.056314484623321e+03 1.492415350105831e-16 8.330758866175544e-18
6.057709163130537e+03 1.359618438333759e-16 7.998336426758776e-18
6.059104162811315e+03 1.610774245096182e-16 8.208720866160128e-18
6.060499483739631e+03 1.550739677481157e-16 8.096947251360512e-18
6.061895125989448e+03 1.498332814378266e-16 8.109278010684135e-18
6.063291089634778e+03 1.479614349723463e-16 8.099055476292055e-18
6.064687374749617e+03 1.470741905640217e-16 7.992451479819084e-18
6.066083981408010e+03 1.430865146687019e-16 7.974358135344122e-18
6.067480909683990e+03 1.540154649936779e-16 8.306879678976457e-18
6.068878159651633e+03 1.400403865264696e-16 8.235915199997412e-18
6.070275731385014e+03 1.518837680660115e-16 8.268320356245682e-18
6.071673624958225e+03 1.585739754781806e-16 8.212931100759965e-18
6.073071840445393e+03 1.470176966488414e-16 8.081378212558088e-18
6.074470377920637e+03 1.556562186072607e-16 8.230199890693938e-18
6.075869237458119e+03 1.611096261606719e-16 8.445326697911605e-18
6.077268419131991e+03 1.510712081567266e-16 8.514253003489581e-18
6.078667923016452e+03 1.446167162840498e-16 8.343024899185476e-18
6.080067749185688e+03 1.451022007497652e-16 8.219322471328873e-18
6.081467897713927e+03 1.473740416402460e-16 8.156382841178927e-18
6.082868368675394e+03 1.526373590344549e-16 8.186453690615071e-18
6.084269162144352e+03 1.416166842071618e-16 8.021389682674639e-18
6.085670278195057e+03 1.435979201506730e-16 8.307677997983857e-18
6.087071716901806e+03 1.345891720991704e-16 8.375444791728987e-18
6.088473478338891e+03 1.441924803422911e-16 8.469475935268788e-18
6.089875562580644e+03 1.404311302429589e-16 8.355002102444047e-18
6.091277969701390e+03 1.514824766251969e-16 8.546744065997445e-18
6.092680699775495e+03 1.577228714335003e-16 8.736313141538069e-18
6.094083752877318e+03 1.469842949417480e-16 8.624447843627660e-18
6.095487129081261e+03 1.539578646421789e-16 8.445956405050330e-18
6.096890828461715e+03 1.448824546647673e-16 8.168280203968801e-18
6.098294851093116e+03 1.523200285640667e-16 8.366729350285177e-18
6.099699197049893e+03 1.493083272336569e-16 8.550023433306434e-18
6.101103866406513e+03 1.475563409240399e-16 8.671960348264689e-18
6.102508859237445e+03 1.592760862165920e-16 8.778039406983394e-18
6.103914175617175e+03 1.619180064337626e-16 8.684724981148879e-18
6.105319815620222e+03 1.474996812516037e-16 8.393019211828494e-18
6.106725779321101e+03 1.343810326599016e-16 8.150409964702760e-18
6.108132066794366e+03 1.370982682382333e-16 8.256863061436232e-18
6.109538678114564e+03 1.511496706781720e-16 8.571359967549663e-18
6.110945613356287e+03 1.383949810720309e-16 8.611591826587319e-18
6.112352872594114e+03 1.358973812548596e-16 8.536023764591661e-18
6.113760455902671e+03 1.406198257245718e-16 8.464728131383340e-18
6.115168363356573e+03 1.285819321983477e-16 8.311547093076920e-18
6.116576595030478e+03 1.306998353282383e-16 8.363141263919166e-18
6.117985150999038e+03 1.485108748216528e-16 8.528536955358609e-18
6.119394031336943e+03 1.421174229664437e-16 8.217870105373301e-18
6.120803236118882e+03 1.402416360446393e-16 8.232800532327365e-18
6.122212765419578e+03 1.535342393794883e-16 8.665267465172462e-18
6.123622619313754e+03 1.517408345423969e-16 9.110109006039027e-18
6.125032797876169e+03 1.427713777300618e-16 9.163414375651934e-18
6.126443301181576e+03 1.599888737243297e-16 9.507247960938740e-18
6.127854129304774e+03 1.406393720845496e-16 9.011986212807526e-18
6.129265282320554e+03 1.420880652829124e-16 8.886257133863280e-18
6.130676760303731e+03 1.402789440610723e-16 8.825513176153683e-18
6.132088563329149e+03 1.331439337659811e-16 8.743789684382728e-18
6.133500691471652e+03 1.477411694416783e-16 8.905124664764207e-18
6.134913144806120e+03 1.555258922054751e-16 9.034075352653996e-18
6.136325923407426e+03 1.405803851927756e-16 8.718315666385636e-18
6.137739027350489e+03 1.395847354053915e-16 8.300811344644543e-18
6.139152456710215e+03 1.461283785786039e-16 8.496370121379796e-18
6.140566211561558e+03 1.408251985295330e-16 8.533193757296547e-18
6.141980291979460e+03 1.451002574696539e-16 8.789094168686298e-18
6.143394698038906e+03 1.553775666169672e-16 8.880602775683946e-18
6.144809429814875e+03 1.471151481385731e-16 8.607443651073754e-18
6.146224487382387e+03 1.533409806333644e-16 8.634481220128577e-18
6.147639870816455e+03 1.459917154971936e-16 8.842038893767443e-18
6.149055580192133e+03 1.437779136686837e-16 8.906362140012629e-18
6.150471615584466e+03 1.293386120882911e-16 8.514671671717505e-18
6.151887977068546e+03 1.352932868851330e-16 8.298988292062780e-18
6.153304664719453e+03 1.402106702090349e-16 8.291837397593581e-18
6.154721678612313e+03 1.388049000520861e-16 8.394972406936289e-18
6.156139018822245e+03 1.407770433112533e-16 8.683589984555309e-18
6.157556685424391e+03 1.410361052774459e-16 8.520803842782294e-18
6.158974678493927e+03 1.496521866159104e-16 8.439369020370162e-18
6.160392998106020e+03 1.468772958960893e-16 8.238368395712554e-18
6.161811644335879e+03 1.341645693803214e-16 8.116009705110007e-18
6.163230617258710e+03 1.492109154466464e-16 8.560681478323332e-18
6.164649916949757e+03 1.353855819012210e-16 8.548347160127616e-18
6.166069543484256e+03 1.449254874918250e-16 8.664470825908409e-18
6.167489496937486e+03 1.458796544204243e-16 8.390269493792536e-18
6.168909777384722e+03 1.318086879617361e-16 8.103972198617760e-18
6.170330384901276e+03 1.388085246611921e-16 8.237510462206993e-18
6.171751319562456e+03 1.347209750504619e-16 8.290449434116405e-18
6.173172581443609e+03 1.335319651749823e-16 8.304004230634965e-18
6.174594170620078e+03 1.439449819920279e-16 8.461072114751844e-18
6.176016087167248e+03 1.343608291538622e-16 8.310274589465908e-18
6.177438331160491e+03 1.304214428994203e-16 7.981408835247304e-18
6.178860902675229e+03 1.408618190576901e-16 7.993782464194169e-18
6.180283801786872e+03 1.251220396468174e-16 7.696880017289806e-18
6.181707028570872e+03 1.302746617580046e-16 7.723443952020739e-18
6.183130583102682e+03 1.502612081955844e-16 8.122973294437965e-18
6.184554465457771e+03 1.413986803912183e-16 8.039061399355425e-18
6.185978675711637e+03 1.274119849067035e-16 7.764560931334860e-18
6.187403213939798e+03 1.442737063474922e-16 7.820750895241780e-18
6.188828080217774e+03 1.398334807893400e-16 7.652625010578266e-18
6.190253274621105e+03 1.408410102497429e-16 7.711195152529503e-18
6.191678797225363e+03 1.337013306473495e-16 7.909358799226842e-18
6.193104648106120e+03 1.411436764345439e-16 8.141445107673161e-18
6.194530827338982e+03 1.353074349850862e-16 7.798422852109788e-18
6.195957334999553e+03 1.367422341337172e-16 7.555496510278414e-18
6.197384171163475e+03 1.382294500665579e-16 7.637350491744065e-18
6.198811335906386e+03 1.304382811750783e-16 7.646955457853302e-18
6.200238829303968e+03 1.336141497436865e-16 7.410953149741534e-18
6.201666651431889e+03 1.391616196154763e-16 7.398048370918332e-18
6.203094802365865e+03 1.353528784205872e-16 7.526223969983240e-18
6.204523282181603e+03 1.354362834917746e-16 8.445384812673234e-18
6.205952090954851e+03 1.221521022469644e-16 9.385433500606177e-18
6.207381228761350e+03 1.402798104258762e-16 9.788327199957987e-18
6.208810695676885e+03 1.435483534531443e-16 9.207419663407669e-18
6.210240491777234e+03 1.466668858080774e-16 8.263925469912722e-18
6.211670617138212e+03 1.402353721600699e-16 7.909574345845208e-18
6.213101071835633e+03 1.362129274992517e-16 7.785478504809549e-18
6.214531855945350e+03 1.331059675600150e-16 7.957537559581110e-18
6.215962969543215e+03 1.305472468027662e-16 8.228278746451650e-18
6.217394412705099e+03 1.320342191767542e-16 8.120491856510326e-18
6.218826185506908e+03 1.455967571783166e-16 7.871714510344708e-18
6.220258288024539e+03 1.424074169630490e-16 7.270397563107153e-18
6.221690720333935e+03 1.264396581858563e-16 6.921417383387107e-18
6.223123482511030e+03 1.294959252260244e-16 6.975992554125582e-18
6.224556574631797e+03 1.268968292241841e-16 7.048983145653630e-18
6.225989996772208e+03 1.196885032260166e-16 7.026704347829539e-18
6.227423749008272e+03 1.418454112383923e-16 7.960177377153306e-18
6.228857831415994e+03 1.215727346538117e-16 8.472496260756412e-18
6.230292244071419e+03 1.374381971618297e-16 8.487417444911245e-18
6.231726987050586e+03 1.234225866392317e-16 7.380708135937921e-18
6.233162060429576e+03 1.390198957227168e-16 7.141306802875515e-18
6.234597464284462e+03 1.495432907723031e-16 7.450094046873215e-18
6.236033198691362e+03 1.357347527528163e-16 7.460115710724819e-18
6.237469263726384e+03 1.318997598792652e-16 7.400390484744592e-18
6.238905659465677e+03 1.257081194910847e-16 7.254806828287331e-18
6.240342385985387e+03 1.385738481410770e-16 7.317919339473976e-18
6.241779443361702e+03 1.457336524956118e-16 7.355219586741683e-18
6.243216831670802e+03 1.278241299221615e-16 6.911423257416508e-18
6.244654550988893e+03 1.245107698558754e-16 6.714759257269168e-18
6.246092601392214e+03 1.343020649232644e-16 6.955748364640461e-18
6.247530982956996e+03 1.271735197144230e-16 7.090552719244383e-18
6.248969695759512e+03 1.371634844642472e-16 7.453608569347947e-18
6.250408739876030e+03 1.396856889963852e-16 7.182373944401777e-18
6.251848115382859e+03 1.230825297261846e-16 6.829058782857098e-18
6.253287822356300e+03 1.231286408847802e-16 6.813286788389121e-18
6.254727860872697e+03 1.443004594335546e-16 7.244169509572154e-18
6.256168231008389e+03 1.430728297139181e-16 7.621602766702909e-18
6.257608932839753e+03 1.449590911784912e-16 8.114807473572221e-18
6.259049966443161e+03 1.337662523312945e-16 8.495881201770408e-18
6.260491331895029e+03 1.257570795719934e-16 7.794440577299909e-18
6.261933029271765e+03 1.226744625422830e-16 6.915602477331983e-18
6.263375058649817e+03 1.342293154812530e-16 6.762148622310851e-18
6.264817420105628e+03 1.278575861476070e-16 6.864886744720660e-18
6.266260113715683e+03 1.500590080294814e-16 7.326926229471701e-18
6.267703139556460e+03 1.498596447404149e-16 8.310472008917543e-18
6.269146497704480e+03 1.344440051313336e-16 9.835465702355646e-18
6.270590188236260e+03 1.357844877715088e-16 1.150141417060549e-17
6.272034211228338e+03 1.155401900777106e-16 1.164106517727647e-17
6.273478566757288e+03 1.404007041429798e-16 1.038623875735206e-17
6.274923254899673e+03 1.257126693791266e-16 7.736174303470928e-18
6.276368275732105e+03 1.429764589892003e-16 8.839577677342539e-18
6.277813629331182e+03 1.356073995775695e-16 9.154136509061223e-18
6.279259315773550e+03 1.431054221252635e-16 8.862913690903413e-18
6.280705335135844e+03 1.369122943767353e-16 7.522756933468047e-18
6.282151687494742e+03 1.326160404962512e-16 6.933135654878861e-18
6.283598372926918e+03 1.308701612339064e-16 7.079255146027311e-18
6.285045391509085e+03 1.313932184726504e-16 7.196112258325312e-18
6.286492743317949e+03 1.334844382417608e-16 7.095399472223287e-18
6.287940428430262e+03 1.334094806441285e-16 6.832028440173832e-18
6.289388446922765e+03 1.259303132785471e-16 6.909265362860294e-18
6.290836798872243e+03 1.313213734851851e-16 7.431854553496929e-18
6.292285484355472e+03 1.386932014547821e-16 7.827793399273687e-18
6.293734503449276e+03 1.345857360457300e-16 7.610112246354231e-18
6.295183856230465e+03 1.365002109401909e-16 7.252876803518006e-18
6.296633542775895e+03 1.418971485781747e-16 7.209869327031240e-18
6.298083563162415e+03 1.485164141610584e-16 7.579216132867078e-18
6.299533917466918e+03 1.753999885742310e-16 8.699631525644582e-18
6.300984605766284e+03 2.214164010838190e-16 9.804731098734429e-18
6.302435628137442e+03 2.515128081851198e-16 9.868595255977995e-18
6.303886984657318e+03 2.101430889239924e-16 8.639866120656047e-18
6.305338675402853e+03 1.360854099423507e-16 7.238416028571289e-18
6.306790700451029e+03 1.435275782076149e-16 7.153883092814719e-18
6.308243059878816e+03 1.326886382633756e-16 7.117658576865532e-18
6.309695753763231e+03 1.328243850680600e-16 7.385213822096108e-18
6.311148782181281e+03 1.549982456012993e-16 7.676350665138468e-18
6.312602145210017e+03 1.899482923164960e-16 8.032856285543952e-18
6.314055842926481e+03 1.986636213225843e-16 8.196725981295985e-18
6.315509875407762e+03 1.801831354782137e-16 8.088277679446800e-18
6.316964242730935e+03 1.549783014701752e-16 7.912894800321380e-18
6.318418944973125e+03 1.350566563869734e-16 7.682266833153293e-18
6.319873982211444e+03 1.322881733953884e-16 7.439119425979445e-18
6.321329354523051e+03 1.359043727942631e-16 7.122889731958703e-18
6.322785061985093e+03 1.303526881211681e-16 6.892086951637197e-18
6.324241104674766e+03 1.376747899981492e-16 7.150566163295512e-18
6.325697482669254e+03 1.369935324044874e-16 7.771599016823505e-18
6.327154196045783e+03 1.309470707203949e-16 8.502117583248772e-18
6.328611244881578e+03 1.339888471819741e-16 8.019245457216907e-18
6.330068629253901e+03 1.299419568885143e-16 7.194599291507799e-18
6.331526349240014e+03 1.259401134281448e-16 7.465841721483013e-18
6.332984404917198e+03 1.399072499280934e-16 8.278720644458165e-18
6.334442796362770e+03 1.301535607173776e-16 8.339357674825490e-18
6.335901523654040e+03 1.223053187580694e-16 9.839923946452016e-18
6.337360586868362e+03 1.308013524375681e-16 9.214830670989104e-18
6.338819986083079e+03 1.312556699930548e-16 8.765593150484269e-18
6.340279721375582e+03 1.293452422238489e-16 7.126471509746604e-18
6.341739792823250e+03 1.394314497680759e-16 7.115026861866273e-18
6.343200200503508e+03 1.318573595626521e-16 6.869603575436937e-18
6.344660944493774e+03 1.277566647958807e-16 6.915361809707694e-18
6.346122024871505e+03 1.404688529362295e-16 7.206441883825384e-18
6.347583441714156e+03 1.292350390123383e-16 7.173404953418606e-18
6.349045195099221e+03 1.252853167306364e-16 7.029166327677435e-18
6.350507285104189e+03 1.217472471943436e-16 6.938782054939763e-18
6.351969711806590e+03 1.414535380238958e-16 7.095002656467631e-18
6.353432475283948e+03 1.333373116525505e-16 8.683045544325858e-18
6.354895575613830e+03 1.206690892903416e-16 9.556287161671081e-18
6.356359012873796e+03 1.280741589587672e-16 1.006883166923944e-17
6.357822787141448e+03 1.377202962636495e-16 8.403012856060757e-18
6.359286898494389e+03 1.349006262772274e-16 7.501319004921019e-18
6.360751347010235e+03 1.475186394067720e-16 7.128465950282863e-18
6.362216132766645e+03 1.379592216240294e-16 6.929028095681200e-18
6.363681255841268e+03 1.499013026522978e-16 6.989681652335424e-18
6.365146716311795e+03 1.596349969673151e-16 7.184450556120695e-18
6.366612514255910e+03 1.703034781341831e-16 7.288107275962904e-18
6.368078649751342e+03 1.566768319858222e-16 7.046480992975704e-18
6.369545122875810e+03 1.334089867586314e-16 6.764546034188529e-18
6.371011933707079e+03 1.329643282150490e-16 6.753253246382043e-18
6.372479082322903e+03 1.302338664199483e-16 6.739791129684553e-18
6.373946568801085e+03 1.292346500804845e-16 6.628146111688604e-18
6.375414393219414e+03 1.364509656904292e-16 6.707360400731911e-18
6.376882555655726e+03 1.339214505477702e-16 6.875687034155088e-18
6.378351056187848e+03 1.436133267779031e-16 7.359533769244496e-18
6.379819894893653e+03 1.438908974648917e-16 7.175228251198122e-18
6.381289071851003e+03 1.238587015993361e-16 6.611080388318747e-18
6.382758587137807e+03 1.258237765215669e-16 6.751312187505337e-18
6.384228440831962e+03 1.450290934525729e-16 6.959379291780924e-18
6.385698633011411e+03 1.279340969586691e-16 6.726159440577846e-18
6.387169163754098e+03 1.429685086010454e-16 6.847241411615311e-18
6.388640033137981e+03 1.340905008166650e-16 6.772524181504876e-18
6.390111241241051e+03 1.167337072179273e-16 6.789398880685116e-18
6.391582788141316e+03 1.213782907369331e-16 6.862018662233895e-18
6.393054673916788e+03 1.182362334777531e-16 6.595089975175771e-18
6.394526898645502e+03 1.228304177711790e-16 6.483087547310802e-18
6.395999462405525e+03 1.330301346849073e-16 6.581915688083564e-18
6.397472365274916e+03 1.318142635497305e-16 6.761419024238394e-18
6.398945607331782e+03 1.291348316160343e-16 6.779660507915006e-18
6.400419188654219e+03 1.301155053794806e-16 6.503002272352673e-18
6.401893109320369e+03 1.263219776446412e-16 6.410597187107142e-18
6.403367369408364e+03 1.273432564628942e-16 6.425547112710932e-18
6.404841968996379e+03 1.439588651394518e-16 6.729883654685769e-18
6.406316908162586e+03 1.368409477994699e-16 6.606100120236996e-18
6.407792186985194e+03 1.267215583534882e-16 6.429016143728573e-18
6.409267805542412e+03 1.286186918138653e-16 6.377202099978717e-18
6.410743763912486e+03 1.225855759109487e-16 6.336293584125398e-18
6.412220062173657e+03 1.332715626740955e-16 6.504081633226596e-18
6.413696700404212e+03 1.131443891862606e-16 6.173149017020967e-18
6.415173678682424e+03 1.222739101522014e-16 6.380959572725920e-18
6.416650997086616e+03 1.293908197021591e-16 6.586271604057047e-18
6.418128655695103e+03 1.313646011034697e-16 6.689148469784598e-18
6.419606654586238e+03 1.346467291257421e-16 6.746395344066500e-18
6.421084993838380e+03 1.340474210662578e-16 6.924924183286134e-18
6.422563673529899e+03 1.345119037520307e-16 6.923963650590262e-18
6.424042693739210e+03 1.275450818170527e-16 6.720616822361512e-18
6.425522054544714e+03 1.231182082548505e-16 6.499749989658119e-18
6.427001756024857e+03 1.271403016261233e-16 6.644228465414290e-18
6.428481798258081e+03 1.286087502407755e-16 6.649292128115247e-18
6.429962181322868e+03 1.284581357157343e-16 6.822633569058142e-18
6.431442905297692e+03 1.212688103774920e-16 7.155866844786907e-18
6.432923970261075e+03 1.176006292831819e-16 7.559183648794961e-18
6.434405376291527e+03 1.375607954295375e-16 7.761773575874541e-18
6.435887123467603e+03 1.351867270380560e-16 7.837805997277057e-18
6.437369211867855e+03 1.144348944140116e-16 7.989675209272310e-18
6.438851641570869e+03 1.275407107438246e-16 7.770952988073219e-18
6.440334412655233e+03 1.281696502021311e-16 7.653686572177415e-18
6.441817525199572e+03 1.150431038960119e-16 7.561109629873157e-18
6.443300979282509e+03 1.242967442847897e-16 7.343448283692216e-18
6.444784774982706e+03 1.284963017084741e-16 6.904667841200465e-18
6.446268912378820e+03 1.259507666503376e-16 6.765099056228492e-18
6.447753391549553e+03 1.215431763672958e-16 6.681933053878204e-18
6.449238212573601e+03 1.250368321624297e-16 6.663798424616329e-18
6.450723375529684e+03 1.258621837948586e-16 6.594526185713150e-18
6.452208880496556e+03 1.148597733772487e-16 6.414930232964226e-18
6.453694727552964e+03 1.232688595356247e-16 6.510027593115183e-18
6.455180916777698e+03 1.362258180627880e-16 6.653817680789116e-18
6.456667448249542e+03 1.278565472822030e-16 6.555705350296389e-18
6.458154322047323e+03 1.210601464161779e-16 6.467253926511518e-18
6.459641538249863e+03 1.179642348475936e-16 6.495848672411684e-18
6.461129096936022e+03 1.238232159991874e-16 6.552755090620822e-18
6.462616998184658e+03 1.241104152655631e-16 6.682638171877520e-18
6.464105242074670e+03 1.090443439832803e-16 6.485538595849059e-18
6.465593828684951e+03 1.344846218938240e-16 7.130414850679048e-18
6.467082758094438e+03 1.171643303270411e-16 8.345077208832364e-18
6.468572030382057e+03 1.214546858066612e-16 9.794343523230037e-18
6.470061645626783e+03 1.257022018347773e-16 9.194540952753732e-18
6.471551603907580e+03 1.292087557855597e-16 7.513802346517942e-18
6.473041905303457e+03 1.209873989335158e-16 7.147836973938957e-18
6.474532549893416e+03 1.317586942109654e-16 7.401445010442033e-18
6.476023537756502e+03 1.341847758677272e-16 7.328375281855125e-18
6.477514868971759e+03 1.329678488680602e-16 6.988821695073754e-18
6.479006543618250e+03 1.212503256666357e-16 6.817557029552176e-18
6.480498561775074e+03 1.202705943782522e-16 6.917637439576907e-18
6.481990923521324e+03 1.257620381448635e-16 7.086893490873258e-18
6.483483628936136e+03 1.187029327106738e-16 6.921635191914614e-18
6.484976678098638e+03 1.143335967034795e-16 6.744633701721701e-18
6.486470071088006e+03 1.237630767920233e-16 6.896875609708161e-18
6.487963807983402e+03 1.344793168153481e-16 7.135820087257636e-18
6.489457888864037e+03 1.310234945316451e-16 7.086199410524689e-18
6.490952313809112e+03 1.184356746827772e-16 7.057126089744350e-18
6.492447082897873e+03 1.222104528189380e-16 7.331452533639102e-18
6.493942196209558e+03 1.284919001478670e-16 7.087917546700246e-18
6.495437653823451e+03 1.201136179503605e-16 6.714535490333912e-18
6.496933455818823e+03 1.190487217079441e-16 6.537250593964073e-18
6.498429602274997e+03 1.349499751461204e-16 6.714347019659337e-18
6.499926093271281e+03 1.178783383041212e-16 6.764989262886038e-18
6.501422928887033e+03 1.234433023548425e-16 7.871429273109507e-18
6.502920109201599e+03 1.273349304013243e-16 8.684854678947609e-18
6.504417634294371e+03 1.161415926363307e-16 8.172390335629981e-18
6.505915504244734e+03 1.214149999265974e-16 7.198386520518146e-18
6.507413719132116e+03 1.203843373105727e-16 6.744871035260846e-18
6.508912279035938e+03 1.181010668217100e-16 6.638544544621769e-18
6.510411184035665e+03 1.142366148016332e-16 6.740965945022375e-18
6.511910434210762e+03 1.215134489557348e-16 7.087567967849922e-18
6.513410029640710e+03 1.315363192993318e-16 7.275252840466126e-18
6.514909970405029e+03 1.225196867468690e-16 7.059316254703414e-18
6.516410256583232e+03 1.206121228336859e-16 6.747919054441966e-18
6.517910888254874e+03 1.265216694219439e-16 6.602955660350788e-18
6.519411865499507e+03 1.140478576586957e-16 6.694475377887895e-18
6.520913188396722e+03 1.213666194981787e-16 7.487648724002381e-18
6.522414857026104e+03 1.481014120801619e-16 8.953447097081254e-18
6.523916871467286e+03 1.350550133098893e-16 8.773426833980707e-18
6.525419231799888e+03 1.259881819196891e-16 7.518216765592538e-18
6.526921938103575e+03 1.210330064268496e-16 6.544196071078022e-18
6.528424990458009e+03 1.157899627196959e-16 6.364446089532396e-18
6.529928388942893e+03 1.316845209510182e-16 6.899893677430614e-18
6.531432133637922e+03 1.198832843334680e-16 7.339914550357043e-18
6.532936224622836e+03 1.306613300387633e-16 7.884659003191965e-18
6.534440661977365e+03 1.251550251509411e-16 7.398448046807823e-18
6.535945445781291e+03 1.173598254153221e-16 6.749517665977123e-18
6.537450576114378e+03 1.365073393306563e-16 7.218584861641301e-18
6.538956053056442e+03 1.255870032993165e-16 7.249690122003605e-18
6.540461876687295e+03 1.290193423622238e-16 7.073129501665171e-18
6.541968047086769e+03 1.248915590844560e-16 6.660843943335556e-18
6.543474564334731e+03 1.261213160824404e-16 6.863036244486668e-18
6.544981428511041e+03 1.348148042573433e-16 7.901476612084476e-18
6.546488639695606e+03 1.373999176863137e-16 8.862187963399973e-18
6.547996197968324e+03 1.992962274768263e-16 9.329233477880856e-18
6.549504103409137e+03 2.681770784132571e-16 9.414500914958139e-18
6.551012356097978e+03 2.658966284986376e-16 8.879716077190974e-18
6.552520956114829e+03 2.027925597297029e-16 7.931946425306488e-18
6.554029903539658e+03 1.523440356880771e-16 7.252155078782393e-18
6.555539198452485e+03 1.558627768525134e-16 7.327907853358568e-18
6.557048840933314e+03 1.625475646545431e-16 7.294040370207357e-18
6.558558831062202e+03 2.051791283036774e-16 8.134142000193994e-18
6.560069168919189e+03 4.785756779331591e-16 1.214249345586457e-17
6.561579854584368e+03 2.675571038827868e-15 4.002344038300679e-17
6.563090888137821e+03 8.948850825281406e-15 1.443459017408541e-16
6.564602269659674e+03 1.345939692717733e-14 2.304123658867892e-16
6.566113999230045e+03 1.071973424298360e-14 1.743196592004753e-16
6.567626076929098e+03 3.976028345420768e-15 8.171238112782686e-17
6.569138502836997e+03 6.015382701843519e-16 2.363919839320900e-17
6.570651277033920e+03 2.077217461202811e-16 1.021962984937730e-17
6.572164399600088e+03 1.861750664062965e-16 7.751153914567735e-18
6.573677870615708e+03 1.627696401395912e-16 7.639378815949974e-18
6.575191690161042e+03 1.455020245852244e-16 7.271683916963057e-18
6.576705858316334e+03 1.496181542814200e-16 7.006005491591953e-18
6.578220375161878e+03 1.476122867433885e-16 6.866180964501257e-18
6.579735240777959e+03 1.391744820648454e-16 6.808099360299903e-18
6.581250455244906e+03 1.551905162619808e-16 7.262609170113641e-18
6.582766018643041e+03 2.778756515152913e-16 8.969117929446729e-18
6.584281931052732e+03 4.856500992659454e-16 1.216159974585486e-17
6.585798192554337e+03 5.556639852838676e-16 1.336686993429341e-17
6.587314803228260e+03 3.875615899698296e-16 1.022837204993933e-17
6.588831763154897e+03 1.885352923057473e-16 7.378502625094090e-18
6.590349072414690e+03 1.340803578136724e-16 6.357506018701391e-18
6.591866731088069e+03 1.317136786748189e-16 6.198945150849355e-18
6.593384739255515e+03 1.319523366906294e-16 6.185934590397246e-18
6.594903096997497e+03 1.384278622334494e-16 6.378985200415972e-18
6.596421804394529e+03 1.225089443784050e-16 6.291005413213088e-18
6.597940861527120e+03 1.196203307975441e-16 6.473093653849633e-18
6.599460268475819e+03 1.202705960391967e-16 6.499354053462749e-18
6.600980025321174e+03 1.345172121299377e-16 6.570297692060087e-18
6.602500132143772e+03 1.151108893921189e-16 6.477407508198503e-18
6.604020589024201e+03 1.132799176255104e-16 6.392984283722151e-18
6.605541396043069e+03 1.247803461008520e-16 6.337103166621812e-18
6.607062553281019e+03 1.346315827960592e-16 6.248683123809033e-18
6.608584060818687e+03 1.291873420088090e-16 6.105487060750068e-18
6.610105918736759e+03 1.325358956030790e-16 6.300617825548568e-18
6.611628127115905e+03 1.275832003854864e-16 6.493426835616552e-18
6.613150686036846e+03 1.215958444669216e-16 6.394382074279421e-18
6.614673595580294e+03 1.150598558707808e-16 6.111577437579335e-18
6.616196855827005e+03 1.184148092126788e-16 5.942398953289614e-18
6.617720466857726e+03 1.180387101274081e-16 6.003231071552958e-18
6.619244428753253e+03 1.242633249379035e-16 6.139451602023582e-18
6.620768741594368e+03 1.195350642292781e-16 6.243689605165177e-18
6.622293405461905e+03 1.229312692770159e-16 6.254358532421644e-18
6.623818420436686e+03 1.259469239505856e-16 6.158449107727780e-18
6.625343786599578e+03 1.151482386007422e-16 5.799179101424532e-18
6.626869504031444e+03 1.158484554308473e-16 5.903749729577666e-18
6.628395572813185e+03 1.196845603992321e-16 5.997065188608708e-18
6.629921993025702e+03 1.266095081425270e-16 6.184624882574579e-18
6.631448764749935e+03 1.240362399885178e-16 6.176460426708480e-18
6.632975888066828e+03 1.204497693709426e-16 5.983963801447402e-18
6.634503363057338e+03 1.195399046705968e-16 5.892054125300259e-18
6.636031189802465e+03 1.185437574742471e-16 6.086286077130645e-18
6.637559368383198e+03 1.235471357849869e-16 6.293337418884516e-18
6.639087898880575e+03 1.170597898571430e-16 6.152187391069711e-18
6.640616781375623e+03 1.151475014394310e-16 5.818312623252033e-18
6.642146015949415e+03 1.177855266455274e-16 5.771131616535728e-18
6.643675602683015e+03 1.121029564090596e-16 5.815033678047623e-18
6.645205541657534e+03 1.219884805421085e-16 5.986732865882067e-18
6.646735832954077e+03 1.116122143381365e-16 5.785773899338053e-18
6.648266476653787e+03 1.111351553418387e-16 5.745539178908141e-18
6.649797472837809e+03 1.185987827029522e-16 5.864985829268663e-18
6.651328821587325e+03 1.106444693044009e-16 5.850361468838777e-18
6.652860522983513e+03 1.171629628619722e-16 5.847306299264274e-18
6.654392577107596e+03 1.169382962409317e-16 5.877763230619651e-18
6.655924984040787e+03 1.177298575847474e-16 5.811197367876510e-18
6.657457743864349e+03 1.137056182569636e-16 5.708379152238408e-18
6.658990856659531e+03 1.058843759635195e-16 5.713229101438727e-18
6.660524322507631e+03 1.141937753340428e-16 5.839571484047819e-18
6.662058141489947e+03 1.195526492179924e-16 5.946601345614056e-18
6.663592313687793e+03 1.224945742061621e-16 5.921880549911450e-18
6.665126839182522e+03 1.258283509630821e-16 6.013610884961331e-18
6.666661718055479e+03 1.160806168412236e-16 5.987395960028912e-18
6.668196950388055e+03 1.140357959426590e-16 6.043939459051063e-18
6.669732536261636e+03 1.217234671127094e-16 6.014322925064043e-18
6.671268475757648e+03 1.247556314632395e-16 6.118626334219406e-18
6.672804768957511e+03 1.202154409208403e-16 6.235132194832352e-18
6.674341415942693e+03 1.132450848210665e-16 6.398490861356396e-18
6.675878416794651e+03 1.288247759414708e-16 6.558460165751343e-18
6.677415771594890e+03 1.484816362865321e-16 6.512274639374190e-18
6.678953480424903e+03 2.400978497787622e-16 8.041635271829395e-18
6.680491543366234e+03 2.687964355809403e-16 8.489960468673778e-18
6.682029960500414e+03 1.996466469345366e-16 7.296892474173766e-18
6.683568731909023e+03 1.316897984773542e-16 6.173186783241751e-18
6.685107857673630e+03 1.233741094309166e-16 6.037844479266625e-18
6.686647337875854e+03 1.145539650958391e-16 5.942898176429725e-18
6.688187172597301e+03 1.130303232393816e-16 5.858919851656762e-18
6.689727361919626e+03 1.116334549036513e-16 5.789208367005779e-18
6.691267905924480e+03 1.214712252399821e-16 5.951742532849948e-18
6.692808804693536e+03 1.198091207829362e-16 6.062296573927177e-18
6.694350058308498e+03 1.126444397500469e-16 6.153868478240852e-18
6.695891666851087e+03 1.131822934096974e-16 6.251966865098094e-18
6.697433630403031e+03 1.207291364393627e-16 6.215913508561769e-18
6.698975949046077e+03 1.165417086243924e-16 5.960139481616985e-18
6.700518622862011e+03 1.185402043040691e-16 5.898227265413843e-18
6.702061651932610e+03 1.150396539583422e-16 5.908131955561858e-18
6.703605036339697e+03 1.224656444357274e-16 6.027873181421914e-18
6.705148776165089e+03 1.174981005853651e-16 6.082900692715645e-18
6.706692871490643e+03 1.111893282165607e-16 5.921606031596692e-18
6.708237322398216e+03 1.256401930151276e-16 6.063191955385809e-18
6.709782128969706e+03 1.254506167929399e-16 6.034612783134356e-18
6.711327291287001e+03 1.139310844198295e-16 5.952648951340706e-18
6.712872809432040e+03 1.133510470687713e-16 5.920192921860722e-18
6.714418683486751e+03 1.623718950677717e-16 6.882621407652927e-18
6.715964913533107e+03 3.824665375683333e-16 1.015354587244466e-17
6.717511499653075e+03 7.370634867920751e-16 1.654990837832421e-17
6.719058441928666e+03 7.904467622305740e-16 1.732731432760332e-17
6.720605740441884e+03 4.936980393634122e-16 1.197214763092552e-17
6.722153395274780e+03 1.859046823227716e-16 7.309704414407845e-18
6.723701406509395e+03 1.327017349828200e-16 6.207496120642951e-18
6.725249774227816e+03 1.219736451987845e-16 6.040312820210174e-18
6.726798498512128e+03 1.199854044330151e-16 6.072127158184125e-18
6.728347579444439e+03 1.372415938199663e-16 6.381503313161387e-18
6.729897017106890e+03 2.313456171247764e-16 8.084940557440927e-18
6.731446811581620e+03 4.916907031411821e-16 1.217456339038301e-17
6.732996962950809e+03 6.133842119581450e-16 1.460920046067277e-17
6.734547471296632e+03 4.524945274850048e-16 1.188868795174887e-17
6.736098336701307e+03 2.188435595487191e-16 7.783618092254811e-18
6.737649559247048e+03 1.280023735396109e-16 6.235422828583677e-18
6.739201139016113e+03 1.175910703426303e-16 5.881594744752065e-18
6.740753076090749e+03 1.197961414091384e-16 5.905239340993903e-18
6.742305370553256e+03 1.235995172268279e-16 6.000856084692776e-18
6.743858022485917e+03 1.244763201387875e-16 6.004847905229247e-18
6.745411031971067e+03 1.229662523142399e-16 6.083510142292738e-18
6.746964399091033e+03 1.223107097831754e-16 6.070619058380828e-18
6.748518123928184e+03 1.243665209590530e-16 6.144835803898630e-18
6.750072206564886e+03 1.186353289891712e-16 6.140654355085022e-18
6.751626647083546e+03 1.152122729224768e-16 6.209659655926496e-18
6.753181445566568e+03 1.171755204864539e-16 6.147473604291077e-18
6.754736602096395e+03 1.141409908075066e-16 5.887899924897031e-18
6.756292116755480e+03 1.077645183162825e-16 5.739365674175949e-18
6.757847989626281e+03 1.138486217810318e-16 5.853140227094086e-18
6.759404220791305e+03 1.261354332363554e-16 6.109408786198647e-18
6.760960810333049e+03 1.181631666860810e-16 5.999575849318120e-18
6.762517758334056e+03 1.142415640286867e-16 5.871892069309930e-18
6.764075064876857e+03 1.142363477887413e-16 5.891263672956292e-18
6.765632730044036e+03 1.077828783312040e-16 5.762624390236271e-18
6.767190753918164e+03 1.151131947214713e-16 5.954921925448224e-18
6.768749136581858e+03 1.227538769261872e-16 6.825596844369957e-18
6.770307878117730e+03 1.320230329159769e-16 7.120760393474145e-18
6.771866978608436e+03 1.161528086747485e-16 5.921727903655407e-18
6.773426438136624e+03 1.261930131583087e-16 5.999604456245286e-18
6.774986256784988e+03 1.182634861356866e-16 5.912045171264937e-18
6.776546434636215e+03 1.048153565629862e-16 5.619094558260442e-18
6.778106971773039e+03 1.177838074205331e-16 5.922372509746680e-18
6.779667868278182e+03 1.242672302290341e-16 6.217739142641619e-18
6.781229124234416e+03 1.220206135372771e-16 6.415341609322895e-18
6.782790739724504e+03 1.103115342174357e-16 6.241212324106979e-18
6.784352714831256e+03 1.026025757697100e-16 5.789116654317777e-18
6.785915049637476e+03 1.056945892450335e-16 5.656391709489378e-18
6.787477744225993e+03 1.141762093409921e-16 5.772476686498312e-18
6.789040798679666e+03 1.227404819617820e-16 5.875226390742236e-18
6.790604213081374e+03 1.073162514011106e-16 5.730355800325285e-18
6.792167987513999e+03 1.096297398934234e-16 6.000254920384090e-18
6.793732122060445e+03 1.032891230286209e-16 6.638585445646203e-18
6.795296616803656e+03 1.151274969511852e-16 7.539908724682820e-18
6.796861471826563e+03 1.229922669575502e-16 8.943098316081286e-18
6.798426687212148e+03 1.229262622549593e-16 9.783806002530050e-18
6.799992263043385e+03 1.275650946175703e-16 9.564119160017202e-18
6.801558199403292e+03 1.256081940339616e-16 9.490658234980104e-18
6.803124496374879e+03 1.210980376776797e-16 9.397872073802251e-18
6.804691154041202e+03 1.080168818184376e-16 8.225346447664509e-18
6.806258172485313e+03 1.091347202889153e-16 6.745684397736301e-18
6.807825551790305e+03 1.132576287505855e-16 6.085098787187111e-18
6.809393292039267e+03 1.032392657987523e-16 6.335325261780227e-18
6.810961393315332e+03 1.100763250350228e-16 6.856019958158844e-18
6.812529855701625e+03 1.176718149374856e-16 6.588472611887072e-18
6.814098679281317e+03 1.115004237327412e-16 6.007878733906831e-18
6.815667864137581e+03 1.047804742492633e-16 5.638714793800441e-18
6.817237410353605e+03 1.103385461371370e-16 5.755246212635307e-18
6.818807318012611e+03 1.031886683909830e-16 5.719676363742873e-18
6.820377587197843e+03 1.094510565966643e-16 5.905450013057225e-18
6.821948217992547e+03 1.086516920297178e-16 5.824080405784550e-18
6.823519210479990e+03 1.095896181206666e-16 5.792480111106571e-18
6.825090564743477e+03 1.052056816817551e-16 5.685004462374487e-18
6.826662280866305e+03 1.131068595138803e-16 5.959437764438871e-18
6.828234358931821e+03 1.065750656617234e-16 6.438362890073823e-18
6.829806799023360e+03 1.151227437376538e-16 8.372318390936099e-18
6.831379601224306e+03 1.145497952090210e-16 9.703695761450427e-18
6.832952765618032e+03 1.144616389362514e-16 1.001536790554675e-17
6.834526292287960e+03 1.269239611657796e-16 9.663895035494458e-18
6.836100181317503e+03 1.282972648036312e-16 8.315335844256812e-18
6.837674432790122e+03 1.138782701088393e-16 8.288075160356320e-18
6.839249046789266e+03 1.019698684044148e-16 7.770242777188688e-18
6.840824023398434e+03 1.041739415221181e-16 7.131240514774427e-18
6.842399362701118e+03 1.038075812484699e-16 6.562306745638301e-18
6.843975064780852e+03 1.116910723405403e-16 6.548699691612345e-18
6.845551129721165e+03 1.061189113496289e-16 6.753400180573882e-18
6.847127557605634e+03 1.166062023425818e-16 7.071931979536994e-18
6.848704348517823e+03 1.127118065850222e-16 7.035197842578468e-18
6.850281502541347e+03 1.076579690372156e-16 6.744193860651311e-18
6.851859019759819e+03 1.090972611662925e-16 6.326609675338638e-18
6.853436900256869e+03 1.261739367120965e-16 6.533417449951038e-18
6.855015144116169e+03 1.010955797069450e-16 6.522341222630748e-18
6.856593751421382e+03 9.997315813257208e-17 6.954113031815824e-18
6.858172722256218e+03 1.092201489969081e-16 7.382667147051732e-18
6.859752056704379e+03 1.092054283834814e-16 7.065944360096239e-18
6.861331754849613e+03 1.060771124737339e-16 6.394677818335658e-18
6.862911816775661e+03 1.108380889160207e-16 6.177349760637302e-18
6.864492242566309e+03 1.176671111315494e-16 6.263414657678948e-18
6.866073032305336e+03 1.136193765619451e-16 6.345651341494838e-18
6.867654186076567e+03 1.025572824683612e-16 6.759291368313412e-18
6.869235703963822e+03 9.836831971729341e-17 7.033307484373100e-18
6.870817586050963e+03 1.031776710592365e-16 6.718706761137733e-18
6.872399832421846e+03 1.098920890559021e-16 6.388854580881576e-18
6.873982443160375e+03 1.109059328422288e-16 6.070896301702664e-18
6.875565418350443e+03 1.051298605891675e-16 5.942953332494603e-18
6.877148758075993e+03 1.084187727929640e-16 6.273582120845281e-18
6.878732462420958e+03 1.077325554384407e-16 6.948301383009340e-18
6.880316531469317e+03 1.142692620368788e-16 7.728201746453479e-18
6.881900965305052e+03 9.637834075813208e-17 7.510509066483293e-18
6.883485764012157e+03 1.081092072709371e-16 6.653479031767667e-18
6.885070927674665e+03 1.028598294417119e-16 5.950534632244794e-18
6.886656456376628e+03 1.067687720246276e-16 6.015357941519284e-18
6.888242350202101e+03 1.048021246732582e-16 6.391689165418176e-18
6.889828609235160e+03 1.171593391476848e-16 7.830576502552876e-18
6.891415233559920e+03 8.898771005634062e-17 8.480481661929766e-18
6.893002223260488e+03 1.007957363781235e-16 8.239941762475306e-18
6.894589578421021e+03 1.095764309267017e-16 6.732854738878846e-18
6.896177299125661e+03 9.704105901190114e-17 5.783873272834612e-18
6.897765385458605e+03 1.028455958163275e-16 5.733693622560219e-18
6.899353837504036e+03 9.816886817453836e-17 5.715237465544375e-18
6.900942655346186e+03 1.021248508901462e-16 6.095493242434782e-18
6.902531839069279e+03 1.050718739571890e-16 6.222921460806565e-18
6.904121388757587e+03 1.043942923635183e-16 6.042215448532321e-18
6.905711304495369e+03 9.454837483951082e-17 6.565163879665496e-18
6.907301586366938e+03 1.187908828488302e-16 7.257412735383766e-18
6.908892234456594e+03 1.177000202585755e-16 7.030070071696351e-18
6.910483248848685e+03 1.027688751681456e-16 6.038212552279901e-18
6.912074629627558e+03 9.511241053508349e-17 6.315763698310621e-18
6.913666376877582e+03 1.040215014056448e-16 7.325275267928102e-18
6.915258490683152e+03 1.116004419596630e-16 8.371994737828669e-18
6.916850971128691e+03 9.568860773432498e-17 8.776003270149705e-18
6.918443818298622e+03 1.060524157339970e-16 8.435378653477261e-18
6.920037032277390e+03 1.068534892609429e-16 6.674306873924905e-18
6.921630613149480e+03 1.132639311086975e-16 6.013751250293137e-18
6.923224560999366e+03 1.103307942215069e-16 5.887913639324353e-18
6.924818875911574e+03 1.076324469506723e-16 6.522440967767524e-18
6.926413557970617e+03 1.033802680902227e-16 7.001954596154541e-18
6.928008607261058e+03 1.046468559530726e-16 7.078293847147441e-18
6.929604023867451e+03 1.087458267405717e-16 6.849770405042916e-18
6.931199807874398e+03 1.001833234111450e-16 6.538562440478066e-18
6.932795959366492e+03 1.101584078523520e-16 6.638399740274463e-18
6.934392478428372e+03 9.813274466743539e-17 6.718273917109655e-18
6.935989365144670e+03 1.015146996087215e-16 6.624450827728118e-18
6.937586619600066e+03 1.195568670007486e-16 6.849075304665060e-18
6.939184241879230e+03 1.176636293139782e-16 6.918810047252870e-18
6.940782232066882e+03 1.153754806399024e-16 6.650217945907073e-18
6.942380590247737e+03 1.098002401737636e-16 6.436788285329285e-18
6.943979316506531e+03 1.122009443850659e-16 6.820229650302953e-18
6.945578410928037e+03 1.123220537808033e-16 8.344328513074937e-18
6.947177873597040e+03 1.062226816050481e-16 8.742370071072138e-18
6.948777704598338e+03 1.057434176247085e-16 7.047402358586336e-18
6.950377904016745e+03 1.021726246688560e-16 5.985809939347220e-18
6.951978471937115e+03 1.140496296334687e-16 6.088440381487099e-18
6.953579408444294e+03 1.090345873572918e-16 5.964647864739112e-18
6.955180713623177e+03 9.537979370218472e-17 5.747280593182395e-18
6.956782387558650e+03 1.029050684744513e-16 5.769701926740079e-18
6.958384430335645e+03 9.805292385503268e-17 5.755325104071613e-18
6.959986842039089e+03 1.133014339160718e-16 5.913954552769481e-18
6.961589622753951e+03 1.113281227271121e-16 5.859164143584345e-18
6.963192772565197e+03 1.037374104300056e-16 5.788599713888648e-18
6.964796291557837e+03 1.108495642335533e-16 5.940359647962871e-18
6.966400179816875e+03 1.122433580124492e-16 5.935958266018946e-18
6.968004437427360e+03 1.070253732326279e-16 5.727443082985599e-18
6.969609064474337e+03 1.007875376984623e-16 5.861852343243207e-18
6.971214061042893e+03 8.402462911843055e-17 5.949051525125543e-18
6.972819427218110e+03 1.031134800657113e-16 6.705512233084906e-18
6.974425163085118e+03 1.053062889597877e-16 6.732774954362181e-18
6.976031268729035e+03 1.078465980502686e-16 6.550597917793347e-18
6.977637744235032e+03 1.093230474043873e-16 6.858141487713202e-18
6.979244589688275e+03 1.033026849775099e-16 7.047576935812511e-18
6.980851805173948e+03 9.804455412650581e-17 6.505731719951498e-18
6.982459390777281e+03 9.590536026584159e-17 5.566091875799808e-18
6.984067346583490e+03 1.124690629019507e-16 5.708900178193485e-18
6.985675672677843e+03 9.537695328625924e-17 5.498163890246088e-18
6.987284369145597e+03 1.026830112273183e-16 5.674774011569982e-18
6.988893436072058e+03 9.896027244442605e-17 5.623540749188807e-18
6.990502873542521e+03 1.031360696137883e-16 5.757006583285630e-18
6.992112681642335e+03 9.418643647826952e-17 5.729755464502474e-18
6.993722860456832e+03 1.035899422103275e-16 5.864595516206126e-18
6.995333410071397e+03 9.771605351336071e-17 5.742610208887517e-18
6.996944330571408e+03 1.065496644280824e-16 5.658885911881083e-18
6.998555622042287e+03 1.026097400127730e-16 5.560558869332548e-18
7.000167284569448e+03 1.043142362399075e-16 5.543764737939658e-18
7.001779318238356e+03 1.096451828882910e-16 5.614434240100464e-18
7.003391723134463e+03 1.027393502145993e-16 5.579854957469717e-18
7.005004499343272e+03 1.082894318131198e-16 5.692884567818300e-18
7.006617646950277e+03 9.837686100904535e-17 5.682042007792492e-18
7.008231166041020e+03 1.056557574903785e-16 5.785942394563576e-18
7.009845056701040e+03 1.036376077863125e-16 5.734885261059155e-18
7.011459319015897e+03 9.659629948318824e-17 5.711157075744089e-18
7.013073953071184e+03 9.996392473613983e-17 6.035841029101629e-18
7.014688958952516e+03 1.107503610525930e-16 6.383735253791427e-18
7.016304336745511e+03 9.959381072637655e-17 6.427285549298707e-18
7.017920086535808e+03 9.592402093620463e-17 6.084418576796337e-18
7.019536208409085e+03 1.013120549217468e-16 5.878590745721502e-18
7.021152702451015e+03 9.949133678977816e-17 5.849497925717609e-18
7.022769568747316e+03 1.043013101045328e-16 5.845010914833911e-18
7.024386807383699e+03 1.094842700700584e-16 5.627388910207502e-18
7.026004418445922e+03 1.015401595799216e-16 5.472594991082358e-18
7.027622402019735e+03 1.054683615522749e-16 5.715155934069557e-18
7.029240758190936e+03 1.055576388147217e-16 5.965412694205993e-18
7.030859487045314e+03 1.005077932801691e-16 5.843742830840469e-18
7.032478588668707e+03 9.670366154905533e-17 5.653221396628700e-18
7.034098063146946e+03 1.004005540434366e-16 5.765171915615465e-18
7.035717910565903e+03 1.008789371456482e-16 5.830813384810273e-18
7.037338131011451e+03 1.126106431966021e-16 6.903750677284998e-18
7.038958724569506e+03 1.093218054866772e-16 6.632445838517715e-18
7.040579691325981e+03 9.477816460254521e-17 5.641395162132168e-18
7.042201031366812e+03 9.537084793547721e-17 5.772027208244417e-18
7.043822744777969e+03 1.007206996881525e-16 5.894561791688922e-18
7.045444831645440e+03 1.003615472501714e-16 5.826450996040742e-18
7.047067292055218e+03 1.035537593099635e-16 5.675437285000094e-18
7.048690126093319e+03 1.007240013530122e-16 5.673975858046750e-18
7.050313333845797e+03 1.001148147023559e-16 5.680598991192569e-18
7.051936915398699e+03 1.056598347970810e-16 5.700847281147919e-18
7.053560870838120e+03 9.708820043979413e-17 5.779912827035245e-18
7.055185200250145e+03 1.022955495318877e-16 6.018334890654158e-18
7.056809903720911e+03 1.014327361596042e-16 5.932131158094564e-18
7.058434981336542e+03 1.004043299466095e-16 5.606344392911948e-18
7.060060433183213e+03 1.092243877335678e-16 5.507250447726373e-18
7.061686259347089e+03 1.070264635501401e-16 5.479480138299753e-18
7.063312459914383e+03 9.827825521440093e-17 5.485372459652961e-18
7.064939034971303e+03 1.325399742591680e-16 6.029279231117266e-18
7.066565984604100e+03 1.761752380576271e-16 6.744115324177743e-18
7.068193308899021e+03 1.756704696252090e-16 6.589294267446626e-18
7.069821007942357e+03 1.298078328307539e-16 5.903982848896620e-18
7.071449081820395e+03 1.027611420903959e-16 5.401846548819818e-18
7.073077530619466e+03 9.985595524110513e-17 5.323558210616607e-18
7.074706354425896e+03 9.911623443945605e-17 5.258512302334690e-18
7.076335553326057e+03 1.005591305096020e-16 5.319478195070763e-18
7.077965127406322e+03 1.012685865219322e-16 5.376060780489206e-18
7.079595076753079e+03 9.559573780447349e-17 5.346936054273795e-18
7.081225401452764e+03 9.862587236414265e-17 5.384897371734634e-18
7.082856101591799e+03 9.692127337518487e-17 5.339108459932081e-18
7.084487177256656e+03 1.013317417422600e-16 5.378766888987986e-18
7.086118628533799e+03 1.034886698508889e-16 5.262404820446030e-18
7.087750455509741e+03 9.467904828961626e-17 5.152623107068132e-18
7.089382658270985e+03 9.784330909418476e-17 5.288195519765798e-18
7.091015236904083e+03 9.944212491370124e-17 5.498046072103066e-18
7.092648191495578e+03 1.007360289435316e-16 5.746147763118908e-18
7.094281522132063e+03 9.848734387459841e-17 5.767420153608683e-18
7.095915228900120e+03 8.636636825924267e-17 5.406535932343205e-18
7.097549311886381e+03 9.464586787847797e-17 5.332883995622932e-18
7.099183771177471e+03 9.109347387571565e-17 5.400540200163296e-18
7.100818606860058e+03 1.013225643779895e-16 5.515265111228136e-18
7.102453819020808e+03 1.042652572965359e-16 5.556057597224375e-18
7.104089407746431e+03 9.282611105069381e-17 5.369830865106678e-18
7.105725373123631e+03 8.905443101812744e-17 5.261672332074419e-18
7.107361715239159e+03 1.071825286628713e-16 5.542478217798322e-18
7.108998434179765e+03 1.033786158348536e-16 5.707339438029559e-18
7.110635530032220e+03 9.196280206319944e-17 6.019863709084491e-18
7.112273002883328e+03 9.487725886322754e-17 6.233015184818706e-18
7.113910852819910e+03 9.473285019307273e-17 5.936467395708771e-18
7.115549079928801e+03 1.022219886960844e-16 5.758503238512751e-18
7.117187684296849e+03 1.011521748600312e-16 5.635857009554986e-18
7.118826666010944e+03 1.003479291014305e-16 5.428959780821543e-18
7.120466025157970e+03 9.564176317798267e-17 5.349161217516291e-18
7.122105761824859e+03 9.926212855370102e-17 5.436425158455559e-18
7.123745876098533e+03 9.976080688302733e-17 5.483857982552455e-18
7.125386368065964e+03 9.643505777191601e-17 5.433446795269612e-18
7.127027237814115e+03 1.003262314771799e-16 5.568570681521118e-18
7.128668485429997e+03 9.376553478682495e-17 5.614002723116602e-18
7.130310111000613e+03 9.663114366451670e-17 5.887806725002748e-18
7.131952114613016e+03 1.042476688827336e-16 6.207562528855199e-18
7.133594496354247e+03 1.156364484476451e-16 6.444841303138289e-18
7.135237256311398e+03 2.018983488766838e-16 7.615262173423623e-18
7.136880394571554e+03 3.824549770052349e-16 1.056705661472210e-17
7.138523911221845e+03 4.221754589316769e-16 1.138920129223272e-17
7.140167806349402e+03 2.689569771782426e-16 8.788817634114736e-18
7.141812080041375e+03 1.169963609941593e-16 6.323763687934754e-18
7.143456732384951e+03 9.252425144736329e-17 5.761022094439817e-18
7.145101763467332e+03 9.265121772904575e-17 5.689023805536282e-18
7.146747173375731e+03 9.315951395927730e-17 5.810564508228518e-18
7.148392962197377e+03 9.867035035294440e-17 5.895234175401974e-18
7.150039130019542e+03 9.119461536075697e-17 5.805134138059741e-18
7.151685676929494e+03 9.818097893201291e-17 5.923037947600910e-18
7.153332603014541e+03 9.851202993985366e-17 6.019031844362919e-18
7.154979908361988e+03 8.913529040061617e-17 5.865917879609702e-18
7.156627593059190e+03 8.192138595169292e-17 5.545068328385353e-18
7.158275657193489e+03 1.005803579318365e-16 5.968653102898082e-18
7.159924100852279e+03 8.492395663270726e-17 5.693373841018590e-18
7.161572924122943e+03 9.466711974363649e-17 5.717322742829391e-18
7.163222127092916e+03 9.615513444528670e-17 5.686434023078683e-18
7.164871709849623e+03 1.057033781364364e-16 5.998377154412087e-18
7.166521672480535e+03 9.959454629593508e-17 6.040637658064427e-18
7.168172015073119e+03 9.183821886788993e-17 6.013448225567659e-18
7.169822737714890e+03 1.090756968456000e-16 6.223725890972104e-18
7.171473840493358e+03 8.789291764967457e-17 5.835238393440526e-18
7.173125323496056e+03 9.960533954608206e-17 6.010511560591290e-18
7.174777186810552e+03 9.282540618867871e-17 5.796887632229923e-18
7.176429430524433e+03 1.043046479554067e-16 5.951596218003242e-18
7.178082054725292e+03 9.100705356172497e-17 5.447015048913442e-18
7.179735059500742e+03 8.490482163460670e-17 5.328600391802189e-18
7.181388444938439e+03 9.520770653355775e-17 5.539998992214008e-18
7.183042211126029e+03 9.525470749280609e-17 5.664581903472788e-18
7.184696358151206e+03 1.013418516518761e-16 5.870715913654216e-18
7.186350886101659e+03 1.009908468301755e-16 6.423682133108135e-18
7.188005795065122e+03 9.957006853989869e-17 6.731866662218570e-18
7.189661085129324e+03 9.445342514862923e-17 6.405908306477497e-18
7.191316756382039e+03 9.246989462828500e-17 5.970095996378409e-18
7.192972808911036e+03 9.019063139920567e-17 5.870944721964023e-18
7.194629242804131e+03 9.762447602650108e-17 6.217515866173030e-18
7.196286058149132e+03 1.042613740531838e-16 6.597623444254826e-18
7.197943255033898e+03 9.584825190851864e-17 6.522318598026801e-18
7.199600833546276e+03 1.077872251650961e-16 6.676433503264826e-18
7.201258793774162e+03 9.397637677325786e-17 7.103242844404016e-18
7.202917135805446e+03 9.593490264334021e-17 8.970836424047990e-18
7.204575859728068e+03 9.177743502835345e-17 1.061074108303183e-17
7.206234965629956e+03 1.150894422416102e-16 1.282663554119202e-17
7.207894453599087e+03 9.941054915683823e-17 1.373134827618584e-17
7.209554323723441e+03 9.005391291159236e-17 1.378545257607137e-17
7.211214576091012e+03 8.782661492559030e-17 1.794636334158962e-17
7.212875210789842e+03 5.905270341946814e-17 1.217991706714684e-17
7.214536227907962e+03 1.029899977473718e-16 8.704278463520819e-18
7.216197627533450e+03 7.879568714083466e-17 6.488333657674864e-18
7.217859409754378e+03 9.964106666720224e-17 7.168759168077541e-18
7.219521574658867e+03 8.229280090620561e-17 8.084398805799562e-18
7.221184122335028e+03 9.293405219982204e-17 8.496035331394041e-18
7.222847052871023e+03 9.188049664163761e-17 7.133955489961170e-18
7.224510366355003e+03 1.002950422731869e-16 6.617788818361772e-18
7.226174062875171e+03 8.853578989637088e-17 6.044308897897311e-18
7.227838142519720e+03 9.002830952646676e-17 5.998032648038349e-18
7.229502605376892e+03 9.294383892672350e-17 6.166334120769864e-18
7.231167451534920e+03 9.217525409060055e-17 6.379347321579648e-18
7.232832681082087e+03 9.799442952818319e-17 6.389962451701468e-18
7.234498294106668e+03 9.743942158451366e-17 7.006106378712475e-18
7.236164290696987e+03 1.056766721571081e-16 7.309599621823595e-18
7.237830670941358e+03 9.426775569935459e-17 7.345332356652396e-18
7.239497434928146e+03 1.101940343222338e-16 1.044599411967094e-17
7.241164582745711e+03 9.015087978623802e-17 1.631590217494004e-17
7.242832114482440e+03 5.355324558680528e-17 1.832358320912895e-17
7.244500030226750e+03 1.169330709207350e-16 1.943258975865895e-17
7.246168330067080e+03 1.132963555867063e-16 1.055411641592491e-17
7.247837014091872e+03 9.616463521007701e-17 8.816342748180835e-18
7.249506082389593e+03 9.461268074663202e-17 1.095959258428266e-17
7.251175535048748e+03 7.247375725755166e-17 1.047162627651851e-17
7.252845372157837e+03 7.954589567591781e-17 9.013580870641749e-18
7.254515593805407e+03 9.377526855164385e-17 7.192930277579378e-18
7.256186200079997e+03 8.292905078811243e-17 7.311083831696402e-18
7.257857191070193e+03 9.982844703753357e-17 7.105929083604033e-18
7.259528566864577e+03 8.773006508830840e-17 6.742189366079823e-18
7.261200327551780e+03 8.481062035064644e-17 6.960323290418764e-18
7.262872473220419e+03 9.489336134601963e-17 7.407595699323886e-18
7.264545003959166e+03 9.753332316033924e-17 6.849536043360997e-18
7.266217919856681e+03 9.354671451931273e-17 6.629815602559806e-18
7.267891221001676e+03 1.028461577083517e-16 8.598096068874343e-18
7.269564907482853e+03 8.624797788966095e-17 9.872533290559535e-18
7.271238979388962e+03 9.609522736484587e-17 8.395449382774084e-18
7.272913436808756e+03 9.862480100667482e-17 6.815926814494205e-18
7.274588279831005e+03 8.741383425453646e-17 6.260584653584647e-18
7.276263508544513e+03 9.621124594270246e-17 6.465984019166283e-18
7.277939123038108e+03 7.756540710648950e-17 6.365167548738473e-18
7.279615123400622e+03 7.724726291620184e-17 8.673204189985811e-18
7.281291509720906e+03 8.489712612808801e-17 1.226925044263493e-17
7.282968282087857e+03 1.005265067105089e-16 1.475009660986407e-17
7.284645440590360e+03 1.095449113482875e-16 1.347191506992464e-17
7.286322985317351e+03 8.926927917768947e-17 7.041826831318975e-18
7.288000916357756e+03 1.012315185303546e-16 6.125028622360844e-18
7.289679233800554e+03 9.506343874410130e-17 6.346536889004197e-18
7.291357937734711e+03 9.402407356927607e-17 7.118174167206353e-18
7.293037028249248e+03 9.732138220420247e-17 8.669047094604254e-18
7.294716505433170e+03 9.010788038977149e-17 9.680588116902386e-18
7.296396369375538e+03 8.924314321383722e-17 9.534926702653965e-18
7.298076620165401e+03 1.078520562833444e-16 7.527228249259890e-18
7.299757257891860e+03 9.105521399521134e-17 6.056647458809749e-18
7.301438282644005e+03 9.935726942411776e-17 6.326370577842916e-18
7.303119694510979e+03 9.405712057514872e-17 8.148255003813631e-18
7.304801493581910e+03 8.924917258309610e-17 1.421995676161830e-17
7.306483679945984e+03 8.648451564681085e-17 1.632220987739557e-17
7.308166253692372e+03 6.613106122869942e-17 1.402619425704250e-17
7.309849214910299e+03 1.203771736740825e-16 9.030748396800045e-18
7.311532563688983e+03 8.958159512895781e-17 6.219291325635086e-18
7.313216300117669e+03 9.143706185909522e-17 6.334596280569276e-18
7.314900424285642e+03 8.415481595345854e-17 6.229601656478410e-18
7.316584936282175e+03 1.009555308934259e-16 6.388521801925190e-18
7.318269836196597e+03 1.088442167950911e-16 6.497208642673154e-18
7.319955124118222e+03 1.370667515073859e-16 7.207153183367762e-18
7.321640800136420e+03 1.623355570531427e-16 8.423849826831679e-18
7.323326864340546e+03 1.497598660010421e-16 9.853306212154831e-18
7.325013316820011e+03 1.216682338019855e-16 9.568836871992277e-18
7.326700157664212e+03 8.721710614727997e-17 8.031229516849719e-18
7.328387386962600e+03 1.032562973174518e-16 6.919594352608479e-18
7.330075004804615e+03 1.169276883533286e-16 7.331785930302569e-18
7.331763011279747e+03 1.601467085995670e-16 8.739831363950512e-18
7.333451406477478e+03 1.570835544363007e-16 1.108878343946275e-17
7.335140190487339e+03 1.340865817565370e-16 1.272265403461917e-17
7.336829363398854e+03 8.638627860549058e-17 1.251616484345767e-17
7.338518925301595e+03 9.576849734707456e-17 8.558010842740301e-18
7.340208876285128e+03 9.499318790691284e-17 6.525075168571145e-18
7.341899216439065e+03 9.603781200552280e-17 6.081128060843327e-18
7.343589945853019e+03 9.493424434309086e-17 5.882970417128728e-18
7.345281064616624e+03 9.808888492074233e-17 5.940788069157379e-18
7.346972572819549e+03 1.017810219680590e-16 6.406998806214928e-18
7.348664470551484e+03 9.272334857928316e-17 6.425047056150642e-18
7.350356757902122e+03 8.810538809594948e-17 6.388032373080394e-18
7.352049434961182e+03 9.395283883820604e-17 6.034217405413268e-18
7.353742501818419e+03 8.716379366003802e-17 5.801016351983583e-18
7.355435958563587e+03 8.702018071127227e-17 6.582787526289651e-18
7.357129805286482e+03 9.257026247396611e-17 8.006175439086663e-18
7.358824042076900e+03 9.038625043061409e-17 8.670965673719465e-18
7.360518669024679e+03 7.990328257372912e-17 7.474654613430711e-18
7.362213686219652e+03 9.746891297496484e-17 6.356665197293590e-18
7.363909093751703e+03 9.303437215628826e-17 6.850407015665516e-18
7.365604891710705e+03 8.653926143915946e-17 9.931999475672664e-18
7.367301080186583e+03 8.960165110561955e-17 1.384963406675377e-17
7.368997659269253e+03 9.257750183250361e-17 1.166726397848431e-17
7.370694629048679e+03 1.006569879080375e-16 7.714656059313300e-18
7.372391989614818e+03 8.542351059378847e-17 6.239756780889161e-18
7.374089741057678e+03 8.478033026595113e-17 5.884043292827335e-18
7.375787883467265e+03 9.922370207276877e-17 5.903010720711977e-18
7.377486416933604e+03 8.972163466845614e-17 5.659648111352033e-18
7.379185341546759e+03 8.895374203043273e-17 5.610571502030404e-18
7.380884657396809e+03 9.002273143154650e-17 5.610874517726215e-18
7.382584364573847e+03 8.823287716855024e-17 5.593594212187345e-18
7.384284463167979e+03 8.972503525557707e-17 5.702587780503493e-18
7.385984953269360e+03 8.999130976428584e-17 5.953639163258168e-18
7.387685834968130e+03 8.382619329995105e-17 6.120696773929514e-18
7.389387108354486e+03 8.900140832440403e-17 6.215052649173454e-18
7.391088773518612e+03 9.231696744212048e-17 6.044960598287075e-18
7.392790830550743e+03 9.151681917516218e-17 6.237263853539525e-18
7.394493279541105e+03 9.013490434360690e-17 6.908893287438272e-18
7.396196120579976e+03 8.887863485152292e-17 6.737501889812279e-18
7.397899353757624e+03 8.397763713969544e-17 5.896327244427761e-18
7.399602979164368e+03 8.229703526712618e-17 5.808190770637986e-18
7.401306996890515e+03 9.317368247188359e-17 6.957087008962537e-18
7.403011407026427e+03 8.449514140576518e-17 8.603318780462151e-18
7.404716209662457e+03 8.396394674456090e-17 8.833512221910865e-18
7.406421404889003e+03 9.408763741850343e-17 7.439619197148608e-18
7.408126992796469e+03 9.242833790799163e-17 6.035187363007998e-18
7.409832973475274e+03 9.687398661415876e-17 5.608535438765783e-18
7.411539347015875e+03 7.615669995646598e-17 5.290562301750160e-18
7.413246113508749e+03 8.548402031878465e-17 5.330345971641165e-18
7.414953273044381e+03 9.016947948927850e-17 5.451053151912073e-18
7.416660825713275e+03 8.080243757205085e-17 5.351999248406887e-18
7.418368771605978e+03 7.662397971955730e-17 5.445996642133653e-18
7.420077110813029e+03 9.714011628627279e-17 5.844775301266634e-18
7.421785843425017e+03 8.001379138586312e-17 5.591852279121116e-18
7.423494969532523e+03 8.414147229398323e-17 5.436361413075401e-18
7.425204489226178e+03 7.824878146996069e-17 5.429029906784249e-18
7.426914402596603e+03 9.075960687180275e-17 6.095700625312405e-18
7.428624709734473e+03 9.589181878686649e-17 6.467938550506972e-18
7.430335410730449e+03 9.480559295780401e-17 6.632851377812331e-18
7.432046505675247e+03 9.590287603126564e-17 6.768269936171923e-18
7.433757994659573e+03 8.487031221263416e-17 6.651163529060442e-18
7.435469877774184e+03 8.623253203260990e-17 6.781367885243191e-18
7.437182155109825e+03 8.977286125745377e-17 7.249544720525706e-18
7.438894826757296e+03 9.197732108545654e-17 7.398300806560345e-18
7.440607892807385e+03 7.515721659018798e-17 6.745239009209128e-18
7.442321353350932e+03 8.644033975997864e-17 7.122482980965775e-18
7.444035208478769e+03 9.721227988625166e-17 7.386723014715121e-18
7.445749458281777e+03 7.768337020694994e-17 8.522162407524087e-18
7.447464102850837e+03 9.069842544195671e-17 8.610207548203088e-18
7.449179142276850e+03 9.796909297583672e-17 7.795504005770255e-18
7.450894576650760e+03 8.873030162159563e-17 7.012087979762260e-18
7.452610406063503e+03 8.236413491485486e-17 6.016285596932648e-18
7.454326630606066e+03 9.776681721003426e-17 5.798586770287627e-18
7.456043250369426e+03 8.149927778402438e-17 5.453023085390934e-18
7.457760265444611e+03 8.659925624787421e-17 5.897725208003606e-18
7.459477675922641e+03 8.727921765685427e-17 6.164238427497451e-18
7.461195481894586e+03 8.566104977657637e-17 6.057450362116539e-18
7.462913683451507e+03 9.065900357355974e-17 5.738237755690410e-18
7.464632280684518e+03 9.105059508457547e-17 5.607768641621536e-18
7.466351273684721e+03 8.837342690464407e-17 5.452080297679397e-18
7.468070662543269e+03 8.113197902419736e-17 5.386025326626413e-18
7.469790447351310e+03 8.455129870170807e-17 5.408086033498221e-18
7.471510628200039e+03 8.213836526791642e-17 5.459956166530112e-18
7.473231205180642e+03 9.084099963202034e-17 5.557051703908186e-18
7.474952178384359e+03 8.452071117659060e-17 5.425184943805819e-18
7.476673547902418e+03 8.177032825900710e-17 5.295511291611525e-18
7.478395313826100e+03 9.177213958960851e-17 5.545536913991888e-18
7.480117476246684e+03 9.023072146207141e-17 5.787295247489788e-18
7.481840035255469e+03 9.112338958884758e-17 5.937176167691020e-18
7.483562990943791e+03 8.362757084866736e-17 6.612196210309863e-18
7.485286343403008e+03 8.477578756855826e-17 8.270818250928472e-18
7.487010092724481e+03 1.031333297628866e-16 1.040295957905679e-17
7.488734238999596e+03 8.968231946988696e-17 1.137513280156603e-17
7.490458782319779e+03 8.960502115541627e-17 1.057393742917349e-17
7.492183722776448e+03 9.643334116214274e-17 8.404436090976719e-18
7.493909060461074e+03 9.587584411522216e-17 7.777062585494941e-18
7.495634795465117e+03 7.988246227656275e-17 7.681411742850560e-18
7.497360927880089e+03 8.981632410067649e-17 7.251015686329321e-18
7.499087457797493e+03 9.161866724142895e-17 6.351034212731395e-18
7.500814385308882e+03 9.216474949777376e-17 5.871961568217124e-18
7.502541710505800e+03 9.262883537078814e-17 5.905392230989017e-18
7.504269433479847e+03 8.706027364458223e-17 6.229087208491666e-18
7.505997554322606e+03 9.143122527705094e-17 6.412746412889153e-18
7.507726073125717e+03 8.123070987284149e-17 6.088650732147662e-18
7.509454989980810e+03 8.299482340469359e-17 5.585250382148634e-18
7.511184304979564e+03 7.782235913614248e-17 5.604451070501435e-18
7.512914018213658e+03 9.858746781606816e-17 5.936856803336089e-18
7.514644129774794e+03 7.942248145204155e-17 5.739547204608550e-18
7.516374639754706e+03 8.876962070029626e-17 5.923486663957081e-18
7.518105548245151e+03 8.928548192111331e-17 5.985298428907821e-18
7.519836855337896e+03 7.596308788008262e-17 6.482849116243084e-18
7.521568561124722e+03 1.019616175220429e-16 7.974922328000418e-18
7.523300665697458e+03 8.349920572226325e-17 7.671553459780118e-18
7.525033169147925e+03 8.970808626075705e-17 6.587380506589245e-18
7.526766071567994e+03 7.854517540147262e-17 5.645232405770995e-18
7.528499373049523e+03 8.441272010160436e-17 5.488751904193016e-18
7.530233073684429e+03 8.762461378031986e-17 5.801002266753523e-18
7.531967173564614e+03 9.134156480331613e-17 6.014629946826829e-18
7.533701672782034e+03 8.266986610828133e-17 6.929378578443694e-18
7.535436571428632e+03 9.383010839027182e-17 9.128443350319632e-18
7.537171869596412e+03 7.597692488168714e-17 1.263554201788988e-17
7.538907567377357e+03 9.334429496700215e-17 1.058840981525322e-17
7.540643664863511e+03 9.042024932776591e-17 6.577925613112318e-18
7.542380162146901e+03 8.674792014496990e-17 5.701950191180364e-18
7.544117059319614e+03 8.611163088718836e-17 5.643870121603625e-18
7.545854356473719e+03 8.066738067615691e-17 5.571482334869740e-18
7.547592053701344e+03 8.112290999499190e-17 5.863933219516318e-18
7.549330151094603e+03 7.756692741383206e-17 6.646775539313237e-18
7.551068648745664e+03 8.209474468187136e-17 7.443790372908463e-18
7.552807546746693e+03 8.635731394174013e-17 7.382236759768746e-18
7.554546845189878e+03 1.008590213529305e-16 6.694358140226892e-18
7.556286544167448e+03 8.454741379906940e-17 6.092587352181804e-18
7.558026643771625e+03 8.467079978127869e-17 6.201327538745158e-18
7.559767144094683e+03 8.831051126788946e-17 7.574555888859698e-18
7.561508045228888e+03 1.035732970369772e-16 1.086275537992625e-17
7.563249347266553e+03 8.399298591024922e-17 1.454707806985069e-17
7.564991050299987e+03 6.637308369358786e-17 1.517603162176976e-17
7.566733154421548e+03 8.231337141204038e-17 1.374619489535048e-17
7.568475659723586e+03 7.283655803787071e-17 1.348468719298565e-17
7.570218566298500e+03 8.075891205727263e-17 1.345700472713016e-17
7.571961874238685e+03 1.026502169530297e-16 1.330727339884780e-17
7.573705583636582e+03 8.887898266862089e-17 1.198492962693506e-17
7.575449694584626e+03 8.899994933749302e-17 1.106888889510192e-17
7.577194207175304e+03 9.341204341890289e-17 9.941135048687837e-18
7.578939121501092e+03 7.772852898581503e-17 8.480196456733261e-18
7.580684437654520e+03 7.116641881184576e-17 7.945986009241280e-18
7.582430155728107e+03 9.238497903482222e-17 8.238816664756472e-18
7.584176275814425e+03 7.607400088413688e-17 8.285025354767915e-18
7.585922798006043e+03 9.029864634519035e-17 7.962096211881020e-18
7.587669722395553e+03 8.402223414322400e-17 8.283805260502305e-18
7.589417049075582e+03 8.343068342224806e-17 8.861828850725737e-18
7.591164778138780e+03 9.743893059428021e-17 1.085280800307756e-17
7.592912909677801e+03 1.108899519819597e-16 1.301990270088851e-17
7.594661443785323e+03 9.456282110297952e-17 1.227457048245786e-17
7.596410380554066e+03 9.887891019695698e-17 1.029507139368402e-17
7.598159720076741e+03 9.420849764341772e-17 8.720270393880668e-18
7.599909462446112e+03 8.570790665498561e-17 8.606900775670635e-18
7.601659607754934e+03 9.030022124033869e-17 8.086448377395793e-18
7.603410156096013e+03 8.504107429349274e-17 7.662356727085596e-18
7.605161107562144e+03 7.804562666219318e-17 7.628682454043344e-18
7.606912462246178e+03 7.306006399092397e-17 7.372731872554046e-18
7.608664220240955e+03 7.423311559854540e-17 7.204451584661294e-18
7.610416381639365e+03 8.256461445034742e-17 6.961334167045201e-18
7.612168946534292e+03 8.963240414244759e-17 6.808518360171077e-18
7.613921915018669e+03 9.009836806174540e-17 7.184758551804627e-18
7.615675287185423e+03 9.352106825047219e-17 7.490939969179443e-18
7.617429063127532e+03 9.286820053775834e-17 7.906293746940089e-18
7.619183242937968e+03 8.419024106134766e-17 7.461119808123127e-18
7.620937826709731e+03 7.584113086310192e-17 6.469821441574100e-18
7.622692814535855e+03 7.740598080326901e-17 6.656294699541063e-18
7.624448206509395e+03 7.803153180083908e-17 7.936253421126684e-18
7.626204002723412e+03 8.199947052998740e-17 8.634979173831064e-18
7.627960203270989e+03 8.714938307415381e-17 8.006561638227103e-18
7.629716808245254e+03 8.176585690296600e-17 6.814157050727428e-18
7.631473817739323e+03 7.735688246725550e-17 6.027671517089596e-18
7.633231231846369e+03 8.033586875154642e-17 5.853374028704468e-18
7.634989050659551e+03 8.047892607552650e-17 5.901215875712455e-18
7.636747274272082e+03 8.063693709133633e-17 6.027997297080386e-18
7.638505902777167e+03 9.310420874742111e-17 6.096593389127006e-18
7.640264936268062e+03 8.068970470540189e-17 5.850548635388656e-18
7.642024374838013e+03 8.131770269468678e-17 5.741204520709464e-18
7.643784218580319e+03 8.436587928800476e-17 5.774736936179289e-18
7.645544467588271e+03 8.102833201402675e-17 5.795995368834656e-18
7.647305121955210e+03 8.458955359175823e-17 6.165310642306822e-18
7.649066181774469e+03 7.448359717478463e-17 5.963506317001547e-18
7.650827647139432e+03 7.875215754778025e-17 5.855191319921970e-18
7.652589518143483e+03 8.472823146858683e-17 6.191522328034737e-18
7.654351794880028e+03 8.215404048210062e-17 6.622862917672283e-18
7.656114477442508e+03 7.974940234100866e-17 6.588135984977581e-18
7.657877565924387e+03 7.917587018808335e-17 6.139727515455539e-18
7.659641060419132e+03 7.691946290851617e-17 6.029975770186243e-18
7.661404961020237e+03 8.429298994042551e-17 6.531229051674423e-18
7.663169267821237e+03 9.126331440441687e-17 7.156563312764065e-18
7.664933980915656e+03 8.439761189776846e-17 6.612519625348042e-18
7.666699100397075e+03 9.170138873330165e-17 6.099892086957580e-18
7.668464626359063e+03 8.660471775676036e-17 5.669058318771605e-18
7.670230558895242e+03 7.874295087911289e-17 5.493436798022449e-18
7.671996898099224e+03 8.188372504431042e-17 6.145262769629262e-18
7.673763644064674e+03 8.422644859896621e-17 9.251970080155308e-18
7.675530796885248e+03 9.849094520263047e-17 1.413571206329452e-17
7.677298356654653e+03 5.814956034207570e-17 1.452022783838666e-17
7.679066323466589e+03 7.692707297876044e-17 1.278260365132492e-17
7.680834697414806e+03 1.010828161757364e-16 1.390305277048211e-17
7.682603478593049e+03 6.646186018479564e-17 1.484909870008528e-17
7.684372667095107e+03 9.860908675540545e-17 9.088627764944083e-18
7.686142263014772e+03 7.661119194540439e-17 6.718760687552446e-18
7.687912266445875e+03 8.953291975859989e-17 7.933328170585397e-18
7.689682677482248e+03 7.847075740141279e-17 8.866794157276895e-18
7.691453496217771e+03 9.369823426418990e-17 8.728767255474999e-18
7.693224722746324e+03 8.338797095522336e-17 6.684035941718105e-18
7.694996357161808e+03 8.867466566872672e-17 5.897391115008754e-18
7.696768399558166e+03 6.417823441721783e-17 5.924877964917897e-18
7.698540850029338e+03 8.262524162034102e-17 6.901976192149133e-18
7.700313708669310e+03 8.110336955578418e-17 7.082742873439836e-18
7.702086975572065e+03 7.901177909211655e-17 6.528507882635141e-18
7.703860650831632e+03 7.410219621014382e-17 6.040052283840904e-18
7.705634734542036e+03 7.983938225168782e-17 5.932938267756027e-18
7.707409226797352e+03 8.601536904887566e-17 6.026771781642422e-18
7.709184127691646e+03 8.377974309122538e-17 6.889193974882066e-18
7.710959437319037e+03 8.757047809419358e-17 1.067697815626247e-17
7.712735155773634e+03 1.108957864887840e-16 1.698474510549156e-17
7.714511283149601e+03 7.223761846392872e-17 1.915374730628523e-17
7.716287819541089e+03 8.025644465132285e-17 1.821750341062014e-17
7.718064765042306e+03 1.006117682645498e-16 9.160017369658365e-18
7.719842119747446e+03 7.706937794935655e-17 7.000111943432346e-18
7.721619883750761e+03 8.501113512835922e-17 8.316874321967965e-18
7.723398057146486e+03 7.025014688229999e-17 1.024219849581975e-17
7.725176640028918e+03 7.825959725384367e-17 1.045432765129393e-17
7.726955632492346e+03 9.803701890616079e-17 7.927654369550329e-18
7.728735034631082e+03 8.582811877453881e-17 6.031357635501565e-18
7.730514846539477e+03 7.917312534730727e-17 5.596592325755955e-18
7.732295068311902e+03 7.622339324618049e-17 6.035286052151848e-18
7.734075700042736e+03 8.257609651282064e-17 6.781746473553688e-18
7.735856741826376e+03 9.803383227856514e-17 7.851250069037705e-18
7.737638193757268e+03 7.384761552577974e-17 7.449393923878649e-18
7.739420055929848e+03 8.557517504912277e-17 6.957599542327985e-18
7.741202328438603e+03 8.564473290111756e-17 6.968180525581523e-18
7.742985011378012e+03 8.497356318587115e-17 8.359570149559097e-18
7.744768104842607e+03 6.980487332156466e-17 9.176040689129526e-18
7.746551608926909e+03 7.622437935156934e-17 9.387004273176022e-18
7.748335523725495e+03 7.923177652197855e-17 7.355968076211570e-18
7.750119849332928e+03 8.770040294017456e-17 6.437384968455146e-18
7.751904585843831e+03 1.362340960104056e-16 7.056674183368291e-18
7.753689733352810e+03 1.504928477686725e-16 7.838112444979442e-18
7.755475291954526e+03 1.294327261520562e-16 9.780847768683179e-18
7.757261261743636e+03 1.062052844121474e-16 1.490098413578918e-17
7.759047642814843e+03 6.898495773106248e-17 1.621225058979164e-17
7.760834435262854e+03 7.349775439252367e-17 9.458050261414294e-18
7.762621639182391e+03 8.204379731712427e-17 6.479558865815045e-18
7.764409254668220e+03 7.537169268425805e-17 6.033513781637878e-18
7.766197281815127e+03 7.339812562872737e-17 6.413956095804679e-18
7.767985720717903e+03 7.219439952857061e-17 6.609890001875331e-18
7.769774571471360e+03 7.443637645672307e-17 8.214080783926285e-18
7.771563834170360e+03 6.585818217474305e-17 1.029678850079686e-17
7.773353508909748e+03 6.513492821675658e-17 9.642090951025216e-18
7.775143595784430e+03 7.781087405161494e-17 7.980617101015237e-18
7.776934094889296e+03 7.850172604783925e-17 6.829438999038823e-18
7.778725006319294e+03 8.265985564715555e-17 6.217814296347352e-18
7.780516330169360e+03 8.542038791283230e-17 7.175962820312079e-18
7.782308066534485e+03 1.203678895902029e-16 1.211309139276640e-17
7.784100215509647e+03 9.229023714943115e-17 1.983968313675099e-17
7.785892777189881e+03 7.046446829824143e-17 1.846588930711070e-17
7.787685751670211e+03 8.203812718459494e-17 1.131149523832961e-17
7.789479139045715e+03 7.166140385244206e-17 7.148289501363810e-18
7.791272939411459e+03 7.522934923109878e-17 6.259249742386764e-18
7.793067152862567e+03 7.603801969397016e-17 6.134128942277881e-18
7.794861779494149e+03 7.966694825178177e-17 6.023692343107933e-18
7.796656819401369e+03 7.822814037563318e-17 6.111863767806478e-18
7.798452272679385e+03 7.897497705056258e-17 6.325157493610369e-18
7.800248139423403e+03 8.705695172617103e-17 6.483983245036978e-18
7.802044419728632e+03 6.785363024237233e-17 7.012724520732771e-18
7.803841113690301e+03 7.969416558832334e-17 9.011923774745264e-18
7.805638221403684e+03 5.816322427052764e-17 1.030932188024801e-17
7.807435742964047e+03 8.681546186733496e-17 8.382645662552152e-18
7.809233678466707e+03 7.548221679081025e-17 6.202730953560463e-18
7.811032028006974e+03 7.686498478265505e-17 6.513558735882416e-18
7.812830791680210e+03 8.433726316498178e-17 8.658735997562524e-18
7.814629969581768e+03 8.596139855961876e-17 1.348820267223338e-17
7.816429561807055e+03 8.116066952001730e-17 1.696510128169534e-17
7.818229568451467e+03 1.143893844992504e-16 1.808382555937743e-17
7.820029989610453e+03 1.037625405620374e-16 1.204747351719173e-17
7.821830825379457e+03 7.554463030512622e-17 9.937237906346214e-18
7.823632075853970e+03 8.909701995831203e-17 1.218696085616817e-17
7.825433741129480e+03 8.329616108313604e-17 1.020889130902968e-17
7.827235821301522e+03 8.390190779904759e-17 8.046229072492354e-18
7.829038316465628e+03 6.625644663398113e-17 7.464553472969679e-18
7.830841226717376e+03 7.705468662210575e-17 9.129963907159492e-18
7.832644552152342e+03 7.420555850546663e-17 1.089779695839341e-17
7.834448292866151e+03 7.485716952524463e-17 1.160726477066555e-17
7.836252448954428e+03 8.069682397281205e-17 9.342821941645750e-18
7.838057020512819e+03 7.216624190022741e-17 6.905971156231172e-18
7.839862007637009e+03 8.216808270472402e-17 7.171465936129962e-18
7.841667410422705e+03 7.327582590472329e-17 8.895052227480826e-18
7.843473228965619e+03 7.730858768327687e-17 1.001746415246461e-17
7.845279463361486e+03 8.144050742640461e-17 9.163584718922008e-18
7.847086113706086e+03 8.261169156579933e-17 8.117258149578201e-18
7.848893180095190e+03 7.805380590103005e-17 8.184014083268753e-18
7.850700662624622e+03 6.664069085510233e-17 1.110402611007232e-17
7.852508561390200e+03 8.628932876618765e-17 1.160539598316113e-17
7.854316876487790e+03 4.688597151620193e-17 1.131549079795187e-17
7.856125608013253e+03 8.354888677584924e-17 9.879627883408273e-18
7.857934756062499e+03 5.778339761395998e-17 8.205613326735468e-18
7.859744320731435e+03 7.133526389893010e-17 7.519745755129243e-18
7.861554302116016e+03 8.304160503021306e-17 6.477091944744082e-18
7.863364700312188e+03 7.705704465472250e-17 6.242769717033192e-18
7.865175515415956e+03 7.777562526801016e-17 6.308830081724286e-18
7.866986747523310e+03 8.606467555082471e-17 6.423029406026979e-18
7.868798396730295e+03 8.209200508193991e-17 6.474643444601117e-18
7.870610463132955e+03 7.435262257420803e-17 6.487710481249115e-18
7.872422946827358e+03 7.101169319545579e-17 7.564196260323093e-18
7.874235847909605e+03 6.723665045910059e-17 1.192298216668452e-17
7.876049166475824e+03 6.204833683461977e-17 2.234260232218863e-17
7.877862902622146e+03 1.356968655908070e-17 2.174308816917408e-17
7.879677056444727e+03 1.096498958230725e-16 1.382561365100133e-17
7.881491628039766e+03 7.228091196387801e-17 9.617144653413121e-18
7.883306617503455e+03 1.109462205216572e-16 1.269157583727494e-17
7.885122024932039e+03 6.172724338779020e-17 1.338006271969997e-17
7.886937850421752e+03 8.241869492691203e-17 1.005391747771610e-17
7.888754094068883e+03 6.166548759250671e-17 6.899789177548395e-18
7.890570755969713e+03 7.339316007552502e-17 6.723148960063851e-18
7.892387836220575e+03 9.019460343418979e-17 8.660503080650413e-18
7.894205334917792e+03 8.015542171337606e-17 1.173762474048841e-17
7.896023252157742e+03 7.813432965769467e-17 1.107438877990865e-17
7.897841588036794e+03 7.253106058795956e-17 7.968260009737740e-18
7.899660342651369e+03 6.771400481174764e-17 6.508922111786267e-18
7.901479516097880e+03 7.633723962768948e-17 6.212779826333781e-18
7.903299108472796e+03 6.280768391030506e-17 6.019725692190657e-18
7.905119119872578e+03 7.143351495318303e-17 6.195545904003125e-18
7.906939550393717e+03 7.781212774109789e-17 6.608183788051907e-18
7.908760400132735e+03 7.050912586414463e-17 6.907363735987355e-18
7.910581669186180e+03 9.134012039449893e-17 8.836533869328167e-18
7.912403357650609e+03 5.830680574263111e-17 1.103098710840970e-17
7.914225465622595e+03 8.082753641579086e-17 9.258542595379421e-18
7.916047993198762e+03 6.773692552964734e-17 6.677413862991506e-18
7.917870940475721e+03 6.895370093325000e-17 6.938290778650733e-18
7.919694307550139e+03 7.098335182847590e-17 6.685918533864536e-18
7.921518094518676e+03 6.656219185605894e-17 5.964531544708443e-18
7.923342301478039e+03 7.119544684357516e-17 6.285718258014925e-18
7.925166928524933e+03 5.703573312656885e-17 9.469208586931312e-18
7.926991975756111e+03 7.502469829841638e-17 1.651866567021360e-17
7.928817443268322e+03 6.892015799246905e-17 1.576176638329751e-17
7.930643331158364e+03 9.129017288460796e-17 1.066344077922860e-17
7.932469639523029e+03 6.622306419791039e-17 7.396593916857573e-18
7.934296368459162e+03 7.058111060748718e-17 6.427507975084537e-18
7.936123518063599e+03 6.835161512392033e-17 6.538904586217740e-18
7.937951088433228e+03 7.466171612306972e-17 7.308489324000530e-18
7.939779079664930e+03 6.129115435439109e-17 8.522775582320618e-18
7.941607491855638e+03 8.101767928950658e-17 1.173124744611905e-17
7.943436325102277e+03 7.503775570876960e-17 1.148923761602484e-17
7.945265579501827e+03 7.653046283035378e-17 8.407364022525142e-18
7.947095255151265e+03 7.790585615781712e-17 6.530664625991145e-18
7.948925352147589e+03 6.382495175785083e-17 6.484852461117936e-18
7.950755870587847e+03 8.109108902744331e-17 7.321632408924947e-18
7.952586810569073e+03 6.075218315355613e-17 8.388041657321602e-18
7.954418172188361e+03 7.941252826464477e-17 1.790512062251609e-17
7.956249955542788e+03 9.986543314373546e-17 2.434410695489896e-17
7.958082160729490e+03 7.954550329566864e-17 1.616742691441328e-17
7.959914787845594e+03 8.080549742570873e-17 8.919960122530544e-18
7.961747836988280e+03 6.745944377343319e-17 6.867132953112701e-18
7.963581308254718e+03 7.291899707922118e-17 6.436331956161660e-18
7.965415201742134e+03 7.523582306981182e-17 6.551162881207837e-18
7.967249517547741e+03 6.562310488913970e-17 6.570813630286074e-18
7.969084255768809e+03 7.715074812076138e-17 6.537223774001664e-18
7.970919416502598e+03 6.266537620614254e-17 5.989293063549907e-18
7.972754999846424e+03 6.659707697756849e-17 6.381049634545556e-18
7.974591005897590e+03 7.655602198449644e-17 8.638344509550202e-18
7.976427434753457e+03 7.300108031752526e-17 1.024069641097362e-17
7.978264286511371e+03 7.942984637840105e-17 9.826483026576525e-18
7.980101561268740e+03 8.996854507128820e-17 8.210183078681201e-18
7.981939259122963e+03 6.209319483134524e-17 6.726937578103575e-18
7.983777380171468e+03 7.450233573444140e-17 7.244311984704510e-18
7.985615924511718e+03 6.876499371569851e-17 9.198909841235510e-18
7.987454892241196e+03 6.022943969715729e-17 1.512218178201985e-17
7.989294283457396e+03 6.438926981992702e-17 1.528600606520755e-17
7.991134098257833e+03 6.870938942556623e-17 1.122732923422858e-17
7.992974336740067e+03 7.616675610351630e-17 9.635748320856487e-18
7.994814999001652e+03 6.661115389854818e-17 8.332714827567037e-18
7.996656085140190e+03 7.604671814346701e-17 8.571443290552786e-18
7.998497595253280e+03 6.748661938434441e-17 9.245030585412221e-18
8.000339529438575e+03 7.954673377602073e-17 6.954819466771410e-18
8.002181887793711e+03 8.295364344014882e-17 6.927604338882505e-18
8.004024670416389e+03 7.039231146154861e-17 6.395624458518607e-18
8.005867877404294e+03 7.292518545166671e-17 6.026854941332721e-18
8.007711508855166e+03 7.572287414203584e-17 6.001366386567125e-18
8.009555564866737e+03 8.276513497731051e-17 6.259281836992138e-18
8.011400045536793e+03 7.886527106695461e-17 6.637052153267696e-18
8.013244950963111e+03 6.943095139933925e-17 7.797471483415398e-18
8.015090281243522e+03 5.660307118814436e-17 8.338712165048565e-18
8.016936036475853e+03 7.082901108542089e-17 7.606685129250543e-18
8.018782216757961e+03 6.525203117173252e-17 6.203276594753618e-18
8.020628822187731e+03 6.775262167006342e-17 6.293739709407541e-18
8.022475852863080e+03 7.327826017371839e-17 8.335228393714380e-18
8.024323308881927e+03 4.892666323071425e-17 1.212042742458349e-17
8.026171190342213e+03 9.189894380263823e-17 1.202658499727137e-17
8.028019497341927e+03 7.418946835054374e-17 7.690745305980242e-18
8.029868229979050e+03 8.188512117454568e-17 6.748520724673231e-18
8.031717388351614e+03 7.619193741469973e-17 6.638973612092712e-18
8.033566972557645e+03 7.528884924718261e-17 6.494417308673798e-18
8.035416982695222e+03 7.463175244119839e-17 6.353682746643120e-18
8.037267418862412e+03 6.957757605401443e-17 6.554104795036051e-18
8.039118281157344e+03 7.262929471242425e-17 6.638637689799588e-18
8.040969569678128e+03 6.459746138245811e-17 6.373415699389647e-18
8.042821284522937e+03 7.443086238083520e-17 6.307077351134185e-18
8.044673425789929e+03 6.637769081383272e-17 6.275310266805501e-18
8.046525993577319e+03 7.743185623881564e-17 6.703932786067716e-18
8.048378987983312e+03 6.407706293654019e-17 6.656442609785360e-18
8.050232409106170e+03 6.300971829525540e-17 6.223613178255103e-18
8.052086257044140e+03 7.298022040917903e-17 6.113918201595145e-18
8.053940531895531e+03 8.088131247830548e-17 6.700490987132331e-18
8.055795233758636e+03 6.422044740306661e-17 7.349969205500669e-18
8.057650362731805e+03 7.186731737528743e-17 7.257192221916396e-18
8.059505918913389e+03 7.511434350705473e-17 6.784615942345779e-18
8.061361902401759e+03 6.699333695781537e-17 6.930416372203873e-18
8.063218313295333e+03 7.670793169524161e-17 8.267455773143807e-18
8.065075151692520e+03 7.429699801509213e-17 9.158697331899424e-18
8.066932417691785e+03 6.159878823482619e-17 8.307129429341001e-18
8.068790111391581e+03 6.705899993166339e-17 7.132872490830520e-18
8.070648232890418e+03 6.458862917629645e-17 6.866813268084596e-18
8.072506782286794e+03 6.692413315127256e-17 6.570547871657487e-18
8.074365759679265e+03 6.554214615085518e-17 6.174392816569236e-18
8.076225165166375e+03 7.298739774319029e-17 6.084280985139126e-18
8.078084998846724e+03 6.789281940670364e-17 5.955181224708519e-18
8.079945260818904e+03 7.093753160174629e-17 5.985162727146383e-18
8.081805951181557e+03 6.963273432207533e-17 5.962722546177861e-18
8.083667070033322e+03 7.229454009296826e-17 6.214663842552590e-18
8.085528617472890e+03 6.865073588106193e-17 6.262171926619804e-18
8.087390593598940e+03 7.733502137516563e-17 6.219806947357049e-18
8.089252998510208e+03 6.602120786428941e-17 6.138511296928726e-18
8.091115832305422e+03 6.319087418920797e-17 6.369336014611104e-18
8.092979095083364e+03 7.319840080753459e-17 6.783527878067288e-18
8.094842786942814e+03 6.694733748460057e-17 6.599639150942166e-18
8.096706907982573e+03 6.727908158211938e-17 6.362927339395761e-18
8.098571458301485e+03 7.152623953032984e-17 6.578624745665776e-18
8.100436437998415e+03 6.517305422937156e-17 6.833812829279882e-18
8.102301847172234e+03 6.434115807928328e-17 7.046934648284754e-18
8.104167685921834e+03 6.082061990418073e-17 6.811209998950469e-18
8.106033954346158e+03 7.577773784262138e-17 6.831711629592453e-18
8.107900652544135e+03 5.834418219278283e-17 7.448070547046066e-18
8.109767780614756e+03 7.159430325763946e-17 8.131014588156265e-18
8.111635338656994e+03 6.393879554905773e-17 7.705995266251171e-18
8.113503326769884e+03 6.215079212935950e-17 6.651557607099683e-18
8.115371745052446e+03 6.478726137559625e-17 6.317691685280156e-18
8.117240593603760e+03 5.947112294066741e-17 6.105309779157289e-18
8.119109872522894e+03 5.980147434751711e-17 5.991573932045656e-18
8.120979581908970e+03 7.088856179031381e-17 6.382646644881815e-18
8.122849721861102e+03 7.220814385448610e-17 6.900531747798563e-18
8.124720292478461e+03 7.747371470040871e-17 7.954113526679661e-18
8.126591293860206e+03 6.534002388017270e-17 7.530021176898323e-18
8.128462726105551e+03 6.370200584186777e-17 6.676609294398529e-18
8.130334589313710e+03 6.394212615983391e-17 6.432881954252565e-18
8.132206883583917e+03 6.219228221017022e-17 6.578679445468512e-18
8.134079609015450e+03 7.163655925154250e-17 6.825079839039656e-18
8.135952765707607e+03 7.972966259545442e-17 6.945854943280132e-18
8.137826353759691e+03 6.617116417993789e-17 6.844261949343500e-18
8.139700373271030e+03 6.928805126575045e-17 7.376549187812383e-18
8.141574824341000e+03 5.960773138989918e-17 6.911544221002828e-18
8.143449707068965e+03 6.638797370931944e-17 7.120373698233818e-18
8.145325021554348e+03 7.170286040309165e-17 7.365481000072700e-18
8.147200767896556e+03 7.363049095199034e-17 7.536092693042188e-18
8.149076946195059e+03 7.211398538111176e-17 7.678491796838150e-18
8.150953556549311e+03 7.470344323872249e-17 7.913719663190312e-18
8.152830599058827e+03 6.525239871993442e-17 7.673773416377511e-18
8.154708073823107e+03 7.795176522156989e-17 8.128682544801627e-18
8.156585980941711e+03 6.612594357399244e-17 8.702899642010885e-18
8.158464320514187e+03 7.440871405992885e-17 8.439545748049998e-18
8.160343092640138e+03 7.998935223530522e-17 8.136703832668414e-18
8.162222297419159e+03 7.574182272614816e-17 7.380834201777272e-18
8.164101934950902e+03 6.981573270523899e-17 6.882161949655219e-18
8.165982005335010e+03 6.250729003072537e-17 6.759854282085280e-18
8.167862508671160e+03 6.464356804618409e-17 6.684512363258356e-18
8.169743445059058e+03 7.157088961938127e-17 6.865273421008224e-18
8.171624814598440e+03 6.849860214739605e-17 6.647893361194095e-18
8.173506617389046e+03 6.580067709307493e-17 6.656395695713431e-18
8.175388853530639e+03 6.195785016983516e-17 6.710476960965055e-18
8.177271523123028e+03 7.433623295047508e-17 6.773157043098278e-18
8.179154626266017e+03 6.739187901949128e-17 6.615705443985390e-18
8.181038163059458e+03 6.537861192510841e-17 6.548846491134974e-18
8.182922133603201e+03 7.115339031814315e-17 6.730242990155286e-18
8.184806537997150e+03 7.776515562933510e-17 7.011786070882892e-18
8.186691376341194e+03 7.705386881464807e-17 7.592045646327997e-18
8.188576648735286e+03 6.869130703630482e-17 8.372440273405216e-18
8.190462355279360e+03 6.516442850965748e-17 8.661469596853798e-18
8.192348496073413e+03 6.689676460432528e-17 8.076990352454589e-18
8.194235071217432e+03 6.521488174283212e-17 7.502775063988186e-18
8.196122080811454e+03 7.014039171460155e-17 6.967599135925826e-18
8.198009524955511e+03 8.067143139049021e-17 6.785972605166937e-18
8.199897403749690e+03 7.204524024618557e-17 6.751694743381299e-18
8.201785717294069e+03 6.745398936708112e-17 6.981473268479312e-18
8.203674465688780e+03 8.109571708593807e-17 7.380975323744057e-18
8.205563649033948e+03 7.875191503102919e-17 7.372416946548989e-18
8.207453267429748e+03 6.161772497037605e-17 7.065014710896374e-18
8.209343320976359e+03 7.154518470949748e-17 7.559387575128506e-18
8.211233809773985e+03 6.034771254567342e-17 7.639755468447001e-18
8.213124733922870e+03 6.461781233027795e-17 7.152716506819203e-18
8.215016093523252e+03 7.700286226782321e-17 6.945045288439702e-18
8.216907888675429e+03 7.134776747938021e-17 6.974332336875185e-18
8.218800119479685e+03 6.436253149720532e-17 7.050871096521759e-18
8.220692786036356e+03 7.079454275183458e-17 7.363223896451338e-18
8.222585888445778e+03 6.524645581398934e-17 6.968180210819267e-18
8.224479426808337e+03 8.209905257204888e-17 7.144523557218415e-18
8.226373401224408e+03 6.763203293933840e-17 6.813882275811617e-18
8.228267811794423e+03 6.878042766123237e-17 6.569609016202008e-18
8.230162658618810e+03 5.831460991426057e-17 6.513788013911445e-18
8.232057941798046e+03 6.584160673489294e-17 6.814081794029482e-18
8.233953661432599e+03 6.874050030209605e-17 7.410226324635419e-18
8.235849817622997e+03 6.800786295740493e-17 7.751692025693292e-18
8.237746410469752e+03 7.525979965456261e-17 8.720651390881798e-18
8.239643440073442e+03 7.109988695064372e-17 1.161303266541329e-17
8.241540906534623e+03 4.158955988082506e-17 1.398711952368411e-17
8.243438809953916e+03 6.457987296182750e-17 1.445499720719143e-17
8.245337150431937e+03 8.842341675264890e-17 1.239362352305426e-17
8.247235928069327e+03 6.651650761596117e-17 1.149288184923020e-17
8.249135142966765e+03 1.008361025578142e-16 1.525725632864323e-17
8.251034795224954e+03 7.168169224941628e-17 2.012727330311292e-17
8.252934884944601e+03 7.278190848010758e-17 1.677215642603064e-17
8.254835412226441e+03 7.309820859353544e-17 9.975390368317011e-18
8.256736377171255e+03 7.558253709959607e-17 1.176914366701816e-17
8.258637779879811e+03 7.977794292636905e-17 1.563144060442702e-17
8.260539620452939e+03 1.053743926966228e-16 1.850455848306975e-17
8.262441898991456e+03 6.157953555395395e-17 1.627064219740034e-17
8.264344615596232e+03 8.366811943916734e-17 1.035200086929380e-17
8.266247770368132e+03 7.836263070357434e-17 8.253040857196109e-18
8.268151363408078e+03 6.270902505633373e-17 7.354327991652930e-18
8.270055394816978e+03 6.323412707901342e-17 8.905690116043789e-18
8.271959864695800e+03 6.599232003434204e-17 1.190951999441207e-17
8.273864773145498e+03 4.759525817175820e-17 1.057827836277240e-17
8.275770120267087e+03 6.501574621406751e-17 7.518062301529469e-18
8.277675906161570e+03 6.468589989706523e-17 7.414253969572657e-18
8.279582130930004e+03 7.026977561249157e-17 7.959703458992516e-18
8.281488794673451e+03 6.682877563204368e-17 7.511429646569413e-18
8.283395897492988e+03 6.621579818081017e-17 7.304636113631118e-18
8.285303439489737e+03 7.454901987778771e-17 7.464635348912381e-18
8.287211420764841e+03 6.953300840979803e-17 7.268078027144976e-18
8.289119841419457e+03 6.186876666515965e-17 7.243153671001103e-18
8.291028701554751e+03 6.492350686059630e-17 7.128906525644213e-18
8.292938001271954e+03 6.835026642701376e-17 6.938765767279223e-18
8.294847740672269e+03 6.860198922674435e-17 6.881363807903298e-18
8.296757919856971e+03 6.943369195070235e-17 6.989179691854460e-18
8.298668538927319e+03 5.239660512537462e-17 7.241818328187601e-18
8.300579597984630e+03 7.192447239756434e-17 8.423302384269716e-18
8.302491097130203e+03 6.024469188568092e-17 1.233257843887934e-17
8.304403036465408e+03 5.603200220577975e-17 2.276102067542745e-17
8.306315416091593e+03 3.179661501788899e-18 3.147243146818896e-17
8.308228236110168e+03 9.082687112501954e-17 2.269661845929114e-17
8.310141496622533e+03 9.620030188758084e-17 1.201565328911880e-17
8.312055197730144e+03 5.468739283632572e-17 1.190056461626543e-17
8.313969339534446e+03 6.326813995935004e-17 1.654357220650576e-17
8.315883922136940e+03 5.298949614551453e-17 1.753528507585555e-17
8.317798945639121e+03 8.654955269968037e-17 9.910552785561255e-18
8.319714410142538e+03 5.621509067275367e-17 6.906298955429537e-18
8.321630315748729e+03 5.295294791973908e-17 7.432069036286157e-18
8.323546662559293e+03 6.306612000000502e-17 9.925667541752908e-18
8.325463450675818e+03 6.222870305057190e-17 1.156904359450276e-17
8.327380680199929e+03 5.122548548290397e-17 9.766639344435227e-18
8.329298351233287e+03 5.360727396644864e-17 7.431458157137464e-18
8.331216463877552e+03 5.104700402854597e-17 6.678596520565218e-18
8.333135018234438e+03 6.191948072842390e-17 6.829152602903951e-18
8.335054014405641e+03 6.638360472422294e-17 7.102926862540688e-18
8.336973452492930e+03 6.747397206707342e-17 7.765473672097936e-18
8.338893332598047e+03 5.583300547880888e-17 7.922774927358584e-18
8.340813654822805e+03 3.831679154305797e-17 9.260321596032302e-18
8.342734419268996e+03 5.181218058577194e-17 1.304458598539579e-17
8.344655626038477e+03 6.280195517531847e-17 1.292943386903971e-17
8.346577275233090e+03 8.070032128829283e-17 8.997369614687783e-18
8.348499366954735e+03 6.738452510515490e-17 7.226780771801233e-18
8.350421901305306e+03 7.020650209424783e-17 7.213072257570910e-18
8.352344878386748e+03 5.540431327939184e-17 7.615501395183259e-18
8.354268298300998e+03 6.304549388431779e-17 7.530281156564465e-18
8.356192161150051e+03 7.431379865197580e-17 8.962390670980158e-18
8.358116467035892e+03 5.621091239037542e-17 2.085740699350625e-17
8.360041216060565e+03 6.139970196453476e-17 2.977215694900373e-17
8.361966408326105e+03 3.383489213293619e-18 2.288836456753891e-17
8.363892043934578e+03 1.126621302588090e-16 1.212471962748046e-17
8.365818122988088e+03 5.751018838050056e-17 8.100423180874161e-18
8.367744645588760e+03 6.931349479139371e-17 6.986137654140431e-18
8.369671611838728e+03 5.009799079337574e-17 6.853906442064708e-18
8.371599021840153e+03 6.640884390841316e-17 6.872048090210825e-18
8.373526875695239e+03 5.015401932908287e-17 9.217768816785161e-18
8.375455173506180e+03 6.516374029763652e-17 1.608843719765746e-17
8.377383915375232e+03 3.176423467987444e-17 1.781621626813331e-17
8.379313101404636e+03 6.956649722483595e-17 1.185742115771335e-17
8.381242731696693e+03 5.118993446568125e-17 7.858935061084908e-18
8.383172806353696e+03 5.251249169054506e-17 6.801146367957364e-18
8.385103325477989e+03 6.180196174153598e-17 7.294856255576553e-18
8.387034289171908e+03 4.705882485975730e-17 9.666113167262667e-18
8.388965697537855e+03 6.670921443288650e-17 1.707475989451484e-17
8.390897550678206e+03 7.888686327292935e-17 2.920301985664227e-17
8.392829848695405e+03 3.382090044569453e-17 2.926769008193132e-17
8.394762591691884e+03 1.228720404461212e-16 1.161822354581624e-17
8.396695779770138e+03 6.648198317810032e-17 7.836458337899158e-18
8.398629413032644e+03 6.535518094679617e-17 7.300607240423390e-18
8.400563491581919e+03 6.096904399284037e-17 7.242908170172955e-18
8.402498015520512e+03 5.757049151824806e-17 6.962291981583073e-18
8.404432984951001e+03 6.358132636052109e-17 6.775717901123672e-18
8.406368399975965e+03 5.579673541558405e-17 6.695998507754128e-18
8.408304260698011e+03 6.740967902158432e-17 6.827070190480637e-18
8.410240567219789e+03 3.896250623541562e-17 8.734332711133502e-18
8.412177319643948e+03 8.448005422919807e-17 1.444915000491110e-17
8.414114518073187e+03 3.388531132435208e-17 1.524686285153022e-17
8.416052162610200e+03 9.596083599804496e-17 1.056331286929882e-17
8.417990253357733e+03 6.549909235034776e-17 7.231526059808981e-18
8.419928790418526e+03 6.182827119202616e-17 7.202944971479990e-18
8.421867773895374e+03 6.586837536995129e-17 8.677855076007430e-18
8.423807203891063e+03 8.515570890965504e-17 1.309778682590609e-17
8.425747080508439e+03 2.607686825799969e-17 2.681765272568255e-17
8.427687403850334e+03 6.437951950715965e-17 3.101649075677801e-17
8.429628174019639e+03 6.830259970971321e-17 1.404776504245909e-17
8.431569391119234e+03 4.839886060867732e-17 8.176899363481941e-18
8.433511055252056e+03 4.178195228051861e-17 7.422760308736807e-18
8.435453166521045e+03 6.097355129365592e-17 7.651525114754537e-18
8.437395725029159e+03 4.809010149445486e-17 7.121332818554123e-18
8.439338730879399e+03 7.615606974133925e-17 7.643208843582735e-18
8.441282184174792e+03 7.069652545948934e-17 8.392924813405525e-18
8.443226085018367e+03 6.295859493319074e-17 8.185275816953789e-18
8.445170433513178e+03 6.691719944889137e-17 7.496688042447081e-18
8.447115229762332e+03 5.432582319242119e-17 6.948649934691811e-18
8.449060473868924e+03 7.828302361348314e-17 7.063993584981142e-18
8.451006165936102e+03 6.786280271633719e-17 8.160798086824546e-18
8.452952306067009e+03 7.193951052191500e-17 1.246504912791751e-17
8.454898894364847e+03 3.437675508536386e-17 1.249705496038014e-17
8.456845930932801e+03 6.332451940359592e-17 9.220222330009410e-18
8.458793415874123e+03 5.497660824636483e-17 7.814817190832391e-18
8.460741349292046e+03 5.777167718699807e-17 8.845978673806547e-18
8.462689731289865e+03 3.437417499064222e-17 1.297099898294336e-17
8.464638561970864e+03 8.011623406047884e-17 1.868698302290222e-17
8.466587841438384e+03 3.679095061988624e-17 1.809221042582847e-17
8.468537569795761e+03 8.244940886174606e-17 1.302720150997017e-17
8.470487747146381e+03 6.950055278769821e-17 8.912811548748822e-18
8.472438373593623e+03 5.870938183150694e-17 7.608498707505646e-18
8.474389449240925e+03 5.418925887049014e-17 7.636992451068305e-18
8.476340974191717e+03 6.310787008009376e-17 8.352029735174677e-18
8.478292948549481e+03 5.199569504768448e-17 8.784215577504351e-18
8.480245372417701e+03 5.408923533484769e-17 8.304402517010443e-18
8.482198245899883e+03 5.246086060549702e-17 7.543572573079693e-18
8.484151569099575e+03 5.898219218073158e-17 7.252427723123275e-18
8.486105342120347e+03 5.113797053046009e-17 7.502599266033254e-18
8.488059565065785e+03 6.228577876982337e-17 7.723579958747457e-18
8.490014238039483e+03 5.414403894672027e-17 7.126203141488308e-18
8.491969361145097e+03 5.806681979443698e-17 6.986089612094722e-18
8.493924934486266e+03 5.587494944234369e-17 7.255641739920647e-18
8.495880958166692e+03 5.488676379683894e-17 7.929184689522797e-18
8.497837432290064e+03 4.892554423059347e-17 1.015160947275262e-17
8.499794356960128e+03 6.180847424785535e-17 1.203221361986861e-17
8.501751732280622e+03 5.532565840352407e-17 9.556754591526089e-18
8.503709558355340e+03 7.072086727197251e-17 7.584618177112124e-18
8.505667835288070e+03 8.752402769928164e-17 8.142091881946725e-18
8.507626563182652e+03 7.902089861534264e-17 1.111646058843840e-17
8.509585742142919e+03 5.873892760321029e-17 1.434043845842393e-17
8.511545372272763e+03 7.010934530514942e-17 1.174623149793322e-17
8.513505453676064e+03 5.997847438668802e-17 8.469552097863839e-18
8.515465986456758e+03 5.390406652743564e-17 7.257512389727164e-18
8.517426970718787e+03 4.964298239186966e-17 7.138335772666742e-18
8.519388406566106e+03 4.623324793267829e-17 7.221503239761760e-18
8.521350294102722e+03 6.558353527619791e-17 7.654510569269353e-18
8.523312633432659e+03 6.336078925951247e-17 7.559899867274952e-18
8.525275424659949e+03 6.119313845166677e-17 7.410563921824062e-18
8.527238667888649e+03 6.490906547031185e-17 7.277201037293533e-18
8.529202363222865e+03 4.987598769928721e-17 7.053283986432287e-18
8.531166510766696e+03 5.511142966093714e-17 7.414675617285454e-18
8.533131110624290e+03 6.604930345800249e-17 8.088861611538035e-18
8.535096162899796e+03 4.898522965247968e-17 8.201325687569992e-18
8.537061667697413e+03 6.212897960737076e-17 7.984171770082590e-18
8.539027625121338e+03 6.298547851056109e-17 7.822453646403149e-18
8.540994035275817e+03 4.396457522738177e-17 7.301759678496595e-18
8.542960898265088e+03 5.537603716778723e-17 7.237435621419913e-18
8.544928214193456e+03 5.689375812756104e-17 7.683428948710238e-18
8.546895983165203e+03 7.038689094892387e-17 8.875511143846581e-18
8.548864205284677e+03 7.471332761990092e-17 9.328301877194848e-18
8.550832880656215e+03 7.182879955409552e-17 8.287889197500880e-18
8.552802009384210e+03 4.744544590455527e-17 7.263559472476816e-18
8.554771591573055e+03 4.213146675585788e-17 8.135164129756611e-18
8.556741627327166e+03 5.734835345525810e-17 1.066799980189704e-17
8.558712116751003e+03 4.471988374580845e-17 1.006957996291726e-17
8.560683059949046e+03 5.424329420345632e-17 8.160406354270048e-18
8.562654457025785e+03 5.360472288233170e-17 7.580504509758375e-18
8.564626308085732e+03 5.530121045693080e-17 7.830618453851763e-18
8.566598613233449e+03 6.112443566866916e-17 8.114439878727972e-18
8.568571372573491e+03 6.818905054062629e-17 8.142214698620344e-18
8.570544586210466e+03 4.988955245682259e-17 8.179808884429727e-18
8.572518254248977e+03 6.492606096401850e-17 9.610960736703991e-18
8.574492376793680e+03 3.825667043066064e-17 1.002518068454023e-17
8.576466953949228e+03 5.719466086051262e-17 1.049902772419722e-17
8.578441985820325e+03 5.661863241690479e-17 1.155643379241997e-17
8.580417472511668e+03 6.528221748230733e-17 1.230082090124395e-17
8.582393414128015e+03 6.230136381949434e-17 1.281431256426671e-17
8.584369810774111e+03 6.272055106473979e-17 1.478649478861809e-17
8.586346662554755e+03 4.837416378674793e-17 1.404236371577283e-17
8.588323969574745e+03 5.252467258720315e-17 1.343415444500819e-17
8.590301731938933e+03 2.361971385621438e-17 1.345366497969388e-17
8.592279949752159e+03 5.015579269276175e-17 1.366668705078000e-17
8.594258623119324e+03 7.113259631158504e-17 1.400059283216907e-17
8.596237752145318e+03 5.034331543574903e-17 1.326441008505157e-17
8.598217336935089e+03 5.557384509121847e-17 1.163983035128739e-17
8.600197377593584e+03 7.663602902000476e-17 1.089621681926105e-17
8.602177874225776e+03 7.745399198726823e-17 1.005906190070714e-17
8.604158826936684e+03 7.252909550335374e-17 1.080361852854886e-17
8.606140235831321e+03 6.308236528752633e-17 1.178262229792744e-17
8.608122101014753e+03 5.387976207693931e-17 1.270136105662928e-17
8.610104422592043e+03 6.828477018277832e-17 1.393030108215080e-17
8.612087200668308e+03 3.370090802039666e-17 1.341801497244117e-17
8.614070435348654e+03 5.749803104588853e-17 1.424128587852730e-17
8.616054126738249e+03 5.382651413711846e-17 1.533340927472943e-17
8.618038274942246e+03 4.583760527394013e-17 1.433758319974571e-17
8.620022880065864e+03 7.804637560746864e-17 1.580135474555942e-17
8.622007942214306e+03 5.036108114127759e-17 1.402287564015823e-17
8.623993461492833e+03 4.809522171476584e-17 1.294452351066726e-17
8.625979438006703e+03 5.804688450819255e-17 1.312398826067496e-17
8.627965871861221e+03 5.146923420237702e-17 1.212024093791650e-17
8.629952763161693e+03 5.209676072124324e-17 1.322600587822156e-17
8.631940112013479e+03 6.948094183735768e-17 1.286510343298327e-17
8.633927918521927e+03 8.202609745226664e-17 1.171285026750470e-17
8.635916182792447e+03 4.353286864379268e-17 1.160263934278176e-17
8.637904904930447e+03 4.795871568181870e-17 1.054708731799594e-17
8.639894085041356e+03 4.850228618659354e-17 1.065895915494663e-17
8.641883723230649e+03 4.553340184859773e-17 1.078540429112040e-17
8.643873819603823e+03 4.769859714358612e-17 9.743092681731444e-18
8.645864374266383e+03 5.761081861522053e-17 9.627557688470037e-18
8.647855387323852e+03 6.350473907043066e-17 9.287458794838200e-18
8.649846858881814e+03 4.227755886577104e-17 8.575696227109970e-18
8.651838789045840e+03 7.458233901268399e-17 9.462544597072971e-18
8.653831177921553e+03 6.824911140788760e-17 9.140956726236006e-18
8.655824025614569e+03 6.133927261219352e-17 8.565504760307395e-18
8.657817332230568e+03 3.561672054665091e-17 8.787830588522122e-18
8.659811097875212e+03 5.280469483611214e-17 9.370929281476148e-18
8.661805322654229e+03 5.483024959646413e-17 9.096249273415417e-18
8.663800006673331e+03 4.383299716855785e-17 8.882471977686122e-18
8.665795150038295e+03 6.297565532790339e-17 9.679255059486954e-18
8.667790752854880e+03 7.025335905595343e-17 1.015772227940985e-17
8.669786815228908e+03 6.599805405328612e-17 9.613326375643101e-18
8.671783337266195e+03 4.963198844379593e-17 8.713902558307169e-18
8.673780319072610e+03 5.198909806717164e-17 8.537463715155836e-18
8.675777760754021e+03 3.957663388256625e-17 7.934527219086556e-18
8.677775662416321e+03 4.446108126353067e-17 7.718717545902730e-18
8.679774024165450e+03 6.618775259621455e-17 8.175815648438234e-18
8.681772846107362e+03 5.073246952763190e-17 8.063261918472608e-18
8.683772128348028e+03 5.840972380376962e-17 8.344664790077716e-18
8.685771870993438e+03 5.424585674766377e-17 8.439980707454799e-18
8.687772074149634e+03 6.470687395631350e-17 8.447214995268871e-18
8.689772737922645e+03 5.382462977614698e-17 8.147994449668701e-18
8.691773862418564e+03 4.919844126201287e-17 7.979645237206764e-18
8.693775447743470e+03 5.257585999564829e-17 8.083395496345902e-18
8.695777494003505e+03 5.252572661529524e-17 8.457466419566864e-18
8.697780001304793e+03 4.898577000969268e-17 8.624108805120234e-18
8.699782969753527e+03 5.018535096008810e-17 8.923260786328973e-18
8.701786399455883e+03 5.380762778124965e-17 9.086562506634001e-18
8.703790290518098e+03 5.135448929147040e-17 8.976446270364776e-18
8.705794643046400e+03 3.795471973328321e-17 8.668537943448931e-18
8.707799457147074e+03 5.557780226079908e-17 8.664032418367877e-18
8.709804732926395e+03 4.626457302357205e-17 8.634691173237807e-18
8.711810470490702e+03 6.645297312956791e-17 8.784563572374770e-18
8.713816669946325e+03 5.564111449082152e-17 8.478528144666766e-18
8.715823331399621e+03 6.396778616560452e-17 1.101723985055296e-17
8.717830454956993e+03 8.684051424847731e-17 1.658922715650130e-17
8.719838040724864e+03 5.099856850639523e-17 2.212776187185516e-17
8.721846088809665e+03 6.930833173689483e-17 2.330950904528492e-17
8.723854599317852e+03 3.790548475086854e-17 2.073367618267191e-17
8.725863572355931e+03 7.282718740815764e-17 2.513713607760806e-17
8.727873008030401e+03 4.510178337255923e-17 2.839753226213473e-17
8.729882906447816e+03 8.525185685806259e-17 1.923615672451941e-17
8.731893267714720e+03 5.861219662262672e-17 1.177991176268363e-17
8.733904091937720e+03 3.307811144708661e-17 1.529861115555833e-17
8.735915379223408e+03 8.348944271490701e-17 2.454731550587531e-17
8.737927129678439e+03 4.854459202353832e-17 3.103873372155964e-17
8.739939343409458e+03 1.113698013296574e-16 2.487304200069263e-17
8.741952020523167e+03 6.954363412824755e-17 1.196321395739867e-17
8.743965161126258e+03 5.984692422721587e-17 9.636921231100977e-18
8.745978765325483e+03 5.814014335445096e-17 9.664749607031839e-18
8.747992833227583e+03 4.845953760429009e-17 1.154656722757205e-17
8.750007364939363e+03 8.109241621915618e-17 1.864597278877083e-17
8.752022360567609e+03 1.202414400530631e-16 2.100533514132616e-17
8.754037820219175e+03 9.534668456385275e-17 1.355701501799409e-17
8.756053744000901e+03 5.645681060858369e-17 9.463597273737071e-18
8.758070132019686e+03 6.701581334390029e-17 8.878626169793658e-18
8.760086984382426e+03 3.428642307627013e-17 8.151361471375435e-18
8.762104301196046e+03 4.620547083995318e-17 8.594155834374434e-18
8.764122082567512e+03 3.988726735635076e-17 9.408712659214461e-18
8.766140328603811e+03 4.539832673806537e-17 1.047028640102305e-17
8.768159039411941e+03 4.607972096657218e-17 1.063497939448067e-17
8.770178215098922e+03 5.992966072215371e-17 9.831980055790539e-18
8.772197855771827e+03 4.741108942896984e-17 8.996569281520503e-18
8.774217961537717e+03 5.889700576083407e-17 9.081811833469606e-18
8.776238532503716e+03 6.025362904757461e-17 9.493794197028868e-18
8.778259568776930e+03 4.734302951778094e-17 9.207555765872444e-18
8.780281070464536e+03 5.282673934929783e-17 9.512289510309530e-18
8.782303037673692e+03 2.064458783990411e-17 1.455100519169513e-17
8.784325470511614e+03 3.460630186457949e-17 3.849578620913020e-17
8.786348369085519e+03 1.643875344654959e-17 5.777683055602221e-17
8.788371733502670e+03 8.265178331259816e-17 4.449462245737216e-17
8.790395563870332e+03 5.128192638815266e-17 2.089742304092265e-17
8.792419860295819e+03 2.428877385952792e-17 1.556688538987578e-17
8.794444622886444e+03 1.917314874581435e-17 2.449637138440956e-17
8.796469851749569e+03 7.190129748463533e-17 2.439974014948917e-17
8.798495546992570e+03 7.726830376287148e-17 1.560858509836866e-17
8.800521708722828e+03 5.732201156588217e-17 9.974650628660869e-18
8.802548337047789e+03 3.670701783901122e-17 9.100187590340395e-18
8.804575432074898e+03 5.169345593859495e-17 1.067662036057520e-17
8.806602993911631e+03 4.101003652811561e-17 1.339499911599455e-17
8.808631022665477e+03 4.715668057699138e-17 1.560687067787789e-17
8.810659518443972e+03 5.853833842894080e-17 1.329742630165692e-17
8.812688481354651e+03 4.824537504733885e-17 9.417069042175780e-18
8.814717911505108e+03 4.610728423758176e-17 9.238851722777128e-18
8.816747809002918e+03 5.929136853931546e-17 9.291795492394469e-18
8.818778173955725e+03 6.455320924615135e-17 9.497386041569910e-18
8.820809006471158e+03 4.355095228816810e-17 9.908192009299723e-18
8.822840306656908e+03 5.232540013059711e-17 1.182017934354586e-17
8.824872074620656e+03 6.838994377669691e-17 1.905485374497732e-17
8.826904310470140e+03 -1.478503423149037e-17 2.533885195154107e-17
8.828937014313091e+03 6.312138923078777e-17 1.946620390597431e-17
8.830970186257297e+03 3.986239687273894e-17 1.161652391659120e-17
8.833003826410537e+03 4.693960552560483e-17 9.081805581034213e-18
8.835037934880651e+03 6.541792358398390e-17 8.875139993019145e-18
8.837072511775476e+03 4.960624484485405e-17 9.556377485742381e-18
8.839107557202875e+03 5.743045231766242e-17 1.090945433098181e-17
8.841143071270753e+03 2.061903995367562e-17 1.230419349868770e-17
8.843179054087041e+03 7.197555671597237e-17 2.891304313152194e-17
8.845215505759672e+03 -1.929151814074758e-17 4.900514270031947e-17
8.847252426396612e+03 1.206327582908974e-16 2.862581500501338e-17
8.849289816105869e+03 6.127639152610772e-17 1.330425168660959e-17
8.851327674995449e+03 6.298624023781790e-17 9.919771562262440e-18
8.853366003173418e+03 5.353726634600502e-17 9.967366033243874e-18
8.855404800747823e+03 6.662917026979390e-17 1.088980904620297e-17
8.857444067826780e+03 4.644480996601379e-17 9.549760116892157e-18
8.859483804518390e+03 2.596883723893186e-17 1.290059556329922e-17
8.861524010930812e+03 6.152517395609461e-17 2.563502346169016e-17
8.863564687172204e+03 7.381343804015830e-17 2.268026998157450e-17
8.865605833350775e+03 1.113389716320455e-16 1.278424622450057e-17
8.867647449574728e+03 5.577210350680787e-17 1.107693190935179e-17
8.869689535952324e+03 5.850148988917882e-17 1.076593083271235e-17
8.871732092591814e+03 4.416222464496753e-17 9.180916615262155e-18
8.873775119601514e+03 4.966562457087320e-17 1.117398549680947e-17
8.875818617089721e+03 6.389813295231688e-17 2.043658983900339e-17
8.877862585164798e+03 6.301008340706711e-17 3.952820185708466e-17
8.879907023935097e+03 5.434338115319913e-17 4.928436000891707e-17
8.881951933509030e+03 5.960135852261355e-17 2.090636053745905e-17
8.883997313995009e+03 4.701901157636947e-17 1.335115533588297e-17
8.886043165501464e+03 4.683179821628664e-17 1.048575945771021e-17
8.888089488136884e+03 4.871592780824081e-17 9.871081661826654e-18
8.890136282009747e+03 4.361589458781306e-17 9.458206988250380e-18
8.892183547228589e+03 5.337497369708406e-17 9.278392508979761e-18
8.894231283901936e+03 5.776493630239157e-17 9.694021601816618e-18
8.896279492138372e+03 4.913976634370078e-17 9.988832592583290e-18
8.898328172046478e+03 4.736573206611863e-17 1.207946823980257e-17
8.900377323734889e+03 4.919400978510004e-17 2.619121205932590e-17
8.902426947312228e+03 4.975203681635504e-17 3.477753839124858e-17
8.904477042887183e+03 5.965659611671899e-17 1.864626446158929e-17
8.906527610568433e+03 4.099562923877974e-17 1.133441988200611e-17
8.908578650464717e+03 4.951715189599271e-17 9.140420895131127e-18
8.910630162684751e+03 5.919262718128750e-17 1.006306885443243e-17
8.912682147337331e+03 7.064436315968611e-17 1.548811320107502e-17
8.914734604531232e+03 7.640354151055142e-17 2.972335356380455e-17
8.916787534375286e+03 3.900841225384246e-17 3.737707937314198e-17
8.918840936978326e+03 3.326394225277747e-17 3.409853601490587e-17
8.920894812449234e+03 6.866428607835136e-17 1.723970224271168e-17
8.922949160896898e+03 3.040489647331495e-17 1.152679622188482e-17
8.925003982430229e+03 6.588343204731013e-17 1.057410693013509e-17
8.927059277158180e+03 4.655440877112897e-17 1.108541162052340e-17
8.929115045189728e+03 5.113643460476356e-17 1.204145616926811e-17
8.931171286633860e+03 5.262261885801423e-17 1.245338665353846e-17
8.933228001599588e+03 5.694071686351711e-17 1.150375001023482e-17
8.935285190195971e+03 4.780094115464189e-17 1.100397520607671e-17
8.937342852532067e+03 4.881816217759755e-17 1.121893336113700e-17
8.939400988716985e+03 5.643661009874636e-17 1.230108341122642e-17
8.941459598859827e+03 5.639902248128830e-17 1.118018261907019e-17
8.943518683069758e+03 4.663927925192715e-17 1.216193849216812e-17
8.945578241455931e+03 1.012917981275843e-16 2.035116188855735e-17
8.947638274127559e+03 4.215845724593540e-17 2.505416372245472e-17
8.949698781193843e+03 3.083662876768090e-17 1.888246097723867e-17
8.951759762764050e+03 4.639404186162552e-17 1.254527155336731e-17
8.953821218947432e+03 4.805387531479263e-17 1.026101771991778e-17
8.955883149853304e+03 4.156912844525307e-17 1.197419095510825e-17
8.957945555590968e+03 6.960508480410328e-17 2.226672250943736e-17
8.960008436269787e+03 -1.694027087586622e-17 3.756566706636618e-17
8.962071791999128e+03 6.069568924488096e-17 2.823730305239103e-17
8.964135622888376e+03 5.218013287953442e-17 1.365981277960796e-17
8.966199929046965e+03 4.298501369320141e-17 1.164883831223139e-17
8.968264710584348e+03 5.898153786948636e-17 1.096144050129694e-17
8.970329967609992e+03 4.601360670941696e-17 1.020390380788249e-17
8.972395700233383e+03 3.176795367777852e-17 1.038351947142188e-17
8.974461908564064e+03 4.612396210554944e-17 1.124632927393798e-17
8.976528592711564e+03 4.440729394020274e-17 1.064797252685175e-17
8.978595752785473e+03 3.756550042646116e-17 9.766937159562269e-18
8.980663388895375e+03 4.437837731619715e-17 1.021868827127450e-17
8.982731501150913e+03 4.212877272862072e-17 1.028092465928652e-17
8.984800089661714e+03 3.164981149911348e-17 1.042209986777980e-17
8.986869154537471e+03 4.252816048095577e-17 1.081547791965218e-17
8.988938695887869e+03 4.946839219423383e-17 1.083504567031970e-17
8.991008713822648e+03 4.517186922694349e-17 1.016833293288647e-17
8.993079208451541e+03 6.107113662870267e-17 1.117158519197323e-17
8.995150179884344e+03 4.864753221698208e-17 1.455939820839081e-17
8.997221628230835e+03 3.149696665038603e-17 1.544286683011564e-17
8.999293553600861e+03 5.698443831315637e-17 1.280222804354451e-17
9.001365956104255e+03 4.843315319089400e-17 1.191888942727920e-17
9.003438835850913e+03 6.522324577282548e-17 1.195316522522993e-17
9.005512192950715e+03 4.469537680724907e-17 1.489739246637864e-17
9.007586027513611e+03 3.800814170332051e-17 1.974329870072235e-17
9.009660339649541e+03 4.789196281865204e-17 1.810429222556684e-17
9.011735129468478e+03 5.739064625337487e-17 1.172152607430570e-17
9.013810397080439e+03 5.742384170304960e-17 1.013190530967772e-17
9.015886142595435e+03 1.079538500129856e-16 1.093473609528802e-17
9.017962366123540e+03 1.191442958704379e-16 1.117939804695060e-17
9.020039067774816e+03 7.876770167922428e-17 1.146774752099057e-17
9.022116247659384e+03 4.252335974254658e-17 1.165962182096946e-17
9.024193905887354e+03 2.866963048349879e-17 1.081611354703393e-17
9.026272042568902e+03 6.219325002698544e-17 1.206941202134451e-17
9.028350657814191e+03 6.017478327305175e-17 1.237497380268533e-17
9.030429751733443e+03 4.446863561576066e-17 1.133226862259478e-17
9.032509324436871e+03 5.029347779998150e-17 1.096563296054082e-17
9.034589376034755e+03 4.851914269829059e-17 1.063416552234123e-17
9.036669906637353e+03 4.603206509647313e-17 1.093834235519055e-17
9.038750916354993e+03 5.365001327987407e-17 1.208837504560848e-17
9.040832405297991e+03 5.390324420737018e-17 1.065360131469562e-17
9.042914373576723e+03 4.410531528029296e-17 1.025152359931583e-17
9.044996821301553e+03 6.649051300984697e-17 1.099076069605294e-17
9.047079748582912e+03 5.542891137556090e-17 1.075994872748749e-17
9.049163155531220e+03 4.841840517242196e-17 1.257831333197221e-17
9.051247042256933e+03 5.188640107051057e-17 1.412153897906152e-17
9.053331408870547e+03 3.467341052543929e-17 1.271078010513139e-17
9.055416255482576e+03 4.851514863211818e-17 1.111064549808472e-17
9.057501582203549e+03 3.445511851634882e-17 1.233001850539596e-17
9.059587389144024e+03 5.102511091338644e-17 1.453790565727710e-17
9.061673676414601e+03 4.530742348508321e-17 1.347553256687006e-17
9.063760444125877e+03 2.987167052219862e-17 1.206369470165249e-17
9.065847692388506e+03 5.565994797052974e-17 1.069175814122072e-17
9.067935421313137e+03 1.400142166933131e-16 1.193333051232268e-17
9.070023631010477e+03 6.490925961275236e-16 1.941870229470460e-17
9.072112321591219e+03 8.669624818953963e-16 2.504028517018898e-17
9.074201493166125e+03 3.610079919182008e-16 1.667056402997251e-17
9.076291145845942e+03 7.188619381153742e-17 1.211605995471974e-17
9.078381279741479e+03 5.433882482293929e-17 1.086489067491024e-17
9.080471894963535e+03 5.284808362678900e-17 1.012583574986946e-17
9.082562991622970e+03 5.054755582406138e-17 1.019840924436225e-17
9.084654569830633e+03 5.683021518724303e-17 1.094546615415028e-17
9.086746629697438e+03 3.706862672869085e-17 1.143964028853734e-17
9.088839171334290e+03 4.718826956856083e-17 1.246277988322152e-17
9.090932194852130e+03 5.281496249458557e-17 1.145239114933212e-17
9.093025700361932e+03 3.488910937227034e-17 1.169507952578395e-17
9.095119687974704e+03 4.298317923550752e-17 1.171927888437387e-17
9.097214157801458e+03 6.316097324331322e-17 1.089587287068238e-17
9.099309109953230e+03 6.124962138124994e-17 1.044621997129530e-17
9.101404544541110e+03 4.492776374497031e-17 1.054554991619315e-17
9.103500461676180e+03 5.484750733775745e-17 1.065220362236322e-17
9.105596861469579e+03 5.266183831665021e-17 1.112968230949499e-17
9.107693744032440e+03 4.878796298258063e-17 1.213667962217517e-17
9.109791109475953e+03 8.719503866313605e-17 1.460970337028055e-17
9.111888957911304e+03 4.590249795335543e-17 1.419156731613743e-17
9.113987289449733e+03 4.327590310788054e-17 1.253206035398948e-17
9.116086104202477e+03 5.911703970859281e-17 1.235183153312708e-17
9.118185402280827e+03 4.317325311553750e-17 1.287927851094026e-17
9.120285183796070e+03 6.714441132847534e-17 1.319912730173258e-17
9.122385448859552e+03 5.361071789908235e-17 1.164183646009552e-17
9.124486197582612e+03 4.959674290622860e-17 1.113505707767785e-17
9.126587430076639e+03 5.719600187066393e-17 1.115055097678708e-17
9.128689146453038e+03 3.705833281331494e-17 1.064308723169209e-17
9.130791346823227e+03 3.979063247469784e-17 1.147559984956032e-17
9.132894031298672e+03 5.721810986603585e-17 1.220211516435041e-17
9.134997199990863e+03 3.916758445916211e-17 1.125872780845279e-17
9.137100853011303e+03 6.195326380215318e-17 1.062808881687040e-17
9.139204990471511e+03 4.266085877327089e-17 1.034233063325288e-17
9.141309612483070e+03 7.328774429329886e-17 1.132135249418504e-17
9.143414719157539e+03 5.084523643625991e-17 1.122560016751599e-17
9.145520310606555e+03 6.157519658061174e-17 1.096370542127871e-17
9.147626386941731e+03 3.788042591127787e-17 1.054917047922956e-17
9.149732948274750e+03 4.991648198164315e-17 1.113172149565894e-17
9.151839994717278e+03 5.209078665909989e-17 1.162387472780518e-17
9.153947526381051e+03 4.134417118664520e-17 1.154411127296033e-17
9.156055543377788e+03 5.925818248684446e-17 1.160434697262505e-17
9.158164045819272e+03 5.814984361391029e-17 1.177962543067745e-17
9.160273033817275e+03 6.632467803643425e-17 1.241303800326487e-17
9.162382507483633e+03 5.720004150142826e-17 1.321911832352431e-17
9.164492466930167e+03 4.344348120646349e-17 1.430655766500285e-17
9.166602912268769e+03 5.190518559059973e-17 1.469864197293285e-17
9.168713843611307e+03 4.012595137206233e-17 1.520103336807494e-17
9.170825261069724e+03 2.861179498820085e-17 1.563647577966942e-17
9.172937164755944e+03 2.861180515149193e-17 0.000000000000000e+00
9.175049554781959e+03 2.861181261942918e-17 0.000000000000000e+00
9.177162431259754e+03 2.861182427095909e-17 0.000000000000000e+00
