3.554495678161538e+03 1.451765697352137e-16 0.000000000000000e+00
3.555314225272807e+03 1.451658963280886e-16 0.000000000000000e+00
3.556132960883210e+03 1.451552195568817e-16 0.000000000000000e+00
3.556951885036164e+03 1.451457738017895e-16 0.000000000000000e+00
3.557770997775081e+03 1.451350737918600e-16 0.000000000000000e+00
3.558590299143395e+03 1.451256376428908e-16 0.000000000000000e+00
3.559409789184538e+03 1.451149472775788e-16 0.000000000000000e+00
3.560229467941966e+03 1.451042370500378e-16 0.000000000000000e+00
3.561049335459130e+03 1.450947741176826e-16 0.000000000000000e+00
3.561869391779506e+03 1.450840734856310e-16 0.000000000000000e+00
3.562689636946565e+03 1.450746036202526e-16 0.000000000000000e+00
3.563510071003803e+03 1.450638960946594e-16 0.000000000000000e+00
3.564330693994712e+03 1.450544192647799e-16 0.000000000000000e+00
3.565151505962806e+03 1.450436883597270e-16 0.000000000000000e+00
3.565972506951598e+03 1.450342209892345e-16 0.000000000000000e+00
3.566793697004623e+03 1.450234995838386e-16 0.000000000000000e+00
3.567615076165414e+03 1.450140087326478e-16 0.000000000000000e+00
3.568436644477525e+03 1.450032803420524e-16 3.709762468215351e-17
3.569258401984509e+03 1.193087660725610e-16 3.611738940775989e-17
3.570080348729940e+03 8.205213293952383e-17 3.515761517979662e-17
3.570902484757392e+03 1.119049563148814e-16 3.315393168279196e-17
3.571724810110459e+03 9.692233221615163e-17 3.214465154736022e-17
3.572547324832737e+03 8.039840446924006e-17 3.131120871079663e-17
3.573370028967832e+03 1.131973948663519e-16 3.176916171880307e-17
3.574192922559369e+03 1.337822072502457e-16 3.166641897213756e-17
3.575016005650971e+03 1.336648104246211e-16 3.096710558710730e-17
3.575839278286282e+03 1.294681228711898e-16 3.092056283039575e-17
3.576662740508946e+03 1.382014862166290e-16 3.099909389536788e-17
3.577486392362629e+03 1.411762437590372e-16 3.117339822414913e-17
3.578310233890993e+03 9.102601111082854e-17 3.008320423525939e-17
3.579134265137724e+03 8.833981904461573e-17 3.019514926230854e-17
3.579958486146504e+03 1.165912384066298e-16 3.089179572306295e-17
3.580782896961040e+03 8.203225926432700e-17 3.035401171282445e-17
3.581607497625033e+03 7.624685089992044e-17 2.977719531363230e-17
3.582432288182212e+03 9.753424416130390e-17 3.033831679799821e-17
3.583257268676297e+03 1.063000060077720e-16 2.988670678851973e-17
3.584082439151036e+03 8.446349999055136e-17 2.919288882879921e-17
3.584907799650172e+03 5.643630790912329e-17 2.801959526924706e-17
3.585733350217471e+03 7.396672148678217e-17 2.827917700217688e-17
3.586559090896696e+03 1.165792656175287e-16 2.911375784502333e-17
3.587385021731634e+03 1.280347533230302e-16 2.927757192275326e-17
3.588211142766071e+03 4.091527287258804e-17 2.777708693306064e-17
3.589037454043805e+03 1.234688170870234e-16 2.927385239085022e-17
3.589863955608652e+03 1.322985599633787e-16 2.986035245668059e-17
3.590690647504425e+03 9.027395786136345e-17 2.956098656955041e-17
3.591517529774963e+03 1.112599967976359e-16 2.951130488600099e-17
3.592344602464098e+03 1.578444511437338e-16 3.035638005649922e-17
3.593171865615688e+03 1.674029112288767e-16 3.019144663081648e-17
3.593999319273586e+03 1.761484563613691e-16 2.987291430215605e-17
3.594826963481671e+03 1.304377061251479e-16 2.872772299725035e-17
3.595654798283816e+03 2.275612591864699e-16 3.055107479727352e-17
3.596482823723919e+03 1.455914532416175e-16 2.971587972856208e-17
3.597311039845874e+03 1.202091248805351e-16 2.917353917721264e-17
3.598139446693600e+03 1.227008875509750e-16 2.849695432936269e-17
3.598968044311010e+03 1.238264487411450e-16 2.824950507956694e-17
3.599796832742044e+03 1.602716218256256e-16 2.853882557450673e-17
3.600625812030635e+03 1.781137228603706e-16 2.885669756872633e-17
3.601454982220742e+03 1.451385903954808e-16 2.819599019896681e-17
3.602284343356320e+03 2.089615119162830e-16 2.899203336489584e-17
3.603113895481348e+03 1.091638530270930e-16 2.727563954518142e-17
3.603943638639802e+03 1.567602652752524e-16 2.921461872268904e-17
3.604773572875678e+03 1.525054625635489e-16 2.973675964388065e-17
3.605603698232978e+03 1.481564816547611e-16 2.989727090744626e-17
3.606434014755710e+03 1.172385343882074e-16 2.894130993934488e-17
3.607264522487903e+03 1.078417116009356e-16 2.805312810270813e-17
3.608095221473582e+03 1.315182514988764e-16 2.767745346074455e-17
3.608926111756798e+03 1.111609943224191e-16 2.694992309675114e-17
3.609757193381598e+03 1.212814336141082e-16 2.634518002294039e-17
3.610588466392050e+03 1.154844865547563e-16 2.582480348881660e-17
3.611419930832220e+03 1.473754508775362e-16 2.588038472281995e-17
3.612251586746201e+03 1.196402941840839e-16 2.568170884864213e-17
3.613083434178077e+03 1.024358515364944e-16 2.498079727310947e-17
3.613915473171960e+03 7.552962479523112e-17 2.498181497266151e-17
3.614747703771956e+03 1.357427814195815e-16 2.570779783719663e-17
3.615580126022197e+03 1.813977678456546e-16 2.681983202288535e-17
3.616412739966810e+03 1.324536919358125e-16 2.608070409936368e-17
3.617245545649946e+03 1.714262283386239e-16 2.710289271437330e-17
3.618078543115752e+03 1.247491491179322e-16 2.614731771089865e-17
3.618911732408401e+03 1.445179410051260e-16 2.642737132388876e-17
3.619745113572060e+03 1.260378257216982e-16 2.598009390748216e-17
3.620578686650921e+03 7.990783093239125e-17 2.516911309706850e-17
3.621412451689176e+03 1.472965951275066e-16 2.594798821777837e-17
3.622246408731026e+03 1.515195694520501e-16 2.588719000718107e-17
3.623080557820695e+03 1.327444082694854e-16 2.559749684212761e-17
3.623914899002400e+03 1.644220887556041e-16 2.570091511518915e-17
3.624749432320386e+03 1.835510051601064e-16 2.617282057476374e-17
3.625584157818890e+03 2.449789688049647e-16 2.679392149824140e-17
3.626419075542177e+03 1.736042748066389e-16 2.565780279619760e-17
3.627254185534506e+03 1.841518290826346e-16 2.553178084226697e-17
3.628089487840160e+03 1.837215945192418e-16 2.566476834879530e-17
3.628924982503420e+03 1.689462388368781e-16 2.577976519232446e-17
3.629760669568589e+03 1.167599249861554e-16 2.559539882937182e-17
3.630596549079967e+03 9.343698721485894e-17 2.548604391469017e-17
3.631432621081880e+03 1.331336518538868e-16 2.576063036477096e-17
3.632268885618648e+03 1.379661984095011e-16 2.517462776974873e-17
3.633105342734615e+03 8.253357985807143e-17 2.363525087265545e-17
3.633941992474123e+03 1.437814230782013e-16 2.411261551458740e-17
3.634778834881538e+03 1.339765966042530e-16 2.329424788448205e-17
3.635615870001220e+03 1.572083179122305e-16 2.347262155189386e-17
3.636453097877556e+03 1.757996854638068e-16 2.377102350225455e-17
3.637290518554927e+03 1.499943141458164e-16 2.355356704664572e-17
3.638128132077739e+03 1.613690111203975e-16 2.383751904207964e-17
3.638965938490400e+03 1.912960923274606e-16 2.455482774417441e-17
3.639803937837324e+03 1.940976207593264e-16 2.474797913737595e-17
3.640642130162949e+03 1.907232523323912e-16 2.469200678826995e-17
3.641480515511707e+03 1.657779576271547e-16 2.443321013071831e-17
3.642319093928056e+03 1.656460199566068e-16 2.418070373446879e-17
3.643157865456450e+03 1.536634606512626e-16 2.423864569936021e-17
3.643996830141366e+03 1.675976257135352e-16 2.474201265372312e-17
3.644835988027278e+03 1.514477082946328e-16 2.511962839074529e-17
3.645675339158686e+03 1.508236709282642e-16 2.547569775229875e-17
3.646514883580083e+03 1.423430594925736e-16 2.558743973324656e-17
3.647354621335987e+03 1.227671414913682e-16 2.513040105269315e-17
3.648194552470915e+03 1.332393067913031e-16 2.537563989557846e-17
3.649034677029405e+03 1.462589917647543e-16 2.546774515162531e-17
3.649874995055993e+03 1.051374058616985e-16 2.432674283142324e-17
3.650715506595239e+03 1.627155831977891e-16 2.529558075006425e-17
3.651556211691699e+03 1.350128767230343e-16 2.436777356825522e-17
3.652397110389953e+03 1.608867206620656e-16 2.424618875388422e-17
3.653238202734577e+03 2.034341082675738e-16 2.441923783492067e-17
3.654079488770174e+03 1.621607651918368e-16 2.362854667250050e-17
3.654920968541342e+03 1.487278878096406e-16 2.357144470561911e-17
3.655762642092694e+03 1.895697293802426e-16 2.393639026319398e-17
3.656604509468860e+03 2.080905799234070e-16 2.433656795069236e-17
3.657446570714469e+03 2.173627127687384e-16 2.544413212348584e-17
3.658288825874173e+03 1.809957850183138e-16 2.513567984371525e-17
3.659131274992621e+03 1.791486141942813e-16 2.486975710579067e-17
3.659973918114485e+03 1.753710339020157e-16 2.466505126076168e-17
3.660816755284433e+03 2.411305107314269e-16 2.530211461831842e-17
3.661659786547161e+03 1.749131587031973e-16 2.423331605272642e-17
3.662503011947358e+03 1.625641194571478e-16 2.413363754914243e-17
3.663346431529736e+03 1.858250813701074e-16 2.459775570020443e-17
3.664190045339008e+03 1.837400136904064e-16 2.483424764583539e-17
3.665033853419906e+03 2.154389808867691e-16 2.527715886219568e-17
3.665877855817162e+03 1.585282743655886e-16 2.446153808390877e-17
3.666722052575532e+03 1.949182156109756e-16 2.550571583262955e-17
3.667566443739766e+03 1.739169601010057e-16 2.569050468836226e-17
3.668411029354641e+03 1.427945745832090e-16 2.501081232832311e-17
3.669255809464928e+03 1.529140462601898e-16 2.458998221931129e-17
3.670100784115423e+03 1.650967423675213e-16 2.403829577196873e-17
3.670945953350920e+03 2.104988171810115e-16 2.419510894791658e-17
3.671791317216236e+03 2.313838437463723e-16 2.395375451883739e-17
3.672636875756187e+03 1.935836376499307e-16 2.329349114271200e-17
3.673482629015600e+03 1.946914989050531e-16 2.279242043522123e-17
3.674328577039324e+03 2.110480159841973e-16 2.302625411104631e-17
3.675174719872203e+03 1.851882325802614e-16 2.282288851396677e-17
3.676021057559105e+03 1.913784382052821e-16 2.323443875871301e-17
3.676867590144895e+03 1.359995346897294e-16 2.281669404816658e-17
3.677714317674463e+03 1.496444856982017e-16 2.320887258869235e-17
3.678561240192694e+03 1.678649577812049e-16 2.295532578422123e-17
3.679408357744499e+03 1.562919440042650e-16 2.193762046938395e-17
3.680255670374783e+03 1.213370951770372e-16 2.092693815180085e-17
3.681103178128477e+03 1.108343847592076e-16 2.055073829504646e-17
3.681950881050509e+03 1.770494471319545e-16 2.119548492151014e-17
3.682798779185829e+03 1.772219155067098e-16 2.163998655446335e-17
3.683646872579385e+03 1.951698479929605e-16 2.190616021228525e-17
3.684495161276150e+03 1.878735027768846e-16 2.165618078196771e-17
3.685343645321092e+03 1.740732970702946e-16 2.141313344151399e-17
3.686192324759202e+03 1.753669836971515e-16 2.115471048432337e-17
3.687041199635471e+03 1.410130626084256e-16 2.049055422211913e-17
3.687890269994913e+03 1.245443473298836e-16 2.000371460207145e-17
3.688739535882537e+03 1.970647980173450e-16 2.113517589660339e-17
3.689588997343376e+03 2.399668862735902e-16 2.180266747019088e-17
3.690438654422466e+03 1.363168527665530e-16 2.042172605111735e-17
3.691288507164850e+03 1.585634099669033e-16 2.119684242979986e-17
3.692138555615594e+03 1.950407119653594e-16 2.226277518015765e-17
3.692988799819760e+03 1.728260669618396e-16 2.253116350556965e-17
3.693839239822434e+03 2.233042563115524e-16 2.326791078660001e-17
3.694689875668698e+03 1.512983787946973e-16 2.531630096211340e-17
3.695540707403659e+03 1.279224915024077e-16 2.502582891385743e-17
3.696391735072420e+03 1.692937986089280e-16 2.551988838119797e-17
3.697242958720110e+03 1.728162722181015e-16 2.555290703143812e-17
3.698094378391851e+03 1.928154994713894e-16 2.282975305336033e-17
3.698945994132792e+03 2.262808609272776e-16 2.335962261093053e-17
3.699797805988078e+03 1.925040809895033e-16 2.276523561690169e-17
3.700649814002880e+03 1.609692192418171e-16 2.209927158714559e-17
3.701502018222361e+03 2.190420160745024e-16 2.285875090408587e-17
3.702354418691712e+03 2.174052725299837e-16 2.277800387301540e-17
3.703207015456119e+03 1.818444456544448e-16 2.186597522239041e-17
3.704059808560793e+03 1.753626246279688e-16 2.177514554304263e-17
3.704912798050942e+03 1.721956249643398e-16 2.142872298326972e-17
3.705765983971797e+03 1.522686632934551e-16 2.135123899226829e-17
3.706619366368589e+03 1.315009220193397e-16 2.096387140950603e-17
3.707472945286560e+03 1.022169148363140e-16 2.098894774462521e-17
3.708326720770975e+03 1.583086663236579e-16 2.167729036156873e-17
3.709180692867091e+03 1.409604585856757e-16 2.187692293615797e-17
3.710034861620192e+03 1.311979906458007e-16 2.136326562621760e-17
3.710889227075559e+03 1.559287004485610e-16 2.142969763945759e-17
3.711743789278496e+03 1.732494589301031e-16 2.112952873491200e-17
3.712598548274304e+03 1.962261033641064e-16 2.107858180814511e-17
3.713453504108310e+03 2.027376251373636e-16 2.093946903730120e-17
3.714308656825833e+03 1.803632886763802e-16 2.047278740796692e-17
3.715164006472221e+03 1.906313594877346e-16 2.089618816343971e-17
3.716019553092817e+03 2.088311828692992e-16 2.128171722960469e-17
3.716875296732988e+03 1.795623159236899e-16 2.123118546965340e-17
3.717731237438097e+03 1.901624687935056e-16 2.145085804167233e-17
3.718587375253534e+03 1.886015067418766e-16 2.146186818631945e-17
3.719443710224680e+03 1.729251607240424e-16 2.107263596212024e-17
3.720300242396948e+03 1.630808418116284e-16 2.043081928694728e-17
3.721156971815741e+03 1.609564831750275e-16 1.977248392574244e-17
3.722013898526489e+03 1.568869582353413e-16 1.984818511409854e-17
3.722871022574619e+03 1.489482824323794e-16 1.952890536877625e-17
3.723728344005582e+03 1.480247363069471e-16 1.994946889637550e-17
3.724585862864829e+03 1.740146138683465e-16 2.040538455346198e-17
3.725443579197821e+03 2.373610181141437e-16 2.158952367016086e-17
3.726301493050039e+03 2.113097612324220e-16 2.148421661996542e-17
3.727159604466964e+03 2.382619609756118e-16 2.168088238026657e-17
3.728017913494098e+03 2.558816192872644e-16 2.205279166891578e-17
3.728876420176940e+03 2.611595705115828e-16 2.209179260636807e-17
3.729735124561015e+03 2.591640838970979e-16 2.231079248202369e-17
3.730594026691843e+03 2.306503525733125e-16 2.213894961093276e-17
3.731453126614970e+03 1.930210671679157e-16 2.150545196855775e-17
3.732312424375938e+03 1.708666495841007e-16 2.103295607814964e-17
3.733171920020311e+03 1.228522032277176e-16 2.035675207573594e-17
3.734031613593653e+03 1.189813688664766e-16 1.999789823080604e-17
3.734891505141552e+03 9.994178745195779e-17 1.924990668770833e-17
3.735751594709590e+03 1.191079283183789e-16 1.895324629323521e-17
3.736611882343375e+03 1.282711908091859e-16 1.894232279984931e-17
3.737472368088513e+03 1.231056767929813e-16 1.896599543200858e-17
3.738333051990632e+03 1.217181952327902e-16 1.979616493386430e-17
3.739193934095357e+03 1.302303110549018e-16 2.020703832762979e-17
3.740055014448340e+03 1.622919433242039e-16 2.094031677366880e-17
3.740916293095230e+03 2.057760938146417e-16 2.140189956203489e-17
3.741777770081687e+03 1.818066369076802e-16 2.136605523736384e-17
3.742639445453393e+03 1.493653680645487e-16 2.059418173349170e-17
3.743501319256027e+03 1.614657942465733e-16 2.048319118341079e-17
3.744363391535292e+03 1.687356484635757e-16 2.049537193575685e-17
3.745225662336885e+03 1.348904034534368e-16 2.003937500530429e-17
3.746088131706531e+03 1.291864372087056e-16 1.956027884503632e-17
3.746950799689951e+03 1.069985595651434e-16 1.897226900679432e-17
3.747813666332888e+03 1.016555053228614e-16 1.872555230164092e-17
3.748676731681085e+03 1.500163968343516e-16 1.948915043240415e-17
3.749539995780307e+03 1.303657488893094e-16 1.974486489993799e-17
3.750403458676316e+03 1.032544344039829e-16 1.955883835484139e-17
3.751267120414901e+03 1.009051712223737e-16 1.955291153272324e-17
3.752130981041843e+03 1.244626219381453e-16 2.022343299718138e-17
3.752995040602952e+03 1.377688658286171e-16 2.013357041786839e-17
3.753859299144030e+03 1.648460984289252e-16 2.023346734215804e-17
3.754723756710908e+03 1.518140398007278e-16 1.982538276085909e-17
3.755588413349411e+03 1.700687385808913e-16 1.990362821774183e-17
3.756453269105391e+03 1.871926342916237e-16 2.028292146804866e-17
3.757318324024692e+03 1.584552899769359e-16 1.993474449771768e-17
3.758183578153187e+03 1.863288600382601e-16 1.988536324335243e-17
3.759049031536747e+03 1.366159686828923e-16 1.920242309464410e-17
3.759914684221254e+03 1.680454033382113e-16 1.973799732821887e-17
3.760780536252611e+03 1.319117418329809e-16 1.931422079604835e-17
3.761646587676717e+03 1.765378897892767e-16 1.966770464328507e-17
3.762512838539497e+03 1.890856633849365e-16 1.980327123589122e-17
3.763379288886872e+03 1.559907612395092e-16 1.929499023270793e-17
3.764245938764786e+03 1.264072066347729e-16 1.926295711145149e-17
3.765112788219182e+03 1.318935260707796e-16 1.979610502137132e-17
3.765979837296026e+03 1.549970921113655e-16 2.041130053550219e-17
3.766847086041282e+03 1.473417309808769e-16 2.109014338671877e-17
3.767714534500936e+03 1.393507437401614e-16 2.134629655986013e-17
3.768582182720974e+03 1.462679778938202e-16 2.134579021919127e-17
3.769450030747403e+03 1.880278310727448e-16 2.142901700876119e-17
3.770318078626230e+03 1.794952141120402e-16 2.155592390135060e-17
3.771186326403484e+03 1.979246172454246e-16 2.130123711068123e-17
3.772054774125192e+03 1.692260047164383e-16 2.075438430499345e-17
3.772923421837405e+03 1.524476094977125e-16 1.996557848659655e-17
3.773792269586171e+03 1.735851716107568e-16 2.026024408370782e-17
3.774661317417563e+03 1.870776619655835e-16 2.038074897013690e-17
3.775530565377649e+03 2.005878954647141e-16 2.063102701740274e-17
3.776400013512523e+03 1.971554791330340e-16 2.104892136872890e-17
3.777269661868279e+03 2.191315358132567e-16 2.087538600334360e-17
3.778139510491021e+03 2.263874055288460e-16 2.040933439184583e-17
3.779009559426875e+03 2.113781443038736e-16 1.980072732984674e-17
3.779879808721963e+03 2.070504126691379e-16 1.926635498840041e-17
3.780750258422431e+03 2.162165508125161e-16 1.956951669793473e-17
3.781620908574423e+03 2.283052498111349e-16 1.966941641845664e-17
3.782491759224107e+03 2.315635340978074e-16 1.999438435531922e-17
3.783362810417648e+03 2.141211578178371e-16 2.045244682957380e-17
3.784234062201234e+03 1.968897387207731e-16 2.054067892531499e-17
3.785105514621052e+03 2.136871578669529e-16 2.044439875957324e-17
3.785977167723313e+03 1.706906813296503e-16 1.959277979237146e-17
3.786849021554221e+03 1.381340644571187e-16 1.900423262759143e-17
3.787721076160012e+03 1.844040508003282e-16 1.966201527328163e-17
3.788593331586912e+03 1.840984437027701e-16 1.986466200195014e-17
3.789465787881174e+03 1.819618856833216e-16 2.018222231817211e-17
3.790338445089050e+03 1.843329443988532e-16 2.034089423613533e-17
3.791211303256812e+03 1.454809032618354e-16 2.131719232533812e-17
3.792084362430731e+03 1.082125113399453e-16 2.264136233551145e-17
3.792957622657104e+03 1.369714295663829e-16 2.342697959575749e-17
3.793831083982227e+03 1.655630406205060e-16 2.190752107402432e-17
3.794704746452406e+03 1.436041563122771e-16 2.007744403971611e-17
3.795578610113968e+03 1.431331763038494e-16 2.017845893255939e-17
3.796452675013238e+03 1.586060179053527e-16 2.085638930683448e-17
3.797326941196566e+03 1.878019662859457e-16 2.133711209999274e-17
3.798201408710296e+03 1.498541085661166e-16 2.005052061962330e-17
3.799076077600799e+03 1.333406780868788e-16 1.918836388775132e-17
3.799950947914442e+03 1.537276263288240e-16 1.872454992268854e-17
3.800826019697617e+03 1.487394506356599e-16 1.886486674477736e-17
3.801701292996713e+03 1.416474568992918e-16 1.926923475790160e-17
3.802576767858141e+03 1.838220737447823e-16 2.047000708045212e-17
3.803452444328314e+03 2.074109124282035e-16 2.132388933790904e-17
3.804328322453664e+03 1.948302165104493e-16 2.117210871507475e-17
3.805204402280622e+03 2.067305443997227e-16 2.113254616063500e-17
3.806080683855645e+03 1.938249033568133e-16 2.064464174007462e-17
3.806957167225186e+03 1.835641988882437e-16 2.063508089890635e-17
3.807833852435721e+03 2.129323531645818e-16 2.097048163375516e-17
3.808710739533724e+03 2.006889976146892e-16 2.083182217068629e-17
3.809587828565695e+03 1.602291402903515e-16 2.048976499660124e-17
3.810465119578128e+03 1.677091241962890e-16 2.046093240908276e-17
3.811342612617544e+03 1.827029979429118e-16 2.056055443186521e-17
3.812220307730463e+03 2.018866124483041e-16 2.071034082168006e-17
3.813098204963415e+03 2.076165648801489e-16 2.048687904653913e-17
3.813976304362953e+03 1.704625490229811e-16 1.935689597381135e-17
3.814854605975627e+03 1.576668124132298e-16 1.875554176782180e-17
3.815733109848009e+03 1.411553530715240e-16 1.826999785094160e-17
3.816611816026670e+03 1.559153335013233e-16 1.851111437703020e-17
3.817490724558206e+03 1.689315662428455e-16 1.879327641152562e-17
3.818369835489207e+03 1.533525145746298e-16 1.865305481234845e-17
3.819249148866291e+03 1.398118741407357e-16 1.826442742111723e-17
3.820128664736070e+03 1.466584437264950e-16 1.874480809266257e-17
3.821008383145184e+03 1.478562686550554e-16 1.911959962354444e-17
3.821888304140266e+03 1.274172167180608e-16 1.892896001505676e-17
3.822768427767977e+03 1.304517625913299e-16 1.870417407728469e-17
3.823648754074972e+03 1.820841347293155e-16 1.926446508583668e-17
3.824529283107932e+03 1.201851414970723e-16 1.846112101768122e-17
3.825410014913536e+03 1.311620187125698e-16 1.815728952697072e-17
3.826290949538485e+03 1.332947067503336e-16 1.778520850417682e-17
3.827172087029479e+03 1.154749923759598e-16 1.741377871528685e-17
3.828053427433243e+03 1.142063408118048e-16 1.747617489590042e-17
3.828934970796499e+03 9.927458255589805e-17 1.728210847856250e-17
3.829816717165983e+03 1.215047210441571e-16 1.747119003973714e-17
3.830698666588453e+03 1.074188979747418e-16 1.727434499169255e-17
3.831580819110659e+03 1.074925282361716e-16 1.751838390601592e-17
3.832463174779382e+03 7.934113237472522e-17 1.733830468885905e-17
3.833345733641394e+03 1.159413754764031e-16 1.764202705259805e-17
3.834228495743496e+03 8.683554247304261e-17 1.721735856968343e-17
3.835111461132483e+03 9.115525633878121e-17 1.675757780460856e-17
3.835994629855177e+03 1.181441658957307e-16 1.722407900585812e-17
3.836878001958395e+03 1.269863218615594e-16 1.741757204289968e-17
3.837761577488980e+03 1.309176875028953e-16 1.725653935502311e-17
3.838645356493770e+03 9.279145727468934e-17 1.655906630811282e-17
3.839529339019631e+03 6.868044743323663e-17 1.601606317148675e-17
3.840413525113422e+03 8.480464624370566e-17 1.639729847508034e-17
3.841297914822031e+03 1.080642834182643e-16 1.706886966249478e-17
3.842182508192337e+03 1.290100881927281e-16 1.748457234962615e-17
3.843067305271250e+03 1.200893157334172e-16 1.722534419020817e-17
3.843952306105674e+03 1.571584642839705e-16 1.744776621103050e-17
3.844837510742537e+03 1.739248789444326e-16 1.748403376753894e-17
3.845722919228764e+03 1.756935961266111e-16 1.751816019715905e-17
3.846608531611307e+03 1.888469872036272e-16 1.746270569478083e-17
3.847494347937116e+03 1.705654790421116e-16 1.740196488088987e-17
3.848380368253151e+03 1.379170677664220e-16 1.694386650601767e-17
3.849266592606397e+03 1.108211777023183e-16 1.622098739182012e-17
3.850153021043834e+03 1.367846225046429e-16 1.671521096987319e-17
3.851039653612465e+03 1.771207036639393e-16 1.726165558003520e-17
3.851926490359292e+03 1.344918845423927e-16 1.675043491231442e-17
3.852813531331342e+03 1.324882557489491e-16 1.683522474523410e-17
3.853700776575637e+03 1.491724282037340e-16 1.753112067972058e-17
3.854588226139225e+03 1.366257925917663e-16 1.762906123365749e-17
3.855475880069150e+03 1.391513320626057e-16 1.777165552568662e-17
3.856363738412483e+03 1.658447536343346e-16 1.819341199116630e-17
3.857251801216289e+03 1.414466915817338e-16 1.752309916718410e-17
3.858140068527660e+03 1.354552754180085e-16 1.703900628904660e-17
3.859028540393684e+03 1.436124495373763e-16 1.688100950898846e-17
3.859917216861473e+03 1.331989383848504e-16 1.657286036786026e-17
3.860806097978138e+03 1.157208699475208e-16 1.626071733530120e-17
3.861695183790813e+03 1.474552920849551e-16 1.715620634852015e-17
3.862584474346630e+03 1.594800479528500e-16 1.765236497083167e-17
3.863473969692744e+03 1.957581346972274e-16 1.818813914800351e-17
3.864363669876312e+03 1.993250353991240e-16 1.821592521633179e-17
3.865253574944501e+03 1.631151506630676e-16 1.771079138987604e-17
3.866143684944503e+03 1.748558488688160e-16 1.821560969562679e-17
3.867033999923500e+03 1.721648714374471e-16 1.838404945093710e-17
3.867924519928704e+03 1.720348888496074e-16 1.843915514793823e-17
3.868815245007322e+03 1.891553606206462e-16 1.840026839859483e-17
3.869706175206588e+03 1.618364279925252e-16 1.774211597676527e-17
3.870597310573728e+03 1.775625577571202e-16 1.756232422528583e-17
3.871488651156000e+03 1.672988085247305e-16 1.737158330301284e-17
3.872380197000653e+03 1.459152695518601e-16 1.722650758121641e-17
3.873271948154962e+03 1.399318943161485e-16 1.761719059858275e-17
3.874163904666201e+03 1.482086346867229e-16 1.796381620105105e-17
3.875056066581667e+03 1.699341593748315e-16 1.825431173201547e-17
3.875948433948655e+03 1.912570052869311e-16 1.832058381369774e-17
3.876841006814484e+03 1.729395184224759e-16 1.737065548245935e-17
3.877733785226471e+03 1.382805808168973e-16 1.686609406235803e-17
3.878626769231957e+03 1.537345100716426e-16 1.722488969735442e-17
3.879519958878278e+03 1.631892930044295e-16 1.766031830546092e-17
3.880413354212801e+03 1.501506945208324e-16 1.739911093417433e-17
3.881306955282882e+03 1.544378685616447e-16 1.732349568744854e-17
3.882200762135908e+03 1.480894624282600e-16 1.667243593284708e-17
3.883094774819264e+03 1.430088802579371e-16 1.633395706061979e-17
3.883988993380347e+03 1.527564994905053e-16 1.624661472247333e-17
3.884883417866572e+03 1.581146719940045e-16 1.645886355417838e-17
3.885778048325355e+03 1.576689610807713e-16 1.674122685189947e-17
3.886672884804136e+03 1.443099729972801e-16 1.679918456425050e-17
3.887567927350350e+03 1.370712121962238e-16 1.690592929291493e-17
3.888463176011459e+03 1.209128129243709e-16 1.671501642472187e-17
3.889358630834922e+03 1.403872423170639e-16 1.676348611684934e-17
3.890254291868220e+03 1.395091735917206e-16 1.673276950134766e-17
3.891150159158834e+03 1.444076856110904e-16 1.668642548145109e-17
3.892046232754271e+03 1.880650614319541e-16 1.742974448182623e-17
3.892942512702029e+03 2.172790835909888e-16 1.834467913187401e-17
3.893838999049638e+03 1.959292432351484e-16 1.867494834180483e-17
3.894735691844620e+03 1.828546129709096e-16 1.879595258417018e-17
3.895632591134526e+03 1.940134827857939e-16 1.852045622824456e-17
3.896529696966899e+03 1.657486257083643e-16 1.773425715012470e-17
3.897427009389311e+03 2.049716257564214e-16 1.793181120332146e-17
3.898324528449329e+03 2.104187581276590e-16 1.773809959333862e-17
3.899222254194547e+03 1.794237329805808e-16 1.716109395257459e-17
3.900120186672551e+03 2.052731343275502e-16 1.749372887290954e-17
3.901018325930961e+03 2.115657085524200e-16 1.784629117425203e-17
3.901916672017388e+03 2.227024843618292e-16 1.832220629374915e-17
3.902815224979457e+03 2.104989380418559e-16 1.881299713908461e-17
3.903713984864818e+03 1.876534419047620e-16 1.855839619832264e-17
3.904612951721115e+03 2.078376465231823e-16 1.853299973701154e-17
3.905512125596017e+03 1.779995173153849e-16 1.756670507030180e-17
3.906411506537188e+03 1.975458629839875e-16 1.768286767138118e-17
3.907311094592323e+03 1.990758728528348e-16 1.791159485730129e-17
3.908210889809108e+03 2.002062357762624e-16 1.764191592276683e-17
3.909110892235257e+03 2.226373887919507e-16 1.805534571113855e-17
3.910011101918480e+03 2.083978147112321e-16 1.797026452572533e-17
3.910911518906512e+03 2.235147036884144e-16 1.830526601806839e-17
3.911812143247085e+03 2.413174722429702e-16 1.839681737336824e-17
3.912712974987958e+03 2.349818196375784e-16 1.812928231743328e-17
3.913614014176882e+03 2.137773818867623e-16 2.197995633724131e-17
3.914515260861638e+03 1.981775080604554e-16 2.151800942490664e-17
3.915416715090003e+03 2.264520903237457e-16 1.930654902611633e-17
3.916318376909776e+03 2.185373898466362e-16 1.851911084293283e-17
3.917220246368757e+03 2.300213409809343e-16 1.820615008881228e-17
3.918122323514769e+03 2.237844440945838e-16 1.799237654199572e-17
3.919024608395636e+03 1.988122233957857e-16 1.769710185750272e-17
3.919927101059191e+03 1.987636753462225e-16 1.755334578565706e-17
3.920829801553291e+03 1.650540498034864e-16 1.716076250184939e-17
3.921732709925791e+03 1.752612634486089e-16 1.697667361841416e-17
3.922635826224567e+03 1.993391986600371e-16 1.700918115648831e-17
3.923539150497495e+03 1.724726250711053e-16 1.649936903104646e-17
3.924442682792476e+03 1.595287336871415e-16 1.618103728096783e-17
3.925346423157407e+03 1.690848389894860e-16 1.612227757860114e-17
3.926250371640209e+03 1.678395228845228e-16 1.645444829721015e-17
3.927154528288804e+03 1.633290876055530e-16 1.644882449380316e-17
3.928058893151134e+03 1.668428233475078e-16 1.646642678840927e-17
3.928963466275142e+03 1.222806177901105e-16 1.572096843627369e-17
3.929868247708795e+03 9.506569554013918e-17 1.499048241795815e-17
3.930773237500055e+03 9.155695577993533e-17 1.501961373605879e-17
3.931678435696912e+03 7.947458625292939e-17 1.472127029598748e-17
3.932583842347351e+03 7.605074761225285e-17 1.469273903430994e-17
3.933489457499383e+03 9.016031666706563e-17 1.470805943203020e-17
3.934395281201015e+03 8.301139273259728e-17 1.438568986443031e-17
3.935301313500281e+03 6.797173985133956e-17 1.434426306597921e-17
3.936207554445210e+03 7.538364431399127e-17 1.448990738744836e-17
3.937114004083857e+03 8.791345204594303e-17 1.472943349170338e-17
3.938020662464280e+03 9.880078048282992e-17 1.511040787083282e-17
3.938927529634541e+03 1.188629768231035e-16 1.550805239231801e-17
3.939834605642732e+03 1.055328502648874e-16 1.569742673799791e-17
3.940741890536937e+03 1.186932914969913e-16 1.620567984413739e-17
3.941649384365266e+03 1.434696354261914e-16 1.655014772034097e-17
3.942557087175826e+03 1.682288961519117e-16 1.698648676937088e-17
3.943464999016752e+03 1.749003861848899e-16 1.672716678551215e-17
3.944373119936169e+03 1.577234525822817e-16 1.631562287057719e-17
3.945281449982237e+03 1.705597715266626e-16 1.595987697999577e-17
3.946189989203103e+03 1.546105028792426e-16 1.569629702951124e-17
3.947098737646947e+03 1.935770833202361e-16 1.628246031187675e-17
3.948007695361942e+03 1.943829235318343e-16 1.676714790662004e-17
3.948916862396286e+03 2.007697737228602e-16 1.678298271884811e-17
3.949826238798176e+03 1.966191736689350e-16 1.667501527401344e-17
3.950735824615834e+03 1.960575719052317e-16 1.632149958303388e-17
3.951645619897476e+03 2.008064679139584e-16 1.640283605193091e-17
3.952555624691348e+03 2.032294005356452e-16 1.615829401999040e-17
3.953465839045689e+03 1.953620919279487e-16 1.625495405039275e-17
3.954376263008766e+03 1.841046593182211e-16 1.612466186350033e-17
3.955286896628844e+03 1.898607726660699e-16 1.607212498555979e-17
3.956197739954200e+03 2.141587991042118e-16 1.637279530197154e-17
3.957108793033134e+03 2.345838229632930e-16 1.658544071850900e-17
3.958020055913941e+03 2.313044663019451e-16 1.661859687995313e-17
3.958931528644944e+03 2.278793342556356e-16 1.648802787240323e-17
3.959843211274459e+03 2.070593902464312e-16 1.637140589516792e-17
3.960755103850832e+03 1.856765723172078e-16 1.571480454923438e-17
3.961667206422403e+03 1.784085338751438e-16 1.565053412728180e-17
3.962579519037536e+03 1.532853128023703e-16 1.524428869823054e-17
3.963492041744596e+03 1.412064602417353e-16 1.543088435639339e-17
3.964404774591969e+03 1.581788343376497e-16 1.526832435749318e-17
3.965317717628041e+03 1.320506693017593e-16 1.693886328246894e-17
3.966230870901224e+03 1.004341956286182e-16 1.676150238782630e-17
3.967144234459924e+03 9.705173722507670e-17 1.665120449394963e-17
3.968057808352572e+03 1.038662595979146e-16 1.689559628960437e-17
3.968971592627601e+03 6.319368345578626e-17 1.442945194438614e-17
3.969885587333464e+03 8.366348549277661e-17 1.425205399992039e-17
3.970799792518613e+03 7.321148548892019e-17 1.426988033829946e-17
3.971714208231525e+03 8.798668625322095e-17 1.449103468331244e-17
3.972628834520676e+03 1.057352270462437e-16 1.455649572782984e-17
3.973543671434565e+03 8.989048834849399e-17 1.418449181481458e-17
3.974458719021691e+03 1.057368279917559e-16 1.447416916254970e-17
3.975373977330566e+03 1.750551272067847e-16 1.542877221938099e-17
3.976289446409723e+03 1.931220157740959e-16 1.600116611855005e-17
3.977205126307693e+03 1.835836210246839e-16 1.590178617016463e-17
3.978121017073031e+03 2.197587092976293e-16 1.647501668016561e-17
3.979037118754289e+03 2.132776806645026e-16 1.702427204529611e-17
3.979953431400046e+03 2.070901204715332e-16 1.728073862406967e-17
3.980869955058875e+03 2.268995587095632e-16 1.780349977006088e-17
3.981786689779378e+03 2.566518068769170e-16 1.796371657131692e-17
3.982703635610152e+03 2.506030871915926e-16 1.763159216257813e-17
3.983620792599819e+03 2.446969709074328e-16 1.720811279361484e-17
3.984538160796999e+03 2.554489820422168e-16 1.720229794321949e-17
3.985455740250336e+03 2.610229165332500e-16 1.713097723914609e-17
3.986373531008474e+03 2.601961272276715e-16 1.720634639369662e-17
3.987291533120080e+03 2.495694836108802e-16 1.712490622158856e-17
3.988209746633817e+03 2.723952123555502e-16 1.751361632064355e-17
3.989128171598375e+03 2.511227991723666e-16 1.747145819638938e-17
3.990046808062443e+03 2.704113740528479e-16 1.754101302880873e-17
3.990965656074731e+03 2.344157995377035e-16 1.720507812387383e-17
3.991884715683953e+03 2.600939441644112e-16 1.734343084755869e-17
3.992803986938832e+03 2.768326344214051e-16 1.744109038727785e-17
3.993723469888115e+03 2.686058929822606e-16 1.798706662887932e-17
3.994643164580545e+03 2.740450002914377e-16 2.054322293918211e-17
3.995563071064889e+03 2.722623312851503e-16 2.045814979153588e-17
3.996483189389914e+03 2.528300445178139e-16 2.010757706956517e-17
3.997403519604411e+03 2.656590350819265e-16 1.778334747830816e-17
3.998324061757166e+03 2.802487774427750e-16 1.780096565252627e-17
3.999244815896993e+03 2.835916619671557e-16 1.743630160237261e-17
4.000165782072703e+03 2.834124695869180e-16 1.756433614667211e-17
4.001086960333132e+03 2.965827218633997e-16 1.783845588364686e-17
4.002008350727112e+03 2.922959615780512e-16 1.762848796756849e-17
4.002929953303502e+03 3.293888686052050e-16 1.787954137732692e-17
4.003851768111156e+03 2.797880104881025e-16 1.724206657831183e-17
4.004773795198957e+03 2.796273112338804e-16 1.722256519591783e-17
4.005696034615781e+03 3.150130842279272e-16 1.773089659888265e-17
4.006618486410532e+03 2.683744103565859e-16 1.732244654329265e-17
4.007541150632110e+03 2.757701420015943e-16 1.771331262349179e-17
4.008464027329441e+03 2.710308470552035e-16 1.858295447096918e-17
4.009387116551447e+03 2.619557628388637e-16 1.775560795420249e-17
4.010310418347079e+03 2.856956142318796e-16 1.808820469668332e-17
4.011233932765284e+03 2.838878290948875e-16 1.814455847931877e-17
4.012157659855021e+03 2.967462446405075e-16 1.817415945774891e-17
4.013081599665275e+03 3.180371726917445e-16 1.838181250088581e-17
4.014005752245023e+03 3.239979940677280e-16 1.839546162213660e-17
4.014930117643272e+03 3.049474155220850e-16 1.786762007842882e-17
4.015854695909021e+03 2.878374428438255e-16 1.735639371755321e-17
4.016779487091299e+03 2.695057330180042e-16 1.708321705409466e-17
4.017704491239131e+03 2.676108032446039e-16 1.671173682705801e-17
4.018629708401565e+03 3.119946417167885e-16 1.745628093365055e-17
4.019555138627650e+03 2.965063192347956e-16 1.721559897848703e-17
4.020480781966457e+03 2.746725285823605e-16 1.691616644923421e-17
4.021406638467055e+03 3.078592504885028e-16 1.724723763303652e-17
4.022332708178541e+03 2.781212510483508e-16 1.687434823921978e-17
4.023258991150006e+03 2.869317397661896e-16 1.724542371999964e-17
4.024185487430568e+03 2.792025590035178e-16 1.761884192452805e-17
4.025112197069342e+03 3.249820922473402e-16 1.842010864235037e-17
4.026039120115468e+03 3.090541574196422e-16 1.869496926053082e-17
4.026966256618082e+03 2.998124883755905e-16 1.841051678603548e-17
4.027893606626350e+03 3.170577500576527e-16 1.813498182898154e-17
4.028821170189430e+03 2.837441913427498e-16 1.757930604139019e-17
4.029748947356509e+03 3.029476857076877e-16 1.766256815301964e-17
4.030676938176771e+03 2.891450318052450e-16 1.743354407727826e-17
4.031605142699415e+03 2.872185669338800e-16 1.739091053501510e-17
4.032533560973660e+03 2.644814142756245e-16 1.701495670360538e-17
4.033462193048723e+03 2.430256260973225e-16 1.652364700045029e-17
4.034391038973848e+03 2.404073835200184e-16 1.622944806169120e-17
4.035320098798270e+03 2.668539124539291e-16 1.632868094749652e-17
4.036249372571259e+03 2.809264156514266e-16 1.648413141882597e-17
4.037178860342073e+03 2.730753380257726e-16 1.653592108675357e-17
4.038108562160003e+03 2.838464387588954e-16 1.681273122373908e-17
4.039038478074330e+03 2.990971037855008e-16 1.715064784075922e-17
4.039968608134367e+03 2.838049525623465e-16 1.697114631689348e-17
4.040898952389420e+03 3.017023707642671e-16 1.729529848797916e-17
4.041829510888824e+03 3.200522430267914e-16 1.755616588981454e-17
4.042760283681907e+03 2.474619897150635e-16 1.674190604950425e-17
4.043691270818026e+03 2.549126884723798e-16 1.661199214302018e-17
4.044622472346533e+03 2.542809194141424e-16 1.659332933617701e-17
4.045553888316808e+03 2.451824249185116e-16 1.674195421202492e-17
4.046485518778224e+03 2.373501566047644e-16 1.686683823818788e-17
4.047417363780185e+03 2.576265319142818e-16 1.735712292221318e-17
4.048349423372091e+03 2.636376188508249e-16 1.763927383871859e-17
4.049281697603357e+03 2.409553262031031e-16 1.757571243115132e-17
4.050214186523416e+03 2.537886401375248e-16 1.724288290548568e-17
4.051146890181702e+03 3.001616667038558e-16 1.748678027684960e-17
4.052079808627674e+03 2.943425358995334e-16 1.689232654484554e-17
4.053012941910786e+03 2.924748350253511e-16 1.698582431517562e-17
4.053946290080518e+03 2.773416136020711e-16 1.680571171885215e-17
4.054879853186350e+03 3.039730127390312e-16 1.705324763692098e-17
4.055813631277784e+03 2.761625116959215e-16 1.647705915721846e-17
4.056747624404322e+03 2.706655431519983e-16 1.648213133442286e-17
4.057681832615491e+03 2.428607253115034e-16 1.629281603584143e-17
4.058616255960813e+03 2.688490257503230e-16 1.672291317668374e-17
4.059550894489838e+03 2.847136019491680e-16 1.725104631913110e-17
4.060485748252114e+03 2.828272323666405e-16 1.719709337569876e-17
4.061420817297210e+03 2.909544764506842e-16 1.729982968961406e-17
4.062356101674698e+03 2.899368642736874e-16 1.709804340661684e-17
4.063291601434171e+03 2.915220751546581e-16 1.716539578098277e-17
4.064227316625223e+03 2.550614301906539e-16 1.643900626909126e-17
4.065163247297469e+03 2.535784689765881e-16 1.630215191566624e-17
4.066099393500528e+03 2.653805601843815e-16 1.631962945617412e-17
4.067035755284037e+03 2.602111767268182e-16 1.638783447175108e-17
4.067972332697640e+03 2.764336307224509e-16 1.686033217142862e-17
4.068909125790987e+03 2.654978251901628e-16 1.687144325675791e-17
4.069846134613756e+03 2.735655995269161e-16 1.690864004067362e-17
4.070783359215617e+03 2.967953324716166e-16 1.718045122087578e-17
4.071720799646269e+03 2.785428334688346e-16 1.703623814397081e-17
4.072658455955406e+03 2.672799305730170e-16 1.680701316296744e-17
4.073596328192750e+03 2.871214018526319e-16 1.728001496513748e-17
4.074534416408017e+03 2.793962631044215e-16 1.769632378158126e-17
4.075472720650952e+03 3.009836213242828e-16 1.780954927195702e-17
4.076411240971296e+03 2.577567665867438e-16 1.670401767746406e-17
4.077349977418816e+03 2.368448494302895e-16 1.594566974245280e-17
4.078288930043273e+03 2.538761291028311e-16 1.631535328885158e-17
4.079228098894459e+03 2.425498887595723e-16 1.653540865331774e-17
4.080167484022160e+03 2.820880104898522e-16 1.737053728179859e-17
4.081107085476188e+03 2.943118650659393e-16 1.770324851899367e-17
4.082046903306354e+03 2.850526469673115e-16 1.748075986529072e-17
4.082986937562490e+03 2.711175686217646e-16 1.835768437559111e-17
4.083927188294432e+03 3.212309473935512e-16 2.137462752819483e-17
4.084867655552037e+03 3.292625370793620e-16 2.418444482521406e-17
4.085808339385165e+03 2.514128772672022e-16 2.224750819628401e-17
4.086749239843684e+03 3.213856980029050e-16 1.984966412747333e-17
4.087690356977489e+03 3.389446490684771e-16 1.871701882210300e-17
4.088631690836468e+03 3.138823216290256e-16 1.831959452684636e-17
4.089573241470539e+03 3.292832716071572e-16 1.796608287028181e-17
4.090515008929614e+03 3.351997737215327e-16 1.841026134804069e-17
4.091456993263631e+03 3.198491229470022e-16 1.783203856821540e-17
4.092399194522526e+03 3.047644704623788e-16 1.763242698489690e-17
4.093341612756261e+03 2.961033259565499e-16 1.765941466326302e-17
4.094284248014796e+03 2.981683552520878e-16 1.780426960238745e-17
4.095227100348114e+03 2.790697572876844e-16 1.755949676293822e-17
4.096170169806198e+03 2.821847624359903e-16 1.713964780580395e-17
4.097113456439055e+03 3.046114547830993e-16 1.759472483882082e-17
4.098056960296691e+03 2.785419374504534e-16 1.706837293062852e-17
4.099000681429136e+03 2.834979803402144e-16 1.730966286930590e-17
4.099944619886417e+03 2.731950233786776e-16 1.708060766483748e-17
4.100888775718590e+03 2.308087723439610e-16 1.609410438303204e-17
4.101833148975704e+03 2.168701384197353e-16 1.570319151688509e-17
4.102777739707838e+03 2.301669202636102e-16 1.588813697824413e-17
4.103722547965063e+03 2.539267913959914e-16 1.634126472332515e-17
4.104667573797482e+03 2.603966444927135e-16 1.683741756671659e-17
4.105612817255195e+03 2.765497868727489e-16 1.712560350874358e-17
4.106558278388313e+03 2.840747281806211e-16 1.678513203832122e-17
4.107503957246971e+03 2.899132700297248e-16 1.639146359110119e-17
4.108449853881301e+03 3.022296726579951e-16 1.633514292168880e-17
4.109395968341462e+03 3.059764491434852e-16 1.638661774960875e-17
4.110342300677607e+03 2.995176945521818e-16 1.650349855282529e-17
4.111288850939917e+03 2.701749478568098e-16 1.649099102091866e-17
4.112235619178570e+03 2.846831483177574e-16 1.674494103016766e-17
4.113182605443772e+03 3.043124270695121e-16 1.684634003018739e-17
4.114129809785720e+03 3.093645112472103e-16 1.677105932053021e-17
4.115077232254644e+03 3.090602796099379e-16 1.676084694446940e-17
4.116024872900767e+03 2.883147664392009e-16 1.631356819075747e-17
4.116972731774339e+03 2.719508006691100e-16 1.656797184932114e-17
4.117920808925609e+03 3.121130234005714e-16 1.731109419653123e-17
4.118869104404849e+03 3.150812852839273e-16 1.749208145256474e-17
4.119817618262329e+03 2.915940898501331e-16 1.696600315198857e-17
4.120766350548347e+03 2.923561631202080e-16 1.658976670472357e-17
4.121715301313195e+03 2.894984891251578e-16 1.631507818012087e-17
4.122664470607194e+03 2.905519406189454e-16 1.635476034627399e-17
4.123613858480662e+03 2.763865358557989e-16 1.612425915817130e-17
4.124563464983934e+03 3.014343378759251e-16 1.656192866801392e-17
4.125513290167362e+03 2.988290610839677e-16 1.673159026522129e-17
4.126463334081300e+03 2.876427418641035e-16 1.665397189757396e-17
4.127413596776123e+03 2.740999531504345e-16 1.658066335627479e-17
4.128364078302207e+03 3.167209309572080e-16 1.696337741864768e-17
4.129314778709952e+03 2.749593693922390e-16 1.699985824461436e-17
4.130265698049758e+03 2.648517536031234e-16 1.707168097915014e-17
4.131216836372048e+03 2.660800123796537e-16 1.704599013768977e-17
4.132168193727241e+03 2.523504313381484e-16 1.660165900728670e-17
4.133119770165786e+03 2.550487240868026e-16 1.654187739088518e-17
4.134071565738128e+03 2.553035855366177e-16 1.686060056840011e-17
4.135023580494737e+03 2.582878947207911e-16 1.661677579352191e-17
4.135975814486080e+03 2.582282605576896e-16 1.654219594246668e-17
4.136928267762652e+03 2.992161656516862e-16 1.725658210170228e-17
4.137880940374942e+03 2.964233505652949e-16 1.711125371315783e-17
4.138833832373468e+03 2.680104248452459e-16 1.641912432099026e-17
4.139786943808745e+03 2.912647875871159e-16 1.655120162681501e-17
4.140740274731311e+03 2.576876146059392e-16 1.621212758641399e-17
4.141693825191705e+03 2.817580514457639e-16 1.682405048433125e-17
4.142647595240491e+03 2.840960376859752e-16 1.732641086182163e-17
4.143601584928233e+03 2.942979754597409e-16 1.736614017789869e-17
4.144555794305506e+03 2.708331835383591e-16 1.661999824943272e-17
4.145510223422908e+03 2.478609997014686e-16 1.616682083283461e-17
4.146464872331036e+03 2.934718984613185e-16 1.680903155096002e-17
4.147419741080512e+03 2.807299260712301e-16 1.699398750254919e-17
4.148374829721954e+03 2.972690997317207e-16 1.705381890555433e-17
4.149330138306007e+03 2.459324214843948e-16 1.605838029190570e-17
4.150285666883314e+03 2.624814067407076e-16 1.602534733382860e-17
4.151241415504542e+03 2.564717237871448e-16 1.591650202927337e-17
4.152197384220358e+03 2.814771639309981e-16 1.647870041027853e-17
4.153153573081453e+03 3.055820592210541e-16 1.706770568196070e-17
4.154109982138517e+03 2.757636728311687e-16 1.696341070797747e-17
4.155066611442264e+03 2.629299990174741e-16 1.668617760591104e-17
4.156023461043406e+03 2.840804156573826e-16 1.662187543467380e-17
4.156980530992682e+03 2.850960527104566e-16 1.614096514215242e-17
4.157937821340828e+03 2.624109004384300e-16 1.572672882103034e-17
4.158895332138605e+03 2.637267432197434e-16 1.573171517454686e-17
4.159853063436773e+03 2.809796858344935e-16 1.629969836611144e-17
4.160811015286116e+03 2.949715122302398e-16 1.675969073141705e-17
4.161769187737417e+03 3.394259803909367e-16 1.735790812566703e-17
4.162727580841485e+03 2.981553349419119e-16 1.652444917840838e-17
4.163686194649129e+03 3.038683439584795e-16 1.645160777569015e-17
4.164645029211169e+03 2.854154095900159e-16 1.620661590861147e-17
4.165604084578451e+03 3.105598949718136e-16 1.662078922551624e-17
4.166563360801813e+03 3.052566381143620e-16 1.689622532930037e-17
4.167522857932126e+03 2.873728689965409e-16 1.652846355025345e-17
4.168482576020250e+03 2.867596767630397e-16 1.644704885160282e-17
4.169442515117078e+03 2.944613411220989e-16 1.625474038832229e-17
4.170402675273497e+03 2.875861383497812e-16 1.632083607758334e-17
4.171363056540422e+03 2.638189631980066e-16 1.599573382099264e-17
4.172323658968763e+03 2.516550825538520e-16 1.585172542212698e-17
4.173284482609458e+03 2.622112802144236e-16 1.574172056233386e-17
4.174245527513442e+03 2.706558103580484e-16 1.575994775457134e-17
4.175206793731674e+03 2.861437390130689e-16 1.579733020207127e-17
4.176168281315114e+03 2.472764443297022e-16 1.530373058127508e-17
4.177129990314747e+03 2.916754651255741e-16 1.606434550252469e-17
4.178091920781552e+03 2.632748403164584e-16 1.766055387325239e-17
4.179054072766539e+03 2.711447805434245e-16 1.782091153421098e-17
4.180016446320711e+03 2.668882261214736e-16 1.766069102041622e-17
4.180979041495102e+03 2.495894260405299e-16 1.725845180477481e-17
4.181941858340742e+03 2.692787187370147e-16 1.549771976155658e-17
4.182904896908676e+03 2.782734686888632e-16 1.568808025065466e-17
4.183868157249971e+03 2.782362036805407e-16 1.573245773601463e-17
4.184831639415689e+03 2.866899969422969e-16 1.599893907142488e-17
4.185795343456923e+03 2.670344724053608e-16 1.564610631063660e-17
4.186759269424756e+03 2.767673246488033e-16 1.565077580120566e-17
4.187723417370306e+03 2.927824469385801e-16 1.574940913639353e-17
4.188687787344681e+03 2.811310894313919e-16 1.545699930197700e-17
4.189652379399020e+03 2.802729749660675e-16 1.562515631836727e-17
4.190617193584456e+03 2.719240274565120e-16 1.565088566028108e-17
4.191582229952151e+03 2.803113847251691e-16 1.607310643721620e-17
4.192547488553262e+03 3.013724160836533e-16 1.664170788511016e-17
4.193512969438974e+03 2.941724658181708e-16 1.669874785634946e-17
4.194478672660469e+03 2.777242194073542e-16 1.675761359892471e-17
4.195444598268953e+03 2.977290174281855e-16 1.682436229953789e-17
4.196410746315632e+03 2.929903689560363e-16 1.673710066407994e-17
4.197377116851739e+03 2.684218162629277e-16 1.644213611429566e-17
4.198343709928500e+03 2.694654970976109e-16 1.625067259663872e-17
4.199310525597172e+03 2.620848680396107e-16 1.581161673960473e-17
4.200277563909011e+03 2.719998801656368e-16 1.548774719990592e-17
4.201244824915283e+03 2.866977845925081e-16 1.566239669776624e-17
4.202212308667282e+03 2.798654312359185e-16 1.572951752077646e-17
4.203180015216290e+03 2.253771852580261e-16 1.527641291001871e-17
4.204147944613626e+03 2.921883771174378e-16 1.612724716161997e-17
4.205116096910599e+03 3.277331042921384e-16 1.656478035832192e-17
4.206084472158550e+03 3.014485663501881e-16 1.600968727691924e-17
4.207053070408810e+03 2.910446219026576e-16 1.594168722415774e-17
4.208021891712741e+03 3.093185808992845e-16 1.590756140656070e-17
4.208990936121703e+03 3.096944364712232e-16 1.604308194222682e-17
4.209960203687081e+03 3.046504521539757e-16 1.590543050110960e-17
4.210929694460257e+03 3.038638167460251e-16 1.607433975814888e-17
4.211899408492638e+03 3.045617859116305e-16 1.633884506375681e-17
4.212869345835633e+03 3.202151175679388e-16 1.872693834205805e-17
4.213839506540673e+03 3.107279045740427e-16 1.882705299589587e-17
4.214809890659186e+03 2.851343743494510e-16 1.857981068820425e-17
4.215780498242631e+03 3.030228524234222e-16 1.888912308938280e-17
4.216751329342459e+03 3.253275005678372e-16 1.935529893950558e-17
4.217722384010151e+03 2.857117292092689e-16 1.601766018758339e-17
4.218693662297184e+03 3.550878219067786e-16 2.110562313270965e-17
4.219665164255061e+03 3.238149641116778e-16 2.183909646219758e-17
4.220636889935283e+03 3.539023621320073e-16 2.137017718688094e-17
4.221608839389378e+03 3.285908994578315e-16 1.687698625086737e-17
4.222581012668872e+03 3.303040351865811e-16 1.699139997177101e-17
4.223553409825307e+03 3.067755069816347e-16 1.667276571372748e-17
4.224526030910245e+03 2.475887403950628e-16 1.569713996162026e-17
4.225498875975245e+03 2.467925675288533e-16 1.566088744845861e-17
4.226471945071897e+03 2.551196075218011e-16 1.576615521883393e-17
4.227445238251780e+03 2.409582724739367e-16 1.578501306971124e-17
4.228418755566508e+03 2.228328774297360e-16 1.535084728228533e-17
4.229392497067688e+03 2.248251477504073e-16 1.517004287638832e-17
4.230366462806954e+03 2.799673701737879e-16 1.566186988662703e-17
4.231340652835936e+03 3.047111385408419e-16 1.575866570456237e-17
4.232315067206292e+03 2.630877906913513e-16 1.531698864470939e-17
4.233289705969678e+03 2.981188025140097e-16 1.586111883424739e-17
4.234264569177777e+03 2.752433478984615e-16 1.570808336401758e-17
4.235239656882265e+03 2.915820477934976e-16 1.600920645735678e-17
4.236214969134850e+03 2.937362149958080e-16 1.621487163544500e-17
4.237190505987233e+03 3.035750750183844e-16 1.641060962427128e-17
4.238166267491145e+03 2.934627509469821e-16 1.611869407538594e-17
4.239142253698310e+03 2.752337128527848e-16 1.586868047173103e-17
4.240118464660485e+03 2.932330116360749e-16 1.583556742205840e-17
4.241094900429420e+03 3.032439112647581e-16 1.587539374760842e-17
4.242071561056883e+03 3.141726220782275e-16 1.627106398107663e-17
4.243048446594663e+03 3.186574927192696e-16 1.627169011474318e-17
4.244025557094546e+03 3.165257299420973e-16 1.602368008005896e-17
4.245002892608344e+03 3.331199223346681e-16 1.622607590984335e-17
4.245980453187867e+03 3.304672993729870e-16 1.625780009616736e-17
4.246958238884953e+03 3.401724252120484e-16 1.682159105871399e-17
4.247936249751434e+03 3.129754138819075e-16 1.677598945836405e-17
4.248914485839173e+03 2.933210863874974e-16 1.655106551584511e-17
4.249892947200025e+03 2.899789316641104e-16 1.614042077652847e-17
4.250871633885875e+03 2.787476424832251e-16 1.541968891600856e-17
4.251850545948606e+03 2.621377107837798e-16 1.540950889275175e-17
4.252829683440125e+03 2.762327563081321e-16 1.551790254893598e-17
4.253809046412338e+03 2.902782241671503e-16 1.594892677759704e-17
4.254788634917179e+03 2.813966485319221e-16 1.561085139513526e-17
4.255768449006572e+03 2.832451732339714e-16 1.542563287916325e-17
4.256748488732480e+03 2.861462043565945e-16 1.546593689825867e-17
4.257728754146851e+03 2.972362714132171e-16 1.571080293770909e-17
4.258709245301668e+03 3.208520773121808e-16 1.625176509398610e-17
4.259689962248910e+03 3.252998450984383e-16 1.634741872329746e-17
4.260670905040572e+03 2.839627061840533e-16 1.581285405955060e-17
4.261652073728668e+03 2.873227235074433e-16 1.591558189109688e-17
4.262633468365213e+03 3.216473725890777e-16 1.853713890770364e-17
4.263615089002245e+03 3.385119370532782e-16 1.863221813824800e-17
4.264596935691803e+03 3.376904580668499e-16 1.639330453399165e-17
4.265579008485950e+03 3.232353159103597e-16 1.650837446018751e-17
4.266561307436747e+03 3.238013451271852e-16 1.643451528870055e-17
4.267543832596281e+03 3.362737896460335e-16 1.630851877700986e-17
4.268526584016639e+03 3.299916534053294e-16 1.589298558020850e-17
4.269509561749933e+03 3.109583571553276e-16 1.567837050651713e-17
4.270492765848269e+03 2.867242264563465e-16 1.562249075196818e-17
4.271476196363787e+03 2.448288382868728e-16 1.606389575782969e-17
4.272459853348617e+03 2.518443104919003e-16 1.631025934609610e-17
4.273443736854920e+03 2.693002033268310e-16 1.592839959737972e-17
4.274427846934853e+03 2.609532970659064e-16 1.532810282681562e-17
4.275412183640600e+03 2.703486456354469e-16 1.538162764774921e-17
4.276396747024341e+03 2.597035595802463e-16 1.526618090504359e-17
4.277381537138287e+03 2.656313967210127e-16 1.534023417390408e-17
4.278366554034641e+03 3.140768799556600e-16 1.585592962086444e-17
4.279351797765635e+03 3.117421896471827e-16 1.658868765880415e-17
4.280337268383501e+03 3.083208673649662e-16 1.693716897200428e-17
4.281322965940485e+03 3.208684955188305e-16 1.614804465915777e-17
4.282308890488856e+03 3.009556320920663e-16 1.554770691691457e-17
4.283295042080878e+03 2.920664364630455e-16 1.549345011411249e-17
4.284281420768844e+03 2.989000596936522e-16 1.532596889008365e-17
4.285268026605043e+03 2.850618249816925e-16 1.522605733984822e-17
4.286254859641792e+03 2.986993657124525e-16 1.804163321539728e-17
4.287241919931403e+03 2.990223914600518e-16 1.878230118944686e-17
4.288229207526217e+03 2.493432610633576e-16 1.823853725221979e-17
4.289216722478571e+03 2.738718637969546e-16 1.505072506011471e-17
4.290204464840831e+03 2.694274332950495e-16 1.477301525511488e-17
4.291192434665357e+03 2.705956756423091e-16 1.478538623921449e-17
4.292180632004539e+03 2.446635087561615e-16 1.445155865794770e-17
4.293169056910761e+03 2.783512496250507e-16 1.513263783897544e-17
4.294157709436438e+03 2.869884149552690e-16 1.541635699775210e-17
4.295146589633979e+03 2.650607063329421e-16 1.545681070411539e-17
4.296135697555820e+03 2.898219949029055e-16 1.545608837626187e-17
4.297125033254395e+03 2.677093970718334e-16 1.509892250009908e-17
4.298114596782167e+03 2.501813431839022e-16 1.472234046859805e-17
4.299104388191592e+03 2.448615143675014e-16 1.458511031383938e-17
4.300094407535156e+03 2.146050119711043e-16 1.442844584709922e-17
4.301084654865345e+03 2.253270484057200e-16 1.465518987734031e-17
4.302075130234658e+03 2.282046778617321e-16 1.494238653469191e-17
4.303065833695616e+03 2.064916365799052e-16 1.450450601379668e-17
4.304056765300737e+03 2.130097864065464e-16 1.426820177452441e-17
4.305047925102566e+03 2.072144179328175e-16 1.416206704267051e-17
4.306039313153648e+03 1.914321529548017e-16 1.377441838784015e-17
4.307030929506552e+03 2.097212394819053e-16 1.385711631377392e-17
4.308022774213844e+03 1.996492757736750e-16 1.347637957753326e-17
4.309014847328120e+03 2.162059364880029e-16 1.366456853184554e-17
4.310007148901968e+03 2.038713291451867e-16 1.364785805803701e-17
4.310999678988011e+03 1.856112328576589e-16 1.378681516074012e-17
4.311992437638859e+03 2.264751241092715e-16 1.451972807232431e-17
4.312985424907160e+03 2.702958923067206e-16 1.521718580638297e-17
4.313978640845548e+03 2.879721394022217e-16 1.550285135231390e-17
4.314972085506694e+03 2.925509312772553e-16 1.544621257245516e-17
4.315965758943262e+03 3.045768106823164e-16 1.544393257947458e-17
4.316959661207941e+03 3.255298847896851e-16 1.571603709391568e-17
4.317953792353420e+03 3.496235031696100e-16 1.596639279849015e-17
4.318948152432414e+03 3.855681257350433e-16 1.663258885605187e-17
4.319942741497641e+03 3.651019168939692e-16 1.669620733101978e-17
4.320937559601826e+03 3.519937790580755e-16 1.731676755872594e-17
4.321932606797723e+03 3.327667008524166e-16 1.751344671546879e-17
4.322927883138081e+03 3.503850069675548e-16 1.762073862149941e-17
4.323923388675675e+03 3.156122435107698e-16 1.640274543834212e-17
4.324919123463278e+03 2.944812291871050e-16 1.581283264846348e-17
4.325915087553693e+03 2.915321981142499e-16 1.528430582330321e-17
4.326911280999713e+03 2.851992446704835e-16 1.501798221311354e-17
4.327907703854168e+03 2.885447037330545e-16 1.485325652237121e-17
4.328904356169875e+03 2.857074751744252e-16 1.503609367621124e-17
4.329901237999686e+03 3.137039504980503e-16 1.550941267592605e-17
4.330898349396445e+03 3.606734216529291e-16 1.624212314091918e-17
4.331895690413028e+03 3.580224292573422e-16 1.612826719178609e-17
4.332893261102303e+03 3.424295466113224e-16 1.596605259090079e-17
4.333891061517170e+03 3.644584797506754e-16 1.621840637369257e-17
4.334889091710521e+03 3.610616745131571e-16 1.614377355540185e-17
4.335887351735280e+03 3.413631628144631e-16 1.611767226132163e-17
4.336885841644366e+03 3.151906538125125e-16 1.575909945473716e-17
4.337884561490727e+03 3.036463441725512e-16 1.572730146230079e-17
4.338883511327306e+03 3.026073041713035e-16 1.563508646505505e-17
4.339882691207067e+03 3.027301327746224e-16 1.559182800116761e-17
4.340882101182990e+03 2.750761094766968e-16 1.515739927570713e-17
4.341881741308057e+03 2.494392341241465e-16 1.488504723468940e-17
4.342881611635275e+03 2.985838232992632e-16 1.541279455348146e-17
4.343881712217647e+03 2.921773429855312e-16 1.558796683958684e-17
4.344882043108207e+03 3.050676216410543e-16 1.552512288365567e-17
4.345882604359984e+03 3.394425176859619e-16 1.590727706141598e-17
4.346883396026033e+03 3.417671667266559e-16 1.591576807609354e-17
4.347884418159407e+03 3.563593639178976e-16 1.628869007086085e-17
4.348885670813188e+03 3.440920013492286e-16 1.650687009048033e-17
4.349887154040453e+03 3.251114847449044e-16 1.650993106226445e-17
4.350888867894309e+03 3.551555645493880e-16 1.690058011475452e-17
4.351890812427856e+03 3.136621792013280e-16 1.599759678237216e-17
4.352892987694226e+03 3.652520545167999e-16 1.633037089232285e-17
4.353895393746541e+03 3.181901351078124e-16 1.576474540956793e-17
4.354898030637962e+03 3.203505779820280e-16 1.560207138747529e-17
4.355900898421634e+03 3.353113297734334e-16 1.591982459234470e-17
4.356903997150740e+03 3.136444319053619e-16 1.587429582745303e-17
4.357907326878453e+03 3.323856158116794e-16 1.598598459089629e-17
4.358910887657978e+03 3.216289544177862e-16 1.578126625583381e-17
4.359914679542513e+03 3.562630349815190e-16 1.610805234257720e-17
4.360918702585288e+03 3.870641848490221e-16 1.631666970965746e-17
4.361922956839529e+03 3.518082316016802e-16 1.597747834170791e-17
4.362927442358479e+03 3.452654341428743e-16 1.576401717491109e-17
4.363932159195402e+03 3.400577583076518e-16 1.600679544290338e-17
4.364937107403558e+03 3.581420345666702e-16 1.637613706096987e-17
4.365942287036238e+03 3.818734543599477e-16 1.664257858020740e-17
4.366947698146724e+03 3.615812458387685e-16 1.626467438415572e-17
4.367953340788335e+03 3.506145941934803e-16 1.599124769008515e-17
4.368959215014377e+03 3.409517242519959e-16 1.586376838939692e-17
4.369965320878191e+03 3.517753797462375e-16 1.622848998893066e-17
4.370971658433112e+03 3.643647604393483e-16 1.625615346177080e-17
4.371978227732500e+03 3.415317272564810e-16 1.598999147133833e-17
4.372985028829717e+03 3.431078595562713e-16 1.592602016340817e-17
4.373992061778149e+03 3.179097338940637e-16 1.576337452846719e-17
4.374999326631180e+03 3.069947029597766e-16 1.605110847056767e-17
4.376006823442224e+03 3.489705078266865e-16 1.653701350091813e-17
4.377014552264687e+03 3.347558126207328e-16 1.617481640498344e-17
4.378022513152008e+03 3.327067877923471e-16 1.577902337455822e-17
4.379030706157618e+03 3.524405178803262e-16 1.575943666224002e-17
4.380039131334980e+03 3.324308776850891e-16 1.568298449353059e-17
4.381047788737555e+03 3.239765007587346e-16 1.563871670705661e-17
4.382056678418816e+03 3.184061947917700e-16 1.591482733518465e-17
4.383065800432263e+03 2.898078720955696e-16 1.546815402116818e-17
4.384075154831389e+03 2.643628575183865e-16 1.481252802338250e-17
4.385084741669720e+03 2.607939893262479e-16 1.473980560498037e-17
4.386094561000770e+03 2.809126316138891e-16 1.504019337552897e-17
4.387104612878093e+03 3.091947518755275e-16 1.532568848627334e-17
4.388114897355227e+03 3.178679915158764e-16 1.543666048135958e-17
4.389125414485748e+03 3.383092857699998e-16 1.551035284891963e-17
4.390136164323223e+03 3.150425390576404e-16 1.518419375677793e-17
4.391147146921250e+03 3.231559380892323e-16 1.527989654463586e-17
4.392158362333421e+03 3.356689929437399e-16 1.561539506172505e-17
4.393169810613358e+03 3.060780822672547e-16 1.527053255556856e-17
4.394181491814680e+03 3.233128988968208e-16 1.531571740392191e-17
4.395193405991033e+03 3.329918846699252e-16 1.576920483038595e-17
4.396205553196057e+03 3.298429695379015e-16 1.590554905731333e-17
4.397217933483427e+03 3.400735293518325e-16 1.626603916575202e-17
4.398230546906808e+03 3.620488031197253e-16 1.626463716678213e-17
4.399243393519897e+03 3.218957614285568e-16 1.581728767925389e-17
4.400256473376388e+03 3.537945357702395e-16 1.605294223196214e-17
4.401269786529992e+03 3.552226973097678e-16 1.595549084510864e-17
4.402283333034441e+03 3.164891791222216e-16 1.542773916708260e-17
4.403297112943463e+03 3.312309695424914e-16 1.528922159028525e-17
4.404311126310817e+03 3.258676467324439e-16 1.503707495903473e-17
4.405325373190256e+03 3.060272154736903e-16 1.472782179950475e-17
4.406339853635562e+03 2.999645820165629e-16 1.506324262196207e-17
4.407354567700516e+03 3.357725553517584e-16 1.604286169121465e-17
4.408369515438922e+03 3.229337500419926e-16 1.606179437769730e-17
4.409384696904586e+03 3.288300938050331e-16 1.601904680807094e-17
4.410400112151339e+03 3.403893110239044e-16 1.589077799012074e-17
4.411415761233009e+03 3.495809406921280e-16 1.587581559578143e-17
4.412431644203454e+03 3.745296039930168e-16 1.592936792496600e-17
4.413447761116525e+03 3.454427357772893e-16 1.544026677428915e-17
4.414464112026104e+03 3.541942959919187e-16 1.561030778928110e-17
4.415480696986070e+03 3.481596516476296e-16 1.552875821281093e-17
4.416497516050328e+03 3.433948368111597e-16 1.544541795570842e-17
4.417514569272783e+03 3.487691511482383e-16 1.544369368002841e-17
4.418531856707364e+03 3.419386603135905e-16 1.526521419723599e-17
4.419549378407997e+03 3.655444435851526e-16 1.563853556567638e-17
4.420567134428643e+03 3.794255190287076e-16 1.630674404608084e-17
4.421585124823254e+03 3.629852458893002e-16 1.682219894809720e-17
4.422603349645799e+03 3.758867269676839e-16 1.737772680179246e-17
4.423621808950274e+03 3.852959148607468e-16 1.713049457496499e-17
4.424640502790667e+03 3.459963239234512e-16 1.604935220011495e-17
4.425659431220997e+03 3.307274415663799e-16 1.546401028227453e-17
4.426678594295276e+03 3.611407636013663e-16 1.577940307687317e-17
4.427697992067550e+03 3.673776285768881e-16 1.630064873166785e-17
4.428717624591856e+03 3.592681617906454e-16 1.614389590814210e-17
4.429737491922265e+03 3.566391006798635e-16 1.578774334448966e-17
4.430757594112839e+03 3.536234835283287e-16 1.559428281145390e-17
4.431777931217670e+03 3.605524798624954e-16 1.587634926453499e-17
4.432798503290849e+03 3.307974669945591e-16 1.537282598753419e-17
4.433819310386493e+03 3.524929012392615e-16 1.539780300912642e-17
4.434840352558716e+03 3.763647945423198e-16 1.564097941468262e-17
4.435861629861662e+03 3.416988296858736e-16 1.545463034524085e-17
4.436883142349468e+03 3.558930186940207e-16 1.548244971223427e-17
4.437904890076303e+03 3.490273501926020e-16 1.556479522278352e-17
4.438926873096330e+03 3.756806128997860e-16 1.602313309920442e-17
4.439949091463743e+03 3.818010443776042e-16 1.594742516438988e-17
4.440971545232729e+03 3.654782294449903e-16 1.582939008289829e-17
4.441994234457507e+03 3.723633375256515e-16 1.602361944687397e-17
4.443017159192294e+03 3.758300995515637e-16 1.641801934804552e-17
4.444040319491321e+03 3.568623422704329e-16 1.641755341493491e-17
4.445063715408844e+03 3.464267178066316e-16 1.636453996223242e-17
4.446087346999112e+03 3.796227702551946e-16 1.642361352796580e-17
4.447111214316406e+03 3.893201571846681e-16 1.628414022603350e-17
4.448135317415003e+03 4.144315794261715e-16 1.637327692477850e-17
4.449159656349208e+03 3.768802969343678e-16 1.583352093434580e-17
4.450184231173320e+03 3.935707378322712e-16 1.596551662620518e-17
4.451209041941673e+03 3.805800759429092e-16 1.574050048269363e-17
4.452234088708588e+03 3.602862307267734e-16 1.566543355106145e-17
4.453259371528425e+03 3.630539792637276e-16 1.573855267439211e-17
4.454284890455534e+03 3.532439573302357e-16 1.536369228821897e-17
4.455310645544294e+03 3.386014963994774e-16 1.539435294937718e-17
4.456336636849081e+03 3.444657074655157e-16 1.571263229358470e-17
4.457362864424302e+03 3.553224352403417e-16 1.587896017889260e-17
4.458389328324357e+03 3.489036025004314e-16 1.554340998566575e-17
4.459416028603678e+03 3.515471845167236e-16 1.549441737437281e-17
4.460442965316688e+03 3.466647423722965e-16 1.514769111578657e-17
4.461470138517846e+03 3.331462240565979e-16 1.512505047231830e-17
4.462497548261606e+03 3.153118157350420e-16 1.493699040081541e-17
4.463525194602435e+03 3.394121682211335e-16 1.513984313136569e-17
4.464553077594828e+03 3.752172916986157e-16 1.545491325714288e-17
4.465581197293273e+03 3.493883327398123e-16 1.500053265646507e-17
4.466609553752289e+03 3.455238387720771e-16 1.494253376806940e-17
4.467638147026388e+03 3.757573552650260e-16 1.543259068073891e-17
4.468666977170116e+03 3.497663676150721e-16 1.542419078159083e-17
4.469696044238010e+03 3.752161733874351e-16 1.598696813361031e-17
4.470725348284639e+03 3.830468101024669e-16 1.611954450933847e-17
4.471754889364568e+03 3.912426530800974e-16 1.601943776653215e-17
4.472784667532392e+03 3.728400499160541e-16 1.559361426223386e-17
4.473814682842696e+03 4.002762281253808e-16 1.589970752280028e-17
4.474844935350103e+03 4.015993498395505e-16 1.605810991204691e-17
4.475875425109225e+03 4.215636934214702e-16 1.642093592001382e-17
4.476906152174707e+03 4.058559102986211e-16 1.634239349904445e-17
4.477937116601189e+03 3.983909095945132e-16 1.628206741622707e-17
4.478968318443340e+03 4.124849051488409e-16 1.610957307020535e-17
4.479999757755823e+03 4.016176916646459e-16 1.601288470647903e-17
4.481031434593335e+03 3.756456019290485e-16 1.578670586479989e-17
4.482063349010569e+03 3.825892402562767e-16 1.589642752437119e-17
4.483095501062231e+03 3.862468597525928e-16 1.608038251171512e-17
4.484127890803054e+03 3.880510976594784e-16 1.602731477432225e-17
4.485160518287767e+03 4.074622809983643e-16 1.621336272203744e-17
4.486193383571125e+03 4.276188301539458e-16 1.628547061568009e-17
4.487226486707883e+03 4.191515112374668e-16 1.617323288057697e-17
4.488259827752821e+03 4.095340873916134e-16 1.605958518730898e-17
4.489293406760720e+03 4.168763352056164e-16 1.599675528471828e-17
4.490327223786387e+03 3.834363926501174e-16 1.577406359930947e-17
4.491361278884624e+03 3.922950868386563e-16 1.571628495982681e-17
4.492395572110266e+03 3.649079276140781e-16 1.581486021177062e-17
4.493430103518140e+03 3.756251889749661e-16 1.587149157800565e-17
4.494464873163105e+03 3.873586366085196e-16 1.584112391728826e-17
4.495499881100015e+03 3.927575950942921e-16 1.571844104346785e-17
4.496535127383754e+03 3.875373603159640e-16 1.553701437796825e-17
4.497570612069201e+03 3.480153450290299e-16 1.531595496067987e-17
4.498606335211264e+03 3.817232216892221e-16 1.627126354390874e-17
4.499642296864848e+03 4.207963499121980e-16 1.695874303251606e-17
4.500678497084888e+03 4.155266281698561e-16 1.666793498487079e-17
4.501714935926312e+03 4.130406851343670e-16 1.612955197533110e-17
4.502751613444081e+03 4.042817332899797e-16 1.603143276559470e-17
4.503788529693149e+03 4.410783469688349e-16 1.667938570833696e-17
4.504825684728502e+03 4.324812470334685e-16 1.694477238120688e-17
4.505863078605124e+03 4.398965806520755e-16 1.705225575059938e-17
4.506900711378012e+03 4.489275392486122e-16 1.692489845790175e-17
4.507938583102188e+03 4.583398911002967e-16 1.684098195545603e-17
4.508976693832673e+03 4.657102854350523e-16 1.686313284421702e-17
4.510015043624512e+03 4.443170588300685e-16 1.665605693045064e-17
4.511053632532751e+03 4.261259605639068e-16 1.646359790485264e-17
4.512092460612463e+03 4.232249188062609e-16 1.637841401031775e-17
4.513131527918716e+03 4.259739884147604e-16 1.640376002486324e-17
4.514170834506609e+03 4.190355985673057e-16 1.625163129874952e-17
4.515210380431237e+03 3.917870789241547e-16 1.602747214970991e-17
4.516250165747725e+03 4.233538528205812e-16 1.634775096593870e-17
4.517290190511192e+03 4.421560563173059e-16 1.673246929445826e-17
4.518330454776788e+03 3.958214406680777e-16 1.655545720256212e-17
4.519370958599657e+03 4.160861789640994e-16 1.699517314923005e-17
4.520411702034975e+03 4.332544487526973e-16 1.677756754098327e-17
4.521452685137912e+03 4.157212633694267e-16 1.640510617056122e-17
4.522493907963669e+03 4.211478683464225e-16 1.618337935477944e-17
4.523535370567442e+03 4.042889152630677e-16 1.605104257281837e-17
4.524577073004457e+03 4.003679973841793e-16 1.601853403780371e-17
4.525619015329939e+03 3.886240959568374e-16 1.581636368533441e-17
4.526661197599127e+03 3.601482318344004e-16 1.538280191406955e-17
4.527703619867285e+03 3.532887573306744e-16 1.539723122072544e-17
4.528746282189672e+03 3.613915789015366e-16 1.580076120879684e-17
4.529789184621578e+03 3.729948957612892e-16 1.597080260685908e-17
4.530832327218288e+03 3.496346502405978e-16 1.554260332228492e-17
4.531875710035117e+03 3.435269048304604e-16 1.538428138423078e-17
4.532919333127375e+03 3.674901851149465e-16 1.541807534097423e-17
4.533963196550403e+03 3.533198741234372e-16 1.536643753984007e-17
4.535007300359538e+03 3.442199857377059e-16 1.554194625115100e-17
4.536051644610143e+03 3.593602227517094e-16 1.596246791631308e-17
4.537096229357581e+03 3.561833048497827e-16 1.602391732034784e-17
4.538141054657246e+03 3.725775365105390e-16 1.588875401546351e-17
4.539186120564521e+03 3.967986608542351e-16 1.612451450923454e-17
4.540231427134825e+03 4.268488124697591e-16 1.648656095606373e-17
4.541276974423569e+03 3.983306680994767e-16 1.622021576551704e-17
4.542322762486197e+03 4.077879179955974e-16 1.661064722235715e-17
4.543368791378147e+03 3.998647960146228e-16 1.650308886297343e-17
4.544415061154886e+03 3.984189273735623e-16 1.620296925297549e-17
4.545461571871883e+03 3.887915662950339e-16 1.593687734878588e-17
4.546508323584617e+03 3.985334085456431e-16 1.622813872384977e-17
4.547555316348596e+03 3.866712628344815e-16 1.614133847875612e-17
4.548602550219321e+03 3.474396072670941e-16 1.572745072985770e-17
4.549650025252324e+03 3.895318081187895e-16 1.605075114021117e-17
4.550697741503132e+03 3.795753224913882e-16 1.582509344593197e-17
4.551745699027303e+03 3.853494571252196e-16 1.592903074520725e-17
4.552793897880390e+03 3.924668444222047e-16 1.591720452786298e-17
4.553842338117976e+03 3.648582885107991e-16 1.570388812018054e-17
4.554891019795640e+03 3.938977641385459e-16 1.616001033704839e-17
4.555939942968990e+03 3.970063303757428e-16 1.662240333470504e-17
4.556989107693631e+03 4.046465010335569e-16 1.665534841073269e-17
4.558038514025196e+03 4.296296190862321e-16 1.691210926761624e-17
4.559088162019316e+03 4.349147601505471e-16 1.685416410082140e-17
4.560138051731651e+03 4.174048314329348e-16 1.687779594895547e-17
4.561188183217855e+03 4.058485718288616e-16 1.678040301162662e-17
4.562238556533615e+03 4.250234117586768e-16 1.718399409674999e-17
4.563289171734612e+03 4.454213912722853e-16 1.728736507343244e-17
4.564340028876556e+03 4.197587563609389e-16 1.670573018959921e-17
4.565391128015155e+03 3.925425257633643e-16 1.620763612414338e-17
4.566442469206145e+03 4.069365217934737e-16 1.651815148621731e-17
4.567494052505263e+03 4.036750228747966e-16 1.652627289337432e-17
4.568545877968259e+03 4.023669521646485e-16 1.651965113094877e-17
4.569597945650909e+03 4.024187296516429e-16 1.622280002385956e-17
4.570650255608981e+03 4.244491179237262e-16 1.662442322153364e-17
4.571702807898278e+03 4.061239488282356e-16 1.628885726935217e-17
4.572755602574597e+03 4.155869560488111e-16 1.662192629912593e-17
4.573808639693765e+03 4.157701355378822e-16 1.667049001597959e-17
4.574861919311603e+03 4.204428720986393e-16 1.689442662891462e-17
4.575915441483965e+03 4.242534004949226e-16 1.696254510151277e-17
4.576969206266696e+03 4.130879116302606e-16 1.678577344028775e-17
4.578023213715678e+03 4.392695890947661e-16 1.678633427322130e-17
4.579077463886782e+03 3.888294183580307e-16 1.637501891434704e-17
4.580131956835914e+03 4.028706398193038e-16 1.675109358020495e-17
4.581186692618971e+03 3.898928427049418e-16 1.668729665378315e-17
4.582241671291886e+03 3.935131040789250e-16 1.660244721565785e-17
4.583296892910580e+03 4.022458350550183e-16 1.651431858496725e-17
4.584352357531013e+03 4.074641023546183e-16 1.655018430441340e-17
4.585408065209132e+03 4.031200742969440e-16 1.627870819479058e-17
4.586464016000921e+03 4.087537764353262e-16 1.622798502870853e-17
4.587520209962356e+03 4.060109427434942e-16 1.615329593694217e-17
4.588576647149443e+03 4.101151970497567e-16 1.639334158657615e-17
4.589633327618189e+03 4.077007880739444e-16 1.618537523834123e-17
4.590690251424616e+03 4.104244072583097e-16 1.621204772844526e-17
4.591747418624768e+03 4.183370525771805e-16 1.607181242589247e-17
4.592804829274684e+03 3.928543388224348e-16 1.580016829092184e-17
4.593862483430441e+03 3.817442062907406e-16 1.565125055302302e-17
4.594920381148101e+03 4.146273173291111e-16 1.594583398956838e-17
4.595978522483764e+03 4.183816860270465e-16 1.599437449170954e-17
4.597036907493522e+03 3.881503683907578e-16 1.557106064030786e-17
4.598095536233499e+03 3.853996581989754e-16 1.566256072525071e-17
4.599154408759811e+03 3.928800070444629e-16 1.557069965929400e-17
4.600213525128612e+03 3.974719508682535e-16 1.583807275672055e-17
4.601272885396042e+03 4.059610692603150e-16 1.602735568105248e-17
4.602332489618278e+03 4.009919715965467e-16 1.602816273602330e-17
4.603392337851490e+03 3.871291893862241e-16 1.566878718940165e-17
4.604452430151878e+03 4.071978369626654e-16 1.594572907459388e-17
4.605512766575640e+03 4.005310157104750e-16 1.597330350761709e-17
4.606573347179002e+03 4.178577707026328e-16 1.606457575032480e-17
4.607634172018185e+03 4.234788138798207e-16 1.613871105698793e-17
4.608695241149443e+03 4.222175518437701e-16 1.598371686453472e-17
4.609756554629029e+03 4.282415863467165e-16 1.599038560804801e-17
4.610818112513205e+03 4.440383591285987e-16 1.629081721061384e-17
4.611879914858268e+03 4.523769319259011e-16 1.657319650934616e-17
4.612941961720499e+03 4.488244135062064e-16 1.659148394445346e-17
4.614004253156219e+03 4.390188138817220e-16 1.639743042345064e-17
4.615066789221742e+03 4.194672323561759e-16 1.650380858233028e-17
4.616129569973406e+03 4.359320255916299e-16 1.658212270821973e-17
4.617192595467555e+03 4.318406571859841e-16 1.661358163804792e-17
4.618255865760557e+03 4.334885571385033e-16 1.633313546420726e-17
4.619319380908774e+03 4.254999344822453e-16 1.629078970608537e-17
4.620383140968605e+03 4.232731708336844e-16 1.619583923958528e-17
4.621447145996440e+03 4.405010732998698e-16 1.641020500474642e-17
4.622511396048698e+03 4.312610790570136e-16 1.614298551465587e-17
4.623575891181797e+03 4.048103558654636e-16 1.582627715158682e-17
4.624640631452186e+03 4.246534706834667e-16 1.600534700161566e-17
4.625705616916303e+03 4.548309045632942e-16 1.631307882569662e-17
4.626770847630627e+03 4.412162980691637e-16 1.620470215340295e-17
4.627836323651622e+03 4.254903931993352e-16 1.599084582893156e-17
4.628902045035790e+03 4.213160797846824e-16 1.610720801946827e-17
4.629968011839625e+03 4.227782967575920e-16 1.642794906067048e-17
4.631034224119650e+03 4.133188684181477e-16 1.647858293479657e-17
4.632100681932395e+03 4.302361751472445e-16 1.659991647085800e-17
4.633167385334394e+03 4.447341180911274e-16 1.655337618235247e-17
4.634234334382212e+03 4.479648963585196e-16 1.641482389277591e-17
4.635301529132410e+03 4.167713458362024e-16 1.559595337797322e-17
4.636368969641578e+03 4.121126446414953e-16 1.560698494279288e-17
4.637436655966299e+03 4.417575875774002e-16 1.602380438997792e-17
4.638504588163195e+03 4.426816275099189e-16 1.620493204123122e-17
4.639572766288873e+03 4.046629130245841e-16 1.581627727404466e-17
4.640641190399979e+03 4.126794764402721e-16 1.588570048817493e-17
4.641709860553147e+03 4.190745966403164e-16 1.585173101642901e-17
4.642778776805049e+03 4.130292188429814e-16 1.555017095331602e-17
4.643847939212348e+03 3.865881113518674e-16 1.521804620036264e-17
4.644917347831739e+03 3.714337435158947e-16 1.484129198317547e-17
4.645987002719911e+03 4.022848061633925e-16 1.523026460829301e-17
4.647056903933586e+03 3.680978864401861e-16 1.518268492091808e-17
4.648127051529480e+03 3.997601988101387e-16 1.550171295410620e-17
4.649197445564340e+03 3.854530250820274e-16 1.540952397250795e-17
4.650268086094908e+03 4.004720341097764e-16 1.541532316284325e-17
4.651338973177957e+03 4.123258837481635e-16 1.555108237443247e-17
4.652410106870256e+03 3.967832297126111e-16 1.540001455489582e-17
4.653481487228604e+03 3.912059435986264e-16 1.520301142372704e-17
4.654553114309800e+03 4.181188540741160e-16 1.554963927434541e-17
4.655624988170656e+03 3.914949920768215e-16 1.544771500627841e-17
4.656697108868012e+03 4.093886533472487e-16 1.558142474328592e-17
4.657769476458700e+03 4.283200768934803e-16 1.582807675289486e-17
4.658842090999585e+03 4.364986446725720e-16 1.607077926729164e-17
4.659914952547528e+03 4.515759704639794e-16 1.640624530948877e-17
4.660988061159418e+03 4.413059276929348e-16 1.657016571164826e-17
4.662061416892144e+03 4.342630365849109e-16 1.646710373306188e-17
4.663135019802622e+03 4.207919024768039e-16 1.616061302498223e-17
4.664208869947763e+03 4.102203109045620e-16 1.615279072436099e-17
4.665282967384513e+03 4.161016633278814e-16 1.640017931945458e-17
4.666357312169807e+03 3.851087327726782e-16 1.630035132575546e-17
4.667431904360618e+03 3.752769371720072e-16 1.606844534713234e-17
4.668506744013909e+03 3.954031320251205e-16 1.596865459087175e-17
4.669581831186678e+03 3.727788239145031e-16 1.566105608174203e-17
4.670657165935912e+03 3.592077824426517e-16 1.602192506230053e-17
4.671732748318638e+03 4.137993731999483e-16 1.640023733522252e-17
4.672808578391870e+03 4.052433854716559e-16 1.621867810746147e-17
4.673884656212657e+03 4.003768775789501e-16 1.602801077985907e-17
4.674960981838048e+03 4.202580242390500e-16 1.609364859866780e-17
4.676037555325102e+03 4.089914798272357e-16 1.607757016519042e-17
4.677114376730910e+03 4.019543316637598e-16 1.597429038445718e-17
4.678191446112553e+03 4.251251437299010e-16 1.602225172229081e-17
4.679268763527145e+03 4.189935391381766e-16 1.603896988667653e-17
4.680346329031797e+03 3.994084066031343e-16 1.572609688122263e-17
4.681424142683647e+03 3.996578174521859e-16 1.565298790340490e-17
4.682502204539832e+03 3.930331616269622e-16 1.551564406235826e-17
4.683580514657519e+03 3.749620459317292e-16 1.491734297825260e-17
4.684659073093868e+03 4.038153853521305e-16 1.527587382596308e-17
4.685737879906074e+03 4.156552514567296e-16 1.556318515417883e-17
4.686816935151325e+03 3.926005710418921e-16 1.557897488375043e-17
4.687896238886841e+03 3.667094222708733e-16 1.579151830857433e-17
4.688975791169835e+03 3.932228937498746e-16 1.588831704894455e-17
4.690055592057553e+03 4.230131712846821e-16 1.575603393982936e-17
4.691135641607238e+03 3.986236736590128e-16 1.524752000498069e-17
4.692215939876159e+03 4.190377072341389e-16 1.523928809860563e-17
4.693296486921586e+03 4.042637854699407e-16 1.536390189296088e-17
4.694377282800815e+03 4.071558622844660e-16 1.531318911610948e-17
4.695458327571146e+03 4.293218324204271e-16 1.569719016164979e-17
4.696539621289890e+03 4.253883219590879e-16 1.543768972576199e-17
4.697621164014385e+03 4.098329167305773e-16 1.519730575571027e-17
4.698702955801965e+03 3.879070126936704e-16 1.486742421637288e-17
4.699784996709994e+03 3.951501926229940e-16 1.473203082394862e-17
4.700867286795830e+03 3.877653901061982e-16 1.485889185342612e-17
4.701949826116866e+03 4.041847325977725e-16 1.504127982068901e-17
4.703032614730488e+03 4.043849911175099e-16 1.529848640286992e-17
4.704115652694113e+03 3.859179842064899e-16 1.511222540423496e-17
4.705198940065153e+03 3.897337955682482e-16 1.515747678969047e-17
4.706282476901053e+03 3.987112220568502e-16 1.504036653780402e-17
4.707366263259250e+03 3.813719786862384e-16 1.471935326338336e-17
4.708450299197218e+03 3.754445051171377e-16 1.465370988951124e-17
4.709534584772417e+03 3.918378298261598e-16 1.490222911984847e-17
4.710619120042350e+03 3.972045392166604e-16 1.519115107411209e-17
4.711703905064503e+03 4.135733851448014e-16 1.524019837591503e-17
4.712788939896403e+03 4.049482485624842e-16 1.525677893355025e-17
4.713874224595567e+03 3.909123101595072e-16 1.490405508565229e-17
4.714959759219546e+03 4.053069407324173e-16 1.505752740851476e-17
4.716045543825883e+03 4.175823073761273e-16 1.514245175155317e-17
4.717131578472156e+03 4.203312091418603e-16 1.540847908874491e-17
4.718217863215940e+03 4.062990755567953e-16 1.514147560655314e-17
4.719304398114824e+03 4.484596626771640e-16 1.558534862603634e-17
4.720391183226424e+03 4.182634229895467e-16 1.524630362475777e-17
4.721478218608352e+03 4.424794611183490e-16 1.553769238106602e-17
4.722565504318250e+03 4.412000593077905e-16 1.559245481889178e-17
4.723653040413756e+03 4.561572671834787e-16 1.563952651369691e-17
4.724740826952539e+03 4.259826868588925e-16 1.506343223583468e-17
4.725828863992263e+03 4.366681999948316e-16 1.532074490492891e-17
4.726917151590624e+03 4.177883647883875e-16 1.533575273719495e-17
4.728005689805312e+03 4.214657418646696e-16 1.545673392012587e-17
4.729094478694050e+03 3.849783954894440e-16 1.504981116003035e-17
4.730183518314557e+03 3.932887711556092e-16 1.514256801798298e-17
4.731272808724579e+03 3.779712097075127e-16 1.480487800004166e-17
4.732362349981860e+03 3.856705419933279e-16 1.472142935976135e-17
4.733452142144179e+03 4.234709208553027e-16 1.514713294869104e-17
4.734542185269303e+03 3.987537241551148e-16 1.490788124057315e-17
4.735632479415036e+03 4.050573619923119e-16 1.507912940618725e-17
4.736723024639174e+03 4.261092621693887e-16 1.547087095488832e-17
4.737813820999546e+03 4.183944334357730e-16 1.532487804693118e-17
4.738904868553976e+03 4.142149786256416e-16 1.523364673638303e-17
4.739996167360320e+03 4.190802565771716e-16 1.559858660652705e-17
4.741087717476432e+03 4.162092862654886e-16 1.568420712443371e-17
4.742179518960181e+03 4.360626211065089e-16 1.588353897821970e-17
4.743271571869461e+03 4.103581801748424e-16 1.528807368585915e-17
4.744363876262164e+03 4.301651004102528e-16 1.691559022788322e-17
4.745456432196212e+03 4.461860908939942e-16 1.754503760496163e-17
4.746549239729520e+03 4.297841685578685e-16 1.756552729244152e-17
4.747642298920039e+03 4.532750746080023e-16 1.813202031469334e-17
4.748735609825712e+03 4.389568197996118e-16 1.802084466842611e-17
4.749829172504515e+03 4.351882507342165e-16 1.755730068639790e-17
4.750922987014416e+03 4.161660419495607e-16 1.716841878323658e-17
4.752017053413420e+03 4.239980019091801e-16 1.730122160564009e-17
4.753111371759523e+03 4.535721811852463e-16 1.638874955310813e-17
4.754205942110752e+03 4.411779275044007e-16 1.577025633421910e-17
4.755300764525135e+03 4.539862045115170e-16 1.562085507956144e-17
4.756395839060723e+03 4.285965207213135e-16 1.527191165448528e-17
4.757491165775569e+03 4.076019715626331e-16 1.499212532941954e-17
4.758586744727755e+03 4.044600075080644e-16 1.496038429747133e-17
4.759682575975359e+03 4.218696714098272e-16 1.519544670226627e-17
4.760778659576489e+03 4.203900803914683e-16 1.536677504631824e-17
4.761874995589254e+03 4.076433779875209e-16 1.537858060509734e-17
4.762971584071776e+03 4.056518993984949e-16 1.533349434891491e-17
4.764068425082204e+03 3.946774162878746e-16 1.520278970397032e-17
4.765165518678682e+03 4.071034016175826e-16 1.540737995034619e-17
4.766262864919387e+03 4.112741573441523e-16 1.550812250935182e-17
4.767360463862488e+03 3.931294436699932e-16 1.528276589202314e-17
4.768458315566190e+03 3.971431021208504e-16 1.509244572264129e-17
4.769556420088690e+03 4.297661397149773e-16 1.545706767574477e-17
4.770654777488217e+03 4.419519532646120e-16 1.586732412062099e-17
4.771753387822996e+03 4.245485453975519e-16 1.591783734604492e-17
4.772852251151284e+03 4.150143609165911e-16 1.559489911263106e-17
4.773951367531331e+03 4.193769346796537e-16 1.558785455794237e-17
4.775050737021422e+03 4.393040076861197e-16 1.567167488320001e-17
4.776150359679833e+03 4.341220746280044e-16 1.549795263417993e-17
4.777250235564877e+03 4.371458784194080e-16 1.559359164741436e-17
4.778350364734856e+03 4.382277674045819e-16 1.548323385141399e-17
4.779450747248109e+03 4.347033047917081e-16 1.546728798401850e-17
4.780551383162968e+03 4.513606113910532e-16 1.579420839506296e-17
4.781652272537795e+03 4.525408673061953e-16 1.575585229522956e-17
4.782753415430956e+03 4.275151963405077e-16 1.535522619321661e-17
4.783854811900826e+03 4.186783756786975e-16 1.526463137075781e-17
4.784956462005804e+03 4.388094342680902e-16 1.526299005150559e-17
4.786058365804305e+03 4.031144740450618e-16 1.498496929664837e-17
4.787160523354745e+03 4.381954649365291e-16 1.556175610338110e-17
4.788262934715555e+03 4.172292073820217e-16 1.536762172285688e-17
4.789365599945193e+03 3.947817252276591e-16 1.509563076699095e-17
4.790468519102110e+03 4.085324133151999e-16 1.519871534374963e-17
4.791571692244795e+03 4.107830500759345e-16 1.512489700665311e-17
4.792675119431724e+03 3.892940742396181e-16 1.487697216266309e-17
4.793778800721411e+03 4.227875914064292e-16 1.528193024987201e-17
4.794882736172362e+03 4.610701718582417e-16 1.588157874913040e-17
4.795986925843115e+03 4.386363382800674e-16 1.546084168050610e-17
4.797091369792206e+03 4.400463145879420e-16 1.568683040040085e-17
4.798196068078199e+03 4.399359177224570e-16 1.547377505455218e-17
4.799301020759655e+03 4.115964718628349e-16 1.508795410272565e-17
4.800406227895168e+03 4.426853489337385e-16 1.529425713627621e-17
4.801511689543323e+03 4.494126761574738e-16 1.524312185321995e-17
4.802617405762742e+03 4.386516966052088e-16 1.507606280252512e-17
4.803723376612039e+03 4.294137873827769e-16 1.490835684586924e-17
4.804829602149861e+03 4.292288044290350e-16 1.494990896243001e-17
4.805936082434849e+03 4.358950225477734e-16 1.529152086110801e-17
4.807042817525677e+03 4.285161182565356e-16 1.540986450564998e-17
4.808149807481019e+03 4.359948237570251e-16 1.565108312582102e-17
4.809257052359560e+03 4.393551835803489e-16 1.576697483229970e-17
4.810364552220018e+03 4.237614873573115e-16 1.566698259086748e-17
4.811472307121096e+03 4.424157590929673e-16 1.599401978562089e-17
4.812580317121542e+03 4.385448657761645e-16 1.576038153080702e-17
4.813688582280090e+03 4.287896596119629e-16 1.537854148658485e-17
4.814797102655505e+03 4.503741102762065e-16 1.542773512298477e-17
4.815905878306555e+03 4.396088855837157e-16 1.546731433141962e-17
4.817014909292034e+03 4.405934018787915e-16 1.586859161148210e-17
4.818124195670731e+03 4.783468490172099e-16 1.629930777260760e-17
4.819233737501469e+03 4.297597751772354e-16 1.558651590580236e-17
4.820343534843067e+03 4.401271113743928e-16 1.557073570461019e-17
4.821453587754372e+03 4.300504684454567e-16 1.522226398112352e-17
4.822563896294231e+03 4.686073528129894e-16 1.560965862527860e-17
4.823674460521520e+03 4.179364441753798e-16 1.500943483305620e-17
4.824785280495111e+03 4.105773598664680e-16 1.508574963033282e-17
4.825896356273906e+03 3.891291429470569e-16 1.492105278276370e-17
4.827007687916807e+03 4.599124353027488e-16 1.553425660412522e-17
4.828119275482743e+03 4.295355249669880e-16 1.525026733006631e-17
4.829231119030644e+03 4.356169889437569e-16 1.529242995151070e-17
4.830343218619455e+03 4.205045495285221e-16 1.554221335182248e-17
4.831455574308147e+03 4.328363093272176e-16 1.570990895921100e-17
4.832568186155689e+03 4.301764537285139e-16 1.533930994471329e-17
4.833681054221076e+03 4.194958845938879e-16 1.493280997881691e-17
4.834794178563306e+03 4.285524126860562e-16 1.495155568194146e-17
4.835907559241402e+03 4.142441483976795e-16 1.470153313187883e-17
4.837021196314386e+03 3.996358469004398e-16 1.465857460999069e-17
4.838135089841311e+03 4.324462472310775e-16 1.509737245623160e-17
4.839249239881226e+03 4.399089984708578e-16 1.512928465904689e-17
4.840363646493210e+03 3.945210558828773e-16 1.471445087038527e-17
4.841478309736339e+03 4.181262733050543e-16 1.496760872918855e-17
4.842593229669722e+03 4.225424909487680e-16 1.505081890957425e-17
4.843708406352460e+03 4.169054044036230e-16 1.489832030572396e-17
4.844823839843688e+03 4.202869877119951e-16 1.488922340881437e-17
4.845939530202536e+03 4.119086668834418e-16 1.465532496920753e-17
4.847055477488167e+03 4.093944438235750e-16 1.458845718934484e-17
4.848171681759736e+03 4.261506417148232e-16 1.473510460147146e-17
4.849288143076435e+03 4.383026035566943e-16 1.492251170537961e-17
4.850404861497451e+03 4.345776981005859e-16 1.503162091532378e-17
4.851521837081987e+03 4.126901433933918e-16 1.501124944391281e-17
4.852639069889273e+03 4.376153464596769e-16 1.531700725099947e-17
4.853756559978535e+03 4.228515843691200e-16 1.517178773289791e-17
4.854874307409030e+03 4.511399760424709e-16 1.524166508264761e-17
4.855992312240011e+03 4.120782204231565e-16 1.470304683324057e-17
4.857110574530762e+03 3.881088101334425e-16 1.420250330935952e-17
4.858229094340563e+03 3.910765048654817e-16 1.406377355254403e-17
4.859347871728727e+03 3.817597555872728e-16 1.395324383861421e-17
4.860466906754560e+03 3.807782557676667e-16 1.414661734796853e-17
4.861586199477403e+03 3.843722331575630e-16 1.430766288202202e-17
4.862705749956588e+03 3.873765072495056e-16 1.471439118581215e-17
4.863825558251484e+03 3.633612658950328e-16 1.467430685046337e-17
4.864945624421451e+03 3.655270652925289e-16 1.457903775573222e-17
4.866065948525885e+03 3.723472264466600e-16 1.409491385477760e-17
4.867186530624173e+03 4.102036855633439e-16 1.440813227489033e-17
4.868307370775738e+03 4.040018394649173e-16 1.439449021641715e-17
4.869428469039996e+03 3.810626685542056e-16 1.439537046933285e-17
4.870549825476396e+03 4.056238349546450e-16 1.517880123748589e-17
4.871671440144381e+03 4.007556619953324e-16 1.586110010275907e-17
4.872793313103429e+03 4.040664414978345e-16 1.613712939706727e-17
4.873915444413008e+03 4.033139740228908e-16 1.591978406217441e-17
4.875037834132626e+03 4.102917340530323e-16 1.550796227755669e-17
4.876160482321783e+03 3.956199504592248e-16 1.472050180496159e-17
4.877283389039996e+03 4.001944188265763e-16 1.463011227619093e-17
4.878406554346812e+03 4.214487226195683e-16 1.476904511867057e-17
4.879529978301769e+03 4.299775744621216e-16 1.498223221949197e-17
4.880653660964440e+03 4.048401448297264e-16 1.491335511576601e-17
4.881777602394391e+03 4.261933397613788e-16 1.522163479352943e-17
4.882901802651222e+03 4.427824404010800e-16 1.558332537725459e-17
4.884026261794528e+03 4.025537424325719e-16 1.518958398582653e-17
4.885150979883937e+03 4.131294911058705e-16 1.485531605325301e-17
4.886275956979069e+03 4.120053117276415e-16 1.463232369108136e-17
4.887401193139579e+03 4.021097859845304e-16 1.439861985062788e-17
4.888526688425118e+03 3.865656535777907e-16 1.415634006784262e-17
4.889652442895366e+03 3.640232787988787e-16 1.408147054901870e-17
4.890778456610002e+03 3.925294751099754e-16 1.437920813984690e-17
4.891904729628734e+03 3.823483888973406e-16 1.438632531865059e-17
4.893031262011266e+03 3.990114834641172e-16 1.453411552865337e-17
4.894158053817338e+03 4.284188734953878e-16 1.485913407241752e-17
4.895285105106677e+03 4.249602453979101e-16 1.499846301368307e-17
4.896412415939053e+03 4.260872254478505e-16 1.514215907851607e-17
4.897539986374226e+03 4.505984551314600e-16 1.538569169430452e-17
4.898667816471975e+03 4.291151085444738e-16 1.518878942330993e-17
4.899795906292108e+03 4.602990889062671e-16 1.555900068528500e-17
4.900924255894422e+03 4.594150071668185e-16 1.566595380466310e-17
4.902052865338755e+03 4.362714109794240e-16 1.551602684116495e-17
4.903181734684930e+03 4.561965025289109e-16 1.543229029862451e-17
4.904310863992812e+03 4.416070673953847e-16 1.506298686914236e-17
4.905440253322255e+03 4.204922914154447e-16 1.482098295673901e-17
4.906569902733148e+03 4.773784927032451e-16 1.551461077113697e-17
4.907699812285375e+03 4.333394026646987e-16 1.527895182227966e-17
4.908829982038851e+03 4.342545557143295e-16 1.523538430354535e-17
4.909960412053488e+03 4.280010054897052e-16 1.522607499895713e-17
4.911091102389229e+03 3.956624336699774e-16 1.477013791645862e-17
4.912222053106011e+03 4.074271836627798e-16 1.470567529844602e-17
4.913353264263809e+03 4.458470506380582e-16 1.500623436858050e-17
4.914484735922587e+03 4.035566084899357e-16 1.451075617034138e-17
4.915616468142344e+03 4.407246975998590e-16 1.478211353369659e-17
4.916748460983074e+03 4.271006143617134e-16 1.481452130151460e-17
4.917880714504804e+03 4.411943865827968e-16 1.512505198244178e-17
4.919013228767561e+03 4.113576197286475e-16 1.498382131010116e-17
4.920146003831381e+03 4.137801658145536e-16 1.484468301374345e-17
4.921279039756337e+03 4.186467401047214e-16 1.473559281416994e-17
4.922412336602489e+03 4.062806722277079e-16 1.465141905998121e-17
4.923545894429934e+03 4.009046873377304e-16 1.492783820055123e-17
4.924679713298761e+03 4.156148531486713e-16 1.536324606467762e-17
4.925813793269096e+03 4.286881803287478e-16 1.541108593842203e-17
4.926948134401056e+03 3.877575217409340e-16 1.471197231858415e-17
4.928082736754791e+03 4.283803747652672e-16 1.496655064580339e-17
4.929217600390448e+03 4.673708693513841e-16 1.534734777080208e-17
4.930352725368206e+03 4.704269691257419e-16 1.538236272817485e-17
4.931488111748238e+03 4.494090749068462e-16 1.509633384117505e-17
4.932623759590751e+03 4.561556772437778e-16 1.518475967440516e-17
4.933759668955947e+03 4.399610535664717e-16 1.491152068183648e-17
4.934895839904058e+03 4.268429031120303e-16 1.516838234111881e-17
4.936032272495317e+03 4.219069712275959e-16 1.482239564673991e-17
4.937168966789983e+03 4.484601417879078e-16 1.502341941970492e-17
4.938305922848312e+03 4.112520325881519e-16 1.468906739199990e-17
4.939443140730597e+03 4.033723094554506e-16 1.449736019602136e-17
4.940580620497125e+03 4.140490348130944e-16 1.467308325896054e-17
4.941718362208200e+03 4.119769467761798e-16 1.472724244285993e-17
4.942856365924149e+03 4.492466072102084e-16 1.524274900535476e-17
4.943994631705312e+03 4.402223726058952e-16 1.525794975911201e-17
4.945133159612034e+03 4.565992063005444e-16 1.527649456340918e-17
4.946271949704674e+03 4.373589748236919e-16 1.504078910511541e-17
4.947411002043618e+03 4.794599775917775e-16 1.546410970739459e-17
4.948550316689249e+03 4.576983247142642e-16 1.527731395422169e-17
4.949689893701983e+03 4.490427690710805e-16 1.528620755080317e-17
4.950829733142228e+03 4.580057552363394e-16 1.530566699649108e-17
4.951969835070428e+03 4.640303967668060e-16 1.534666905950117e-17
4.953110199547017e+03 4.846853675135611e-16 1.567789572851350e-17
4.954250826632469e+03 4.623482749784540e-16 1.561865683486477e-17
4.955391716387249e+03 4.702938943972910e-16 1.584092867618188e-17
4.956532868871855e+03 4.393156068526026e-16 1.533362116445916e-17
4.957674284146779e+03 4.224523877204083e-16 1.491345908366773e-17
4.958815962272548e+03 3.948448977263815e-16 1.452188196621570e-17
4.959957903309682e+03 4.459587327835970e-16 1.501262696036691e-17
4.961100107318739e+03 4.281876859455835e-16 1.478382065099877e-17
4.962242574360264e+03 4.385106181379398e-16 1.493740301616922e-17
4.963385304494840e+03 4.257401084216320e-16 1.482505073582506e-17
4.964528297783045e+03 4.411268046125377e-16 1.518565028296147e-17
4.965671554285487e+03 4.217984085993827e-16 1.533186061954960e-17
4.966815074062777e+03 4.323277047189929e-16 1.547965959863327e-17
4.967958857175538e+03 4.087296504903347e-16 1.461416453090853e-17
4.969102903684422e+03 4.444125334771791e-16 1.491098564168364e-17
4.970247213650075e+03 4.218203563710900e-16 1.467587200300067e-17
4.971391787133176e+03 4.213660874137270e-16 1.493679368465180e-17
4.972536624194401e+03 4.309898292467645e-16 1.542780717473846e-17
4.973681724894458e+03 4.169089071500653e-16 1.541580065298212e-17
4.974827089294048e+03 4.521811896100965e-16 1.565290444733067e-17
4.975972717453908e+03 4.482545476807351e-16 1.544759894104484e-17
4.977118609434769e+03 4.225656447898574e-16 1.503599073425912e-17
4.978264765297391e+03 4.486314061049079e-16 1.532589794467687e-17
4.979411185102536e+03 4.368030489384491e-16 1.532898235273402e-17
4.980557868910995e+03 4.248817457640520e-16 1.520039310271027e-17
4.981704816783554e+03 4.103975666833156e-16 1.474830860023671e-17
4.982852028781032e+03 3.763713215054257e-16 1.426259165521697e-17
4.983999504964244e+03 3.974925223380210e-16 1.427821847062896e-17
4.985147245394037e+03 4.028199008138786e-16 1.444870792831999e-17
4.986295250131255e+03 4.028521162151214e-16 1.439061008673784e-17
4.987443519236772e+03 3.990856536313898e-16 1.452930536854630e-17
4.988592052771464e+03 4.201078495644848e-16 1.476368361281011e-17
4.989740850796220e+03 4.222964157563659e-16 1.475615447397035e-17
4.990889913371959e+03 4.258161693115718e-16 1.467090080683994e-17
4.992039240559590e+03 4.073065507970068e-16 1.456330478265543e-17
4.993188832420063e+03 4.141662988980372e-16 1.478477749153819e-17
4.994338689014317e+03 4.320692070414428e-16 1.527864575504592e-17
4.995488810403324e+03 4.547744378725013e-16 1.538617822496853e-17
4.996639196648055e+03 4.137102465444718e-16 1.484997866847517e-17
4.997789847809511e+03 4.106111868764068e-16 1.480954059777655e-17
4.998940763948689e+03 3.950253681401582e-16 1.503593783657846e-17
5.000091945126620e+03 4.052164518015304e-16 1.536779609985425e-17
5.001243391404326e+03 4.018065325023298e-16 1.495638338891772e-17
5.002395102842867e+03 3.954011133148994e-16 1.448379687250285e-17
5.003547079503296e+03 4.014413704184877e-16 1.441455053281085e-17
5.004699321446699e+03 4.141719492838122e-16 1.461965196713836e-17
5.005851828734159e+03 4.237691292443359e-16 1.475773618663941e-17
5.007004601426786e+03 4.335598760827267e-16 1.508342715171107e-17
5.008157639585693e+03 4.442048561690369e-16 1.527821891166691e-17
5.009310943272021e+03 4.364545023407912e-16 1.501235784210321e-17
5.010464512546912e+03 4.072597582580775e-16 1.458790397602794e-17
5.011618347471524e+03 4.030398073336669e-16 1.455954892504417e-17
5.012772448107038e+03 4.167456733082568e-16 1.487795634025080e-17
5.013926814514638e+03 3.827788913653428e-16 1.445262773554745e-17
5.015081446755535e+03 3.939561478191300e-16 1.452056342309656e-17
5.016236344890936e+03 3.823759310793069e-16 1.410014451404993e-17
5.017391508982084e+03 3.701336215474104e-16 1.382224675236313e-17
5.018546939090213e+03 3.667191382466670e-16 1.397616937571760e-17
5.019702635276593e+03 4.196749377607514e-16 1.483273329627772e-17
5.020858597602490e+03 4.239130443637772e-16 1.498635856809119e-17
5.022014826129200e+03 3.954016001077017e-16 1.450219171010695e-17
5.023171320918013e+03 4.044260358521420e-16 1.466604787867861e-17
5.024328082030261e+03 4.074074529632356e-16 1.477391863913696e-17
5.025485109527258e+03 3.925835623624376e-16 1.443117987087493e-17
5.026642403470362e+03 4.092635762084270e-16 1.433295030204370e-17
5.027799963920922e+03 3.973774314661345e-16 1.411435959237386e-17
5.028957790940319e+03 3.990275526231708e-16 1.432660378302678e-17
5.030115884589930e+03 4.074504831863662e-16 1.460867663805582e-17
5.031274244931165e+03 4.548149517507315e-16 1.501125299934680e-17
5.032432872025432e+03 4.249811904334350e-16 1.464132272892220e-17
5.033591765934168e+03 4.354779938330045e-16 1.462075152206654e-17
5.034750926718807e+03 4.165879352157585e-16 1.448668667250875e-17
5.035910354440815e+03 4.338598469548612e-16 1.473657843669532e-17
5.037070049161662e+03 4.297247404477015e-16 1.479901628242286e-17
5.038230010942827e+03 3.786430265917401e-16 1.416818567554960e-17
5.039390239845819e+03 3.986035324252377e-16 1.425204296958734e-17
5.040550735932143e+03 3.744459727659016e-16 1.380718978529983e-17
5.041711499263338e+03 4.008440761422393e-16 1.432609817115598e-17
5.042872529900936e+03 3.735247881852311e-16 1.427023359440841e-17
5.044033827906503e+03 3.920401228414861e-16 1.455826222313509e-17
5.045195393341601e+03 4.224665511249974e-16 1.482079439046770e-17
5.046357226267824e+03 4.281936103747324e-16 1.488100360557609e-17
5.047519326746761e+03 4.136077830787036e-16 1.464863663867665e-17
5.048681694840036e+03 4.199083758638797e-16 1.470504501668758e-17
5.049844330609268e+03 4.143013677833193e-16 1.445650173839999e-17
5.051007234116106e+03 3.840009269533114e-16 1.439347039972973e-17
5.052170405422197e+03 4.207790615929504e-16 1.485698862100846e-17
5.053333844589223e+03 4.009672905753671e-16 1.451956174428310e-17
5.054497551678856e+03 4.158539044813745e-16 1.464225458830244e-17
5.055661526752805e+03 4.167256949191529e-16 1.446941123096700e-17
5.056825769872774e+03 4.313307911995809e-16 1.465508182463716e-17
5.057990281100499e+03 4.231208166295038e-16 1.459996965671206e-17
5.059155060497716e+03 4.399644612098949e-16 1.482113965774339e-17
5.060320108126176e+03 4.538464597364433e-16 1.488670284332230e-17
5.061485424047657e+03 4.310049325464623e-16 1.465243855776355e-17
5.062651008323935e+03 4.139498033091671e-16 1.445429894734549e-17
5.063816861016819e+03 4.079405475028467e-16 1.447599495768335e-17
5.064982982188109e+03 4.113944554645017e-16 1.467102584470289e-17
5.066149371899641e+03 4.178510105659226e-16 1.482612677336013e-17
5.067316030213247e+03 4.051569029986325e-16 1.454031138315474e-17
5.068482957190793e+03 3.974036756560894e-16 1.427327420789674e-17
5.069650152894136e+03 4.081961631875882e-16 1.422221581806240e-17
5.070817617385173e+03 4.119155164479421e-16 1.446898004052999e-17
5.071985350725788e+03 4.078993426858050e-16 1.453177869625494e-17
5.073153352977904e+03 4.120298853506697e-16 1.444161292081382e-17
5.074321624203440e+03 4.091084291626987e-16 1.434323359989660e-17
5.075490164464344e+03 3.971735332590338e-16 1.418025180969880e-17
5.076658973822560e+03 4.222336443372970e-16 1.442313900455361e-17
5.077828052340070e+03 3.944769585266375e-16 1.430854206858716e-17
5.078997400078845e+03 4.182665013969994e-16 1.432299784875022e-17
5.080167017100893e+03 3.904630090939855e-16 1.401114677080191e-17
5.081336903468222e+03 4.020244640959653e-16 1.463074336282432e-17
5.082507059242853e+03 4.111011624880723e-16 1.496674872690913e-17
5.083677484486834e+03 4.210743600985711e-16 1.472767589583414e-17
5.084848179262212e+03 3.808766637617110e-16 1.430376991181429e-17
5.086019143631068e+03 4.321861052065206e-16 1.487841529910335e-17
5.087190377655471e+03 4.141247472342047e-16 1.457184946172305e-17
5.088361881397532e+03 4.257167421529641e-16 1.478624917429092e-17
5.089533654919350e+03 4.349095234705382e-16 1.480755133710554e-17
5.090705698283065e+03 4.355817203629216e-16 1.481780755245186e-17
5.091878011550803e+03 4.483820684819252e-16 1.499577739988125e-17
5.093050594784732e+03 4.495961217739264e-16 1.506028276974396e-17
5.094223448047011e+03 4.352765807940119e-16 1.474787266999027e-17
5.095396571399833e+03 4.239703859275690e-16 1.466494652877987e-17
5.096569964905385e+03 4.127451811275289e-16 1.435728956556743e-17
5.097743628625892e+03 4.118715484307907e-16 1.449420202290208e-17
5.098917562623566e+03 4.174904378526981e-16 1.463704346110338e-17
5.100091766960661e+03 4.194588638369315e-16 1.443976658810381e-17
5.101266241699421e+03 3.755687509805798e-16 1.400942072043212e-17
5.102440986902126e+03 3.959510361164872e-16 1.413781818603987e-17
5.103616002631054e+03 4.000590739892907e-16 1.457006558936241e-17
5.104791288948499e+03 4.035562288391971e-16 1.464455135003254e-17
5.105966845916777e+03 3.921911360440290e-16 1.445643322428842e-17
5.107142673598222e+03 4.022161350787748e-16 1.435918896081298e-17
5.108318772055170e+03 4.275542472171993e-16 1.478245876274093e-17
5.109495141349968e+03 4.144356474860978e-16 1.464875950845841e-17
5.110671781545001e+03 3.920658453339037e-16 1.438104763767427e-17
5.111848692702640e+03 4.058287302288298e-16 1.435621928979202e-17
5.113025874885295e+03 4.052426276330900e-16 1.437242762922206e-17
5.114203328155367e+03 4.031332007685321e-16 1.446057670777897e-17
5.115381052575296e+03 4.196201260170295e-16 1.504291835449738e-17
5.116559048207511e+03 4.532247172888289e-16 1.650198947416579e-17
5.117737315114482e+03 4.020684453627810e-16 1.838704257240905e-17
5.118915853358666e+03 3.662117998154018e-16 1.871164304141524e-17
5.120094663002559e+03 4.229941604150305e-16 1.702525272919219e-17
5.121273744108651e+03 4.450134734662819e-16 1.558322520469809e-17
5.122453096739465e+03 4.345631823606238e-16 1.512281888034759e-17
5.123632720957518e+03 4.057331923573112e-16 1.448284904545716e-17
5.124812616825366e+03 3.772612994787711e-16 1.428278277710702e-17
5.125992784405551e+03 3.930389750708885e-16 1.448851263475991e-17
5.127173223760658e+03 3.766259053254585e-16 1.437609851130224e-17
5.128353934953260e+03 3.804229237163860e-16 1.426531162861262e-17
5.129534918045971e+03 3.959690900133414e-16 1.420617748045616e-17
5.130716173101397e+03 3.921526809440989e-16 1.421958880828499e-17
5.131897700182162e+03 3.844044963551660e-16 1.419654401947368e-17
5.133079499350922e+03 4.082084796638053e-16 1.456677327546280e-17
5.134261570670323e+03 4.077442696427575e-16 1.465718830796231e-17
5.135443914203046e+03 4.126186589153055e-16 1.475142789968430e-17
5.136626530011770e+03 4.074308476196056e-16 1.463337280058276e-17
5.137809418159205e+03 3.942611860620678e-16 1.463055067194392e-17
5.138992578708057e+03 4.041999727388209e-16 1.481771050821755e-17
5.140176011721066e+03 4.270460424053271e-16 1.498614803194708e-17
5.141359717260964e+03 4.040792182929507e-16 1.479795454084427e-17
5.142543695390524e+03 3.904213622085203e-16 1.460057566801543e-17
5.143727946172507e+03 4.104443101479438e-16 1.465594847235201e-17
5.144912469669711e+03 4.124264983340587e-16 1.456314952982730e-17
5.146097265944927e+03 4.045871202873446e-16 1.440011810643764e-17
5.147282335060984e+03 3.852395470372305e-16 1.397932075963843e-17
5.148467677080702e+03 3.727332885881621e-16 1.383675061162294e-17
5.149653292066937e+03 3.864921515745146e-16 1.400390328030647e-17
5.150839180082537e+03 3.889360701611449e-16 1.427737577233674e-17
5.152025341190390e+03 4.157727265456756e-16 1.457011038611332e-17
5.153211775453378e+03 3.931498308313802e-16 1.422857263713471e-17
5.154398482934400e+03 3.934001411455290e-16 1.409398908429580e-17
5.155585463696384e+03 4.123276270282759e-16 1.423775842931650e-17
5.156772717802252e+03 4.079032021915817e-16 1.426344276481451e-17
5.157960245314963e+03 3.916027392244629e-16 1.427058680797055e-17
5.159148046297466e+03 4.464539763716197e-16 1.497693496070145e-17
5.160336120812747e+03 4.234269447816030e-16 1.476711958541514e-17
5.161524468923789e+03 4.267458208557122e-16 1.460951718517634e-17
5.162713090693604e+03 4.042360170720189e-16 1.425122288487381e-17
5.163901986185205e+03 3.712881810002765e-16 1.371738220239616e-17
5.165091155461633e+03 3.582951725433835e-16 1.366369371062584e-17
5.166280598585928e+03 3.455765422189186e-16 1.352365897182552e-17
5.167470315621163e+03 3.704908782346320e-16 1.390216156294345e-17
5.168660306630403e+03 3.120561479727367e-16 1.316129877834781e-17
5.169850571676754e+03 2.878038837072689e-16 1.261929030215651e-17
5.171041110823311e+03 2.871629667138228e-16 1.245647831775791e-17
5.172231924133205e+03 3.315626649346591e-16 1.299178527528522e-17
5.173423011669562e+03 3.391168887312568e-16 1.340999414462070e-17
5.174614373495541e+03 3.225094475291989e-16 1.340062428190257e-17
5.175806009674305e+03 3.259561985045266e-16 1.331818541286623e-17
5.176997920269025e+03 3.476901944328355e-16 1.357957469284084e-17
5.178190105342906e+03 3.623525788102502e-16 1.402114035492858e-17
5.179382564959147e+03 3.698177819029321e-16 1.424896313525218e-17
5.180575299180980e+03 3.684131287156411e-16 1.396660817428723e-17
5.181768308071633e+03 3.572090561422157e-16 1.347657352860401e-17
5.182961591694369e+03 3.403436893003742e-16 1.321160765916146e-17
5.184155150112444e+03 3.525625754252724e-16 1.328045598529617e-17
5.185348983389149e+03 3.406311680146313e-16 1.336300611280447e-17
5.186543091587769e+03 3.479684672469400e-16 1.343479141474800e-17
5.187737474771627e+03 3.850926644089528e-16 1.383525154739930e-17
5.188932133004036e+03 3.820622121090914e-16 1.387996769882469e-17
5.190127066348344e+03 3.935746016317613e-16 1.405590784299845e-17
5.191322274867899e+03 4.007117125965202e-16 1.425389826162393e-17
5.192517758626078e+03 3.935882094315909e-16 1.446736992850733e-17
5.193713517686253e+03 3.907723884886610e-16 1.433443420328438e-17
5.194909552111833e+03 3.827937615824190e-16 1.411687714946882e-17
5.196105861966221e+03 3.852013268718514e-16 1.409366663803025e-17
5.197302447312854e+03 3.725544474967437e-16 1.426738581550548e-17
5.198499308215164e+03 4.069913633932442e-16 1.508051578413543e-17
5.199696444736616e+03 4.168212057284708e-16 1.480248767145325e-17
5.200893856940672e+03 4.121901785674662e-16 1.473011561602206e-17
5.202091544890827e+03 4.234372428032021e-16 1.493847303726257e-17
5.203289508650578e+03 4.181616319603770e-16 1.502545606669369e-17
5.204487748283431e+03 3.852807734419689e-16 1.439039238307027e-17
5.205686263852929e+03 3.747704190218419e-16 1.392528296801034e-17
5.206885055422606e+03 3.800166203155042e-16 1.387810743683471e-17
5.208084123056027e+03 3.725095631404164e-16 1.380900219884071e-17
5.209283466816760e+03 3.651832518001654e-16 1.373192535957492e-17
5.210483086768400e+03 3.862405403065732e-16 1.408328685515187e-17
5.211682982974541e+03 3.980044562959676e-16 1.426264155905464e-17
5.212883155498810e+03 4.107433407936099e-16 1.454520655446235e-17
5.214083604404827e+03 4.057686564092438e-16 1.478798576304765e-17
5.215284329756253e+03 4.122302389181712e-16 1.485332811799374e-17
5.216485331616735e+03 4.183874811332821e-16 1.467167313021948e-17
5.217686610049961e+03 4.413335229665580e-16 1.492064947350291e-17
5.218888165119611e+03 4.425379652805976e-16 1.502150109547932e-17
5.220089996889400e+03 4.324194513082851e-16 1.495596240884792e-17
5.221292105423037e+03 4.452883288026459e-16 1.503238651289042e-17
5.222494490784269e+03 4.576405313855205e-16 1.534815848597054e-17
5.223697153036834e+03 4.142890477933695e-16 1.596114167464870e-17
5.224900092244507e+03 4.497808858363041e-16 2.533903380747829e-17
5.226103308471059e+03 5.569560989903646e-16 7.374609408171366e-17
5.227306801780280e+03 7.168043446461141e-16 1.078332878675029e-16
5.228510572235987e+03 -2.344364797931912e-17 8.971291914100189e-17
5.229714619901994e+03 5.237970791314499e-16 3.061041503925237e-17
5.230918944842148e+03 4.167632814308624e-16 1.651096347184077e-17
5.232123547120292e+03 4.116585041227182e-16 1.462870474413197e-17
5.233328426800300e+03 4.117963183624689e-16 1.449878280933783e-17
5.234533583946045e+03 4.340064493688338e-16 1.505141459269106e-17
5.235739018621435e+03 4.491950303614767e-16 1.511339580229852e-17
5.236944730890369e+03 4.465890686717654e-16 1.506499217007219e-17
5.238150720816782e+03 4.291457761274238e-16 1.505303383889837e-17
5.239356988464606e+03 4.493312167057411e-16 1.525152152912262e-17
5.240563533897805e+03 4.581034506218177e-16 1.514832207081961e-17
5.241770357180339e+03 4.405823598386226e-16 1.488642242319535e-17
5.242977458376204e+03 4.739780295829247e-16 1.509056955939754e-17
5.244184837549387e+03 4.458339247942690e-16 1.488187913775596e-17
5.245392494763913e+03 4.653133913969780e-16 1.525669668718047e-17
5.246600430083801e+03 4.172013006742103e-16 1.476099666380769e-17
5.247808643573105e+03 4.328703898290758e-16 1.476337958910727e-17
5.249017135295878e+03 4.300182995101590e-16 1.455596034397614e-17
5.250225905316185e+03 4.518250339221762e-16 1.488168975663933e-17
5.251434953698128e+03 4.443598493511207e-16 1.509708397813329e-17
5.252644280505797e+03 4.634867208040267e-16 1.600189540566470e-17
5.253853885803322e+03 4.307219985407199e-16 1.542480519049397e-17
5.255063769654821e+03 4.049847201169820e-16 1.487386364821541e-17
5.256273932124453e+03 4.373336426915586e-16 1.516744402389358e-17
5.257484373276371e+03 4.458982756346081e-16 1.533105577316825e-17
5.258695093174760e+03 4.469028065574286e-16 1.530563623724703e-17
5.259906091883799e+03 4.475094635676455e-16 1.539618511355388e-17
5.261117369467707e+03 4.454393615674150e-16 1.528859470790849e-17
5.262328925990694e+03 4.228978498729455e-16 1.500196745115300e-17
5.263540761517005e+03 3.969099710619496e-16 1.458687120782853e-17
5.264752876110881e+03 3.804218400281963e-16 1.411350902679370e-17
5.265965269836594e+03 3.775403892540113e-16 1.398411588004798e-17
5.267177942758420e+03 3.775178548883851e-16 1.373714072902284e-17
5.268390894940658e+03 3.651047570605447e-16 1.367299477173787e-17
5.269604126447609e+03 3.526405492413452e-16 1.358238772564480e-17
5.270817637343608e+03 3.981158864382420e-16 1.431799800216903e-17
5.272031427692990e+03 3.614724312956920e-16 1.375247176026565e-17
5.273245497560103e+03 3.805085345617029e-16 1.383421057079353e-17
5.274459847009320e+03 4.062159230670150e-16 1.431840446122437e-17
5.275674476105030e+03 4.234766264679497e-16 1.475736474274386e-17
5.276889384911627e+03 4.301060951199795e-16 1.508112959710801e-17
5.278104573493519e+03 4.279442655722854e-16 1.496293081051262e-17
5.279320041915143e+03 4.353710278485822e-16 1.466109409283561e-17
5.280535790240933e+03 4.409454572945071e-16 1.492135745108555e-17
5.281751818535357e+03 4.461783655172971e-16 1.518014115690623e-17
5.282968126862877e+03 4.575303154745381e-16 1.544539074511419e-17
5.284184715287991e+03 4.459464761801431e-16 1.524253293537133e-17
5.285401583875189e+03 4.499306266220233e-16 1.528074721493158e-17
5.286618732689002e+03 4.561887056834847e-16 1.547419989344193e-17
5.287836161793949e+03 4.594500822382577e-16 1.576881519893025e-17
5.289053871254588e+03 4.753882969081667e-16 1.584103062899260e-17
5.290271861135470e+03 4.835745279677244e-16 1.590812907141257e-17
5.291490131501184e+03 4.791063497219677e-16 1.565610142096494e-17
5.292708682416307e+03 4.379160355781635e-16 1.522469102916342e-17
5.293927513945459e+03 4.614379192042999e-16 1.551073149524694e-17
5.295146626153250e+03 4.876323168080333e-16 1.579672079828880e-17
5.296366019104326e+03 4.277063203721039e-16 1.508644962292589e-17
5.297585692863328e+03 4.506092270801174e-16 1.522517836664656e-17
5.298805647494934e+03 4.287057968690004e-16 1.479927031959571e-17
5.300025883063816e+03 4.405988263712904e-16 1.518330831157124e-17
5.301246399634665e+03 4.389188992487655e-16 1.524331746739603e-17
5.302467197272205e+03 4.449647389672796e-16 1.566112853041708e-17
5.303688276041149e+03 4.364377668491554e-16 1.562769822892129e-17
5.304909636006248e+03 4.697672409607683e-16 1.578503312858416e-17
5.306131277232246e+03 4.852656834765697e-16 1.580523982091330e-17
5.307353199783925e+03 4.921188793969919e-16 1.596163573508031e-17
5.308575403726059e+03 4.635066129096590e-16 1.556358912269612e-17
5.309797889123458e+03 4.653576594523157e-16 1.571595957720528e-17
5.311020656040927e+03 5.029636178598661e-16 1.610328434502823e-17
5.312243704543307e+03 4.812331203860141e-16 1.609182585140202e-17
5.313467034695431e+03 4.691783637962823e-16 1.604763469742118e-17
5.314690646562170e+03 4.625363993711828e-16 1.618373529009963e-17
5.315914540208388e+03 4.704801127567962e-16 1.656123031841240e-17
5.317138715698985e+03 4.700992405683417e-16 1.672420543029577e-17
5.318363173098855e+03 4.734135612234787e-16 1.659050362372018e-17
5.319587912472927e+03 4.697090140345271e-16 1.636624988682441e-17
5.320812933886128e+03 4.483170729838438e-16 1.584119787201853e-17
5.322038237403415e+03 4.629317523927719e-16 1.610573575047996e-17
5.323263823089748e+03 4.458483711513701e-16 1.606732375137150e-17
5.324489691010102e+03 4.486880333373136e-16 1.630754101701049e-17
5.325715841229479e+03 4.246337982346359e-16 1.670349465376977e-17
5.326942273812881e+03 4.241025217401549e-16 1.704111015873517e-17
5.328168988825341e+03 4.229318430438971e-16 1.705587345517449e-17
5.329395986331887e+03 4.143394346153522e-16 1.700383514713214e-17
5.330623266397586e+03 3.978887428595123e-16 1.697946478720850e-17
5.331850829087494e+03 4.162759267660373e-16 1.743567120933932e-17
5.333078674466708e+03 4.004665304437406e-16 1.758599558506847e-17
5.334306802600315e+03 4.403130801313059e-16 1.732859484681617e-17
5.335535213553439e+03 4.601776317370945e-16 1.693444436777100e-17
5.336763907391201e+03 4.356901553127165e-16 1.626892987372753e-17
5.337992884178753e+03 4.517625264296858e-16 1.651034811299319e-17
5.339222143981247e+03 4.848522497558175e-16 1.751805896839130e-17
5.340451686863864e+03 4.386016923997501e-16 1.599981474912773e-17
5.341681512891783e+03 4.506561306293531e-16 1.599689936957710e-17
5.342911622130222e+03 4.365036224869096e-16 1.581248053773778e-17
5.344142014644386e+03 4.539100720870050e-16 1.589740626010089e-17
5.345372690499521e+03 4.251650301850303e-16 1.524691654448703e-17
5.346603649760872e+03 4.287066948674169e-16 1.514608533846723e-17
5.347834892493695e+03 4.311683539274269e-16 1.521691197232134e-17
5.349066418763284e+03 4.642626999038848e-16 1.556977810551186e-17
5.350298228634919e+03 4.320400930061795e-16 1.561159951793396e-17
5.351530322173920e+03 4.666989859171621e-16 1.614211910525466e-17
5.352762699445605e+03 5.000332549423478e-16 1.655948012516858e-17
5.353995360515319e+03 4.697952985312876e-16 1.624215216920282e-17
5.355228305448408e+03 4.740941904247185e-16 1.629857717242259e-17
5.356461534310251e+03 5.394556848383209e-16 1.699744176641955e-17
5.357695047166224e+03 5.090533849407679e-16 1.723904301993808e-17
5.358928844081736e+03 5.133686725584381e-16 1.728638823348622e-17
5.360162925122192e+03 5.095582312754111e-16 1.728867923980100e-17
5.361397290353030e+03 4.806025674336086e-16 1.620017760762324e-17
5.362631939839685e+03 4.758569158619809e-16 1.602380312524544e-17
5.363866873647630e+03 5.037192455277249e-16 1.634879067835567e-17
5.365102091842326e+03 4.835589653468248e-16 1.631419950361373e-17
5.366337594489276e+03 4.638154525046300e-16 1.601825888342859e-17
5.367573381653972e+03 4.298633182192624e-16 1.542442623609317e-17
5.368809453401947e+03 4.447937962568604e-16 1.539381384026021e-17
5.370045809798726e+03 4.378734300865379e-16 1.519874051879771e-17
5.371282450909867e+03 4.164676165919963e-16 1.496921037847148e-17
5.372519376800928e+03 4.100297934643500e-16 1.486239933283898e-17
5.373756587537498e+03 4.140233344280351e-16 1.525328654983966e-17
5.374994083185169e+03 4.496647992733440e-16 1.591017278790783e-17
5.376231863809545e+03 4.552178822988903e-16 1.616394412578099e-17
5.377469929476265e+03 4.728579061883581e-16 1.618882693930497e-17
5.378708280250956e+03 4.781529795234188e-16 1.610042728959778e-17
5.379946916199286e+03 4.539621852682118e-16 1.590630064018016e-17
5.381185837386916e+03 4.616493839838771e-16 1.621507785408397e-17
5.382425043879543e+03 4.736020564338113e-16 1.656080305075700e-17
5.383664535742857e+03 4.680777630913234e-16 1.663675594011498e-17
5.384904313042587e+03 4.712283845133852e-16 1.620499644999351e-17
5.386144375844453e+03 4.700780188683051e-16 1.607599924039181e-17
5.387384724214212e+03 4.575872351072456e-16 1.589546298906973e-17
5.388625358217616e+03 4.907467341197947e-16 1.647092086620783e-17
5.389866277920452e+03 4.748643032088429e-16 1.640706100203102e-17
5.391107483388503e+03 4.446081898373533e-16 1.591177097952937e-17
5.392348974687586e+03 4.564803339794247e-16 1.583464748777095e-17
5.393590751883513e+03 4.380301123692710e-16 1.571461463584524e-17
5.394832815042134e+03 4.493184157968262e-16 1.583750990635226e-17
5.396075164229289e+03 4.211084267371963e-16 1.582759343190081e-17
5.397317799510858e+03 4.381884101461621e-16 1.618242426642411e-17
5.398560720952719e+03 4.458440707523229e-16 1.613001930459974e-17
5.399803928620764e+03 4.369523026726606e-16 1.589430243731180e-17
5.401047422580918e+03 4.248636050402553e-16 1.572803554624596e-17
5.402291202899100e+03 4.429336967960727e-16 1.627437583154486e-17
5.403535269641264e+03 4.459217900901897e-16 1.672279644997058e-17
5.404779622873358e+03 4.433159890389143e-16 1.681936266944399e-17
5.406024262661367e+03 4.332188773637791e-16 1.715728007563484e-17
5.407269189071269e+03 4.283143709165955e-16 1.786547543191768e-17
5.408514402169083e+03 4.147406687618977e-16 1.753508299203620e-17
5.409759902020814e+03 4.300880777037068e-16 1.704268907403745e-17
5.411005688692511e+03 4.237147089113491e-16 1.639253197944185e-17
5.412251762250211e+03 4.285522942206622e-16 1.641355808408863e-17
5.413498122759993e+03 4.489677135413340e-16 1.679778362545170e-17
5.414744770287924e+03 4.303610389529254e-16 1.649830912194426e-17
5.415991704900113e+03 4.616672407982129e-16 1.713389485340496e-17
5.417238926662661e+03 4.330661012437535e-16 1.690548005065024e-17
5.418486435641702e+03 4.458454934240079e-16 1.692030342444866e-17
5.419734231903370e+03 4.518129781322209e-16 1.694975854705028e-17
5.420982315513831e+03 4.536054893806521e-16 1.695058705922007e-17
5.422230686539252e+03 4.607023837766378e-16 1.705110208563902e-17
5.423479345045815e+03 4.580220996415504e-16 1.704379947622555e-17
5.424728291099735e+03 4.488340658012740e-16 1.742927870495422e-17
5.425977524767216e+03 4.617696023688334e-16 1.813985720856278e-17
5.427227046114504e+03 4.462432593810812e-16 1.868837274842200e-17
5.428476855207837e+03 4.869326444772506e-16 1.948529417390031e-17
5.429726952113488e+03 4.404394864923525e-16 1.866475462273610e-17
5.430977336897725e+03 4.244642576777598e-16 1.788685927913581e-17
5.432228009626854e+03 4.625353088520859e-16 1.781058852925605e-17
5.433478970367172e+03 4.192684380444508e-16 1.738893622941488e-17
5.434730219185017e+03 4.488710496351008e-16 1.777151261893249e-17
5.435981756146716e+03 4.454375275619155e-16 1.768714685640039e-17
5.437233581318636e+03 4.762602665008485e-16 1.806193025339019e-17
5.438485694767136e+03 4.736742798349441e-16 1.824949161647946e-17
5.439738096558613e+03 4.712456082480511e-16 1.837914270950143e-17
5.440990786759457e+03 4.870821440641181e-16 1.859006316874802e-17
5.442243765436097e+03 5.025449527016966e-16 1.868003456037836e-17
5.443497032654950e+03 4.867328140036989e-16 1.863000836315608e-17
5.444750588482478e+03 5.319578849532805e-16 1.909127094272354e-17
5.446004432985134e+03 4.440974192944167e-16 1.801651267605147e-17
5.447258566229393e+03 4.499257863854670e-16 1.865413068187638e-17
5.448512988281752e+03 4.775532671968320e-16 1.970898700750468e-17
5.449767699208725e+03 4.643047456702351e-16 1.921411064806652e-17
5.451022699076830e+03 4.079386406383832e-16 1.832929707971629e-17
5.452277987952601e+03 4.410377823632687e-16 1.828993493466912e-17
5.453533565902601e+03 4.499530041537069e-16 1.894855172456428e-17
5.454789432993390e+03 4.583577656623438e-16 1.907592560894271e-17
5.456045589291564e+03 4.376598218696525e-16 1.853284843551888e-17
5.457302034863713e+03 4.324598684144244e-16 1.911723484241852e-17
5.458558769776461e+03 4.804390501217867e-16 1.925889354995869e-17
5.459815794096428e+03 4.400636935645273e-16 1.870232990752354e-17
5.461073107890275e+03 4.609059370782066e-16 1.879523024924505e-17
5.462330711224648e+03 4.754525808673430e-16 1.879859995955014e-17
5.463588604166236e+03 4.720976654914110e-16 1.868341280524306e-17
5.464846786781721e+03 4.424661280463537e-16 1.853094106234896e-17
5.466105259137822e+03 4.479690337392927e-16 1.849285813680259e-17
5.467364021301250e+03 4.587386601164483e-16 1.880140418144802e-17
5.468623073338754e+03 4.660086328145554e-16 1.853534063304490e-17
5.469882415317078e+03 4.685671010480372e-16 1.873305075415466e-17
5.471142047303001e+03 4.360415252651168e-16 1.866830648861189e-17
5.472401969363296e+03 4.379945374066887e-16 1.834059907195965e-17
5.473662181564775e+03 4.712870711083653e-16 1.872679112484056e-17
5.474922683974247e+03 4.304769337381193e-16 1.813600851712656e-17
5.476183476658537e+03 4.319915969866038e-16 1.817388634251189e-17
5.477444559684503e+03 4.611937351569957e-16 1.848987471064499e-17
5.478705933118993e+03 4.465031381744051e-16 1.781166375570458e-17
5.479967597028896e+03 4.403348014181299e-16 1.763696782816251e-17
5.481229551481094e+03 4.538525175468110e-16 1.738862253979554e-17
5.482491796542505e+03 4.540785230790466e-16 1.767677013087089e-17
5.483754332280040e+03 4.527681072180454e-16 1.761388993597173e-17
5.485017158760650e+03 4.561828091622767e-16 1.803320131623025e-17
5.486280276051277e+03 4.529470299871480e-16 1.777785451749640e-17
5.487543684218899e+03 4.383329073912840e-16 1.726716576346932e-17
5.488807383330494e+03 4.347356104083159e-16 1.736567435479130e-17
5.490071373453070e+03 4.572809804684918e-16 1.742119490591256e-17
5.491335654653632e+03 4.555301401109814e-16 1.748673113996654e-17
5.492600226999222e+03 4.383899087704447e-16 1.739936645583561e-17
5.493865090556877e+03 4.360326160431362e-16 1.726160143782176e-17
5.495130245393667e+03 4.714618584438703e-16 1.756717880324771e-17
5.496395691576658e+03 4.662849611422080e-16 1.787451153932270e-17
5.497661429172957e+03 4.600948561541793e-16 2.063414695651818e-17
5.498927458249664e+03 4.508928805300402e-16 2.077229211408419e-17
5.500193778873898e+03 4.382270454208687e-16 1.951255175995377e-17
5.501460391112809e+03 4.484242879386511e-16 1.736231917676100e-17
5.502727295033540e+03 4.647726236704634e-16 1.726142945614206e-17
5.503994490703272e+03 4.594958555242818e-16 1.708118734684530e-17
5.505261978189180e+03 4.416403394710630e-16 1.644421707811585e-17
5.506529757558475e+03 4.495464136712297e-16 1.628056857068381e-17
5.507797828878364e+03 4.625769782648021e-16 1.704001497368356e-17
5.509066192216089e+03 4.503628088008862e-16 1.698308828436981e-17
5.510334847638885e+03 4.377836976271334e-16 1.674815237164663e-17
5.511603795214028e+03 4.447579741506986e-16 1.537301315471248e-17
5.512873035008784e+03 4.245381201834134e-16 1.533738300195420e-17
5.514142567090457e+03 4.458380020465510e-16 1.545582076804793e-17
5.515412391526347e+03 4.333293259947706e-16 1.568458504543039e-17
5.516682508383790e+03 4.391072419206251e-16 1.616842652682365e-17
5.517952917730114e+03 4.854356291683145e-16 1.793378512469177e-17
5.519223619632686e+03 4.585791750887214e-16 2.292664111574289e-17
5.520494614158867e+03 4.070742811137745e-16 2.789678050878573e-17
5.521765901376054e+03 4.481606948913141e-16 2.406361670739616e-17
5.523037481351645e+03 4.994603944298890e-16 1.828561776670070e-17
5.524309354153050e+03 4.841900410851742e-16 1.954854166825556e-17
5.525581519847717e+03 5.002379080093575e-16 2.417925401745114e-17
5.526853978503081e+03 4.750945624376551e-16 2.314276198395150e-17
5.528126730186618e+03 4.581654647986672e-16 1.833563106381953e-17
5.529399774965798e+03 4.456925794031878e-16 1.557282981243664e-17
5.530673112908126e+03 4.551394536775675e-16 1.525236918731216e-17
5.531946744081105e+03 4.438439612454353e-16 1.520044965966012e-17
5.533220668552270e+03 4.414379767724496e-16 1.508200440102519e-17
5.534494886389152e+03 4.598539808731836e-16 1.517196864071549e-17
5.535769397659321e+03 4.517519203520655e-16 1.510183437315506e-17
5.537044202430340e+03 4.366818030956005e-16 1.523610086278299e-17
5.538319300769806e+03 4.698197803776173e-16 1.537470156473644e-17
5.539594692745315e+03 4.617414590373523e-16 1.503079009715989e-17
5.540870378424498e+03 4.534644841802595e-16 1.514117306930912e-17
5.542146357874977e+03 4.549921373641475e-16 1.571861234995573e-17
5.543422631164418e+03 5.060605853118704e-16 1.669496166836951e-17
5.544699198360473e+03 4.750829082269554e-16 1.673752135114883e-17
5.545976059530836e+03 4.749617833686150e-16 1.584946307653804e-17
5.547253214743197e+03 4.736127377382378e-16 1.529394395457703e-17
5.548530664065276e+03 4.681283819686236e-16 1.491680540621632e-17
5.549808407564794e+03 4.719975917875548e-16 1.517709544990336e-17
5.551086445309506e+03 4.597424136357318e-16 1.513329497948182e-17
5.552364777367167e+03 4.756203116639062e-16 1.511411793628917e-17
5.553643403805547e+03 4.956325538046939e-16 1.499248085291949e-17
5.554922324692448e+03 4.655036034129531e-16 1.475353612492541e-17
5.556201540095667e+03 4.718547814020630e-16 1.476546853775405e-17
5.557481050083037e+03 4.741305983825380e-16 1.480642419988948e-17
5.558760854722385e+03 4.572789470884669e-16 1.469188332979845e-17
5.560040954081578e+03 4.443473331000435e-16 1.504934754730998e-17
5.561321348228472e+03 4.575280011846560e-16 1.506802116474421e-17
5.562602037230965e+03 4.687443732158414e-16 1.490222784584754e-17
5.563883021156946e+03 4.662222200196356e-16 1.498265505239703e-17
5.565164300074342e+03 4.540346758727740e-16 1.501960569430183e-17
5.566445874051074e+03 4.432460181023395e-16 1.462295286213570e-17
5.567727743155103e+03 4.502504803236031e-16 1.427707377087437e-17
5.569009907454379e+03 4.646881549719131e-16 1.428212107402398e-17
5.570292367016893e+03 4.622225510664205e-16 1.415351842019688e-17
5.571575121910629e+03 4.668778876600538e-16 1.437492533032125e-17
5.572858172203607e+03 4.420420065639959e-16 1.413908658993695e-17
5.574141517963843e+03 4.595731357028668e-16 1.414230101886307e-17
5.575425159259390e+03 4.504169968841055e-16 1.379380202972904e-17
5.576709096158300e+03 4.658400640470269e-16 1.401476730055865e-17
5.577993328728639e+03 4.816286294514585e-16 1.434745229773651e-17
5.579277857038508e+03 4.856324377949536e-16 1.476345727185169e-17
5.580562681156001e+03 4.682373983771364e-16 1.446161893861886e-17
5.581847801149248e+03 4.598191197124288e-16 1.413817172746899e-17
5.583133217086373e+03 4.761994179492607e-16 1.402534224386294e-17
5.584418929035540e+03 4.577600345056425e-16 1.385777424903888e-17
5.585704937064904e+03 4.353643556048871e-16 1.364307669642755e-17
5.586991241242659e+03 4.368760268207391e-16 1.323584990527939e-17
5.588277841636993e+03 4.309590354038801e-16 1.303321099856146e-17
5.589564738316132e+03 4.315420579850888e-16 1.293804852089791e-17
5.590851931348294e+03 4.359661145253435e-16 1.304709780250644e-17
5.592139420801735e+03 4.612121703059010e-16 1.320647244771342e-17
5.593427206744706e+03 4.343096823263741e-16 1.391886402431379e-17
5.594715289245496e+03 4.409273857527927e-16 1.430511736096252e-17
5.596003668372386e+03 4.557395457125283e-16 1.378503394287377e-17
5.597292344193695e+03 4.505891261337195e-16 1.359592494302048e-17
5.598581316777737e+03 4.445466307097652e-16 1.329986081046521e-17
5.599870586192862e+03 4.475651502760545e-16 1.331526821713402e-17
5.601160152507423e+03 4.559394405487823e-16 1.352265346143908e-17
5.602450015789782e+03 4.374024683521438e-16 1.444016399254611e-17
5.603740176108341e+03 4.545162952447692e-16 1.355463711719759e-17
5.605030633531490e+03 4.400050177607274e-16 1.315467467158983e-17
5.606321388127659e+03 4.642986183859232e-16 1.320272363185757e-17
5.607612439965271e+03 4.611530583815599e-16 1.305857715855115e-17
5.608903789112787e+03 4.665629921078651e-16 1.310282813161868e-17
5.610195435638664e+03 4.779602511207626e-16 1.322588341974599e-17
5.611487379611394e+03 4.710264590048811e-16 1.332524423723202e-17
5.612779621099463e+03 4.763972343850668e-16 1.331363964606801e-17
5.614072160171395e+03 4.802385029495778e-16 1.323211358218214e-17
5.615364996895709e+03 4.578624333689272e-16 1.319538269572787e-17
5.616658131340961e+03 4.396691833874714e-16 1.343481078163279e-17
5.617951563575699e+03 4.535438410747862e-16 1.341274084306021e-17
5.619245293668512e+03 4.409558598893613e-16 1.296739451783904e-17
5.620539321687981e+03 4.610372519149486e-16 1.317683530546429e-17
5.621833647702725e+03 4.641044842010695e-16 1.305608226730243e-17
5.623128271781356e+03 4.513336204322401e-16 1.288787613122490e-17
5.624423193992527e+03 4.534798260562565e-16 1.284617021622337e-17
5.625718414404885e+03 4.473479041332234e-16 1.292379503709911e-17
5.627013933087098e+03 4.615907178774372e-16 1.315167606386337e-17
5.628309750107857e+03 4.436466107543805e-16 1.298213080968146e-17
5.629605865535871e+03 4.666853004542619e-16 1.333235832360464e-17
5.630902279439854e+03 4.731028087614378e-16 1.340993885218295e-17
5.632198991888534e+03 4.559767190600167e-16 1.317847201219475e-17
5.633496002950673e+03 4.636610708909271e-16 1.301441277225247e-17
5.634793312695026e+03 4.430743054802285e-16 1.304876821644101e-17
5.636090921190385e+03 4.611726840875783e-16 1.300028619886996e-17
5.637388828505539e+03 4.651728518729000e-16 1.303957924724398e-17
5.638687034709311e+03 4.681222556462372e-16 1.288204217074762e-17
5.639985539870520e+03 4.483704534973818e-16 1.260260973366378e-17
5.641284344058024e+03 4.235198855478693e-16 1.254774361897679e-17
5.642583447340671e+03 4.553984293408582e-16 1.307262514990300e-17
5.643882849787349e+03 4.611101431966905e-16 1.318896240094850e-17
5.645182551466942e+03 4.482333365014614e-16 1.292939491877654e-17
5.646482552448369e+03 4.490140627230678e-16 1.270919056788966e-17
5.647782852800543e+03 4.644913069107745e-16 1.278452723069390e-17
5.649083452592417e+03 4.632841991482832e-16 1.266791523943786e-17
5.650384351892934e+03 4.424600590972279e-16 1.274804116742450e-17
5.651685550771081e+03 4.403900621078373e-16 1.267553785436837e-17
5.652987049295832e+03 4.715088074997753e-16 1.273152764203311e-17
5.654288847536204e+03 4.597939478669759e-16 1.276464230274538e-17
5.655590945561211e+03 4.691015166260947e-16 1.294571843953533e-17
5.656893343439883e+03 4.666210926645397e-16 1.307939172535946e-17
5.658196041241283e+03 4.614188048673755e-16 1.304787410774307e-17
5.659499039034467e+03 4.521351193405163e-16 1.271747718994857e-17
5.660802336888532e+03 4.569936535078755e-16 1.265153884113746e-17
5.662105934872565e+03 4.510116438500329e-16 1.277566879039295e-17
5.663409833055691e+03 4.455356929357343e-16 1.298588291281472e-17
5.664714031507033e+03 4.440139646115112e-16 1.309540293698707e-17
5.666018530295747e+03 4.470231817119639e-16 1.320515178566825e-17
5.667323329490987e+03 4.563805469586427e-16 1.332034966599159e-17
5.668628429161942e+03 4.649747054553122e-16 1.292517315727123e-17
5.669933829377796e+03 4.683068052827057e-16 1.286065623925922e-17
5.671239530207772e+03 4.636067607136782e-16 1.273347787043611e-17
5.672545531721085e+03 4.595702991841287e-16 1.270369227280388e-17
5.673851833986990e+03 4.961615730338755e-16 1.308129472555982e-17
5.675158437074732e+03 4.647123471698846e-16 1.276753953535319e-17
5.676465341053601e+03 4.868486516825163e-16 1.285313527802840e-17
5.677772545992873e+03 5.007870596029554e-16 1.301989379105958e-17
5.679080051961869e+03 4.643055278139647e-16 1.273704185996362e-17
5.680387859029903e+03 4.627826571885190e-16 1.275188249389927e-17
5.681695967266309e+03 4.689061696855815e-16 1.279814602638937e-17
5.683004376740454e+03 4.607973678471383e-16 1.256758384369935e-17
5.684313087521696e+03 4.689687213080274e-16 1.261836696969273e-17
5.685622099679432e+03 4.767637418856368e-16 1.273094841301368e-17
5.686931413283056e+03 4.654058365127775e-16 1.265610272189947e-17
5.688241028401995e+03 4.584596234952015e-16 1.260202071729544e-17
5.689550945105674e+03 4.520006137142034e-16 1.238670276394103e-17
5.690861163463554e+03 4.576342072852391e-16 1.248858047483037e-17
5.692171683545091e+03 4.754995996182553e-16 1.268352001657660e-17
5.693482505419776e+03 4.746831571799904e-16 1.269386424378659e-17
5.694793629157099e+03 4.715890151987414e-16 1.267157874059226e-17
5.696105054826585e+03 4.566081397108055e-16 1.247982830939473e-17
5.697416782497752e+03 4.706264872888782e-16 1.258882279737949e-17
5.698728812240160e+03 4.703320510781966e-16 1.255228748916291e-17
5.700041144123358e+03 4.683122478476687e-16 1.254821311870860e-17
5.701353778216937e+03 4.711008028813494e-16 1.258569916266510e-17
5.702666714590480e+03 4.514641312324936e-16 1.233401642008061e-17
5.703979953313609e+03 4.415318891402611e-16 1.236660938105537e-17
5.705293494455945e+03 4.524251049603319e-16 1.239899714557286e-17
5.706607338087124e+03 4.411381878446067e-16 1.238400889922214e-17
5.707921484276816e+03 4.350796820357717e-16 1.226236516389975e-17
5.709235933094687e+03 4.379176183022345e-16 1.233349332910798e-17
5.710550684610435e+03 4.403913074389772e-16 1.236582007826560e-17
5.711865738893759e+03 4.393822082293059e-16 1.243009784393571e-17
5.713181096014390e+03 4.416491417572041e-16 1.247756512828461e-17
5.714496756042058e+03 4.390586690190932e-16 1.238310469988075e-17
5.715812719046529e+03 4.601276778342082e-16 1.248924314304438e-17
5.717128985097563e+03 4.675720491646786e-16 1.263010356380016e-17
5.718445554264956e+03 4.899628289768426e-16 1.298023457169428e-17
5.719762426618502e+03 4.942880719971536e-16 1.308326805730861e-17
5.721079602228032e+03 5.017474945082394e-16 1.326374968759791e-17
5.722397081163367e+03 5.114680244159693e-16 1.349165704051926e-17
5.723714863494374e+03 5.116127216141121e-16 1.351112234512913e-17
5.725032949290906e+03 4.956688049348781e-16 1.329220302021832e-17
5.726351338622858e+03 4.735694593486868e-16 1.313104311529456e-17
5.727670031560119e+03 4.980182505722968e-16 1.322686584333819e-17
5.728989028172618e+03 4.828493578792905e-16 1.309555382175208e-17
5.730308328530273e+03 4.668025529988414e-16 1.317911321940410e-17
5.731627932703042e+03 4.798638221143759e-16 1.317127688617028e-17
5.732947840760881e+03 4.782883469141927e-16 1.293854092187579e-17
5.734268052773781e+03 4.858642500578386e-16 1.304028448433729e-17
5.735588568811732e+03 4.892982414124350e-16 1.309044876990680e-17
5.736909388944739e+03 4.775847546574547e-16 1.313056512758333e-17
5.738230513242846e+03 4.744427543531758e-16 1.318758415449973e-17
5.739551941776082e+03 4.730320755344679e-16 1.324872191951578e-17
5.740873674614521e+03 4.706461833958301e-16 1.329887788694677e-17
5.742195711828229e+03 4.760713714940987e-16 1.330553720168774e-17
5.743518053487311e+03 4.775862692016359e-16 1.309213375206467e-17
5.744840699661861e+03 4.689062562933335e-16 1.288310415146587e-17
5.746163650422021e+03 4.834281144862764e-16 1.310768686493548e-17
5.747486905837917e+03 4.931180275829023e-16 1.322301039030789e-17
5.748810465979721e+03 4.652782452093333e-16 1.295203834928697e-17
5.750134330917595e+03 4.705453326120335e-16 1.310203341277948e-17
5.751458500721737e+03 4.640895525898945e-16 1.334958761702791e-17
5.752782975462345e+03 4.844937985921728e-16 1.361223154982235e-17
5.754107755209653e+03 4.988756011188596e-16 1.393649812153661e-17
5.755432840033886e+03 4.880007111280308e-16 1.397258002306798e-17
5.756758230005312e+03 4.957320999398071e-16 1.407247706462785e-17
5.758083925194189e+03 4.773661524687369e-16 1.388474240594384e-17
5.759409925670815e+03 4.673682548323198e-16 1.394372230180344e-17
5.760736231505490e+03 4.827144630650998e-16 1.394708238056874e-17
5.762062842768524e+03 4.653703967464477e-16 1.361054967098360e-17
5.763389759530268e+03 4.432368852538900e-16 1.326811184609004e-17
5.764716981861059e+03 4.595258974563129e-16 1.345329770894556e-17
5.766044509831279e+03 4.603188241339485e-16 1.337473305761848e-17
5.767372343511299e+03 4.692305322188507e-16 1.388555788633527e-17
5.768700482971531e+03 4.872143524308687e-16 1.425359056633650e-17
5.770028928282381e+03 4.870971719230213e-16 1.416733507532938e-17
5.771357679514293e+03 4.739612675653690e-16 1.379175124939474e-17
5.772686736737704e+03 4.960593420058017e-16 1.409668297299042e-17
5.774016100023090e+03 4.772110989487670e-16 1.434947198304643e-17
5.775345769440924e+03 4.768341040419999e-16 1.423037698117077e-17
5.776675745061713e+03 4.839638894316306e-16 1.415740504975342e-17
5.778006026955959e+03 4.818462640909620e-16 1.406925904473203e-17
5.779336615194205e+03 4.704807802473762e-16 1.357113979377787e-17
5.780667509846985e+03 4.623215247957685e-16 1.343327583847034e-17
5.781998710984874e+03 4.577589163803588e-16 1.343891432729701e-17
5.783330218678439e+03 4.427799597648217e-16 1.343442139388123e-17
5.784662032998286e+03 4.580959065116899e-16 1.370203017024751e-17
5.785994154015022e+03 4.723096380120875e-16 1.376243757824149e-17
5.787326581799268e+03 4.690317009246004e-16 1.369269644007004e-17
5.788659316421680e+03 4.552567014067863e-16 1.335765928290081e-17
5.789992357952907e+03 4.676373270969531e-16 1.328764613097723e-17
5.791325706463636e+03 4.554341127158721e-16 1.300432457144089e-17
5.792659362024549e+03 4.852639541587286e-16 1.338662491665736e-17
5.793993324706366e+03 4.874987594552418e-16 1.338988788680175e-17
5.795327594579801e+03 4.792794323852803e-16 1.347162873950390e-17
5.796662171715609e+03 4.762628977812151e-16 1.558164314179026e-17
5.797997056184532e+03 4.807259724865767e-16 1.537318325809053e-17
5.799332248057362e+03 4.756853356569741e-16 1.530039864396521e-17
5.800667747404872e+03 4.774889356697319e-16 1.518708828892252e-17
5.802003554297882e+03 4.895739462227039e-16 1.366476326607462e-17
5.803339668807206e+03 4.773902841641866e-16 1.337161409511744e-17
5.804676091003694e+03 5.004841235832916e-16 1.394503906062219e-17
5.806012820958188e+03 4.630688152442990e-16 1.385087353364946e-17
5.807349858741574e+03 4.921837221193269e-16 1.384905056671662e-17
5.808687204424727e+03 4.778209807339815e-16 1.324262107648393e-17
5.810024858078566e+03 4.812903836927170e-16 1.321725409584725e-17
5.811362819774004e+03 5.014337885928137e-16 1.359596770492635e-17
5.812701089581973e+03 4.796594768058993e-16 1.344778160327282e-17
5.814039667573432e+03 4.616272297916509e-16 1.317911058669859e-17
5.815378553819359e+03 4.820003465616602e-16 1.333536683936684e-17
5.816717748390731e+03 4.807777495957942e-16 1.300264701145124e-17
5.818057251358548e+03 4.755709318951446e-16 1.294358687264840e-17
5.819397062793839e+03 4.940201206113824e-16 1.317625712094095e-17
5.820737182767630e+03 5.053775546065512e-16 1.337978859650886e-17
5.822077611350981e+03 4.937250321213407e-16 1.331191760007105e-17
5.823418348614951e+03 4.873535351088998e-16 1.308185748631463e-17
5.824759394630636e+03 5.142704812668527e-16 1.341447354099672e-17
5.826100749469125e+03 5.025661973043068e-16 1.323013226555199e-17
5.827442413201547e+03 5.022437135754600e-16 1.323678256958138e-17
5.828784385899023e+03 5.113397054056846e-16 1.337526121193525e-17
5.830126667632714e+03 4.927140998099474e-16 1.311605508194733e-17
5.831469258473779e+03 4.718228388592651e-16 1.289072276875803e-17
5.832812158493407e+03 4.770753725536401e-16 1.289934264090054e-17
5.834155367762791e+03 4.785681105372029e-16 1.286183760616532e-17
5.835498886353153e+03 4.876379239963081e-16 1.286749438395433e-17
5.836842714335716e+03 4.927243797648591e-16 1.292736063441350e-17
5.838186851781741e+03 4.980411860008922e-16 1.299901723153047e-17
5.839531298762479e+03 5.052000877526301e-16 1.301059288070054e-17
5.840876055349224e+03 4.868575354432617e-16 1.292029373999055e-17
5.842221121613268e+03 4.792724122442513e-16 1.326922404533532e-17
5.843566497625919e+03 5.126532009302386e-16 1.411193204137415e-17
5.844912183458518e+03 4.873971348518295e-16 1.391231829830567e-17
5.846258179182401e+03 4.706298303948235e-16 1.322698427822066e-17
5.847604484868944e+03 4.891646439788384e-16 1.290454950860331e-17
5.848951100589514e+03 4.826574292409552e-16 1.266669630457523e-17
5.850298026415519e+03 4.823169007689009e-16 1.274529399387544e-17
5.851645262418360e+03 4.633913741922990e-16 1.228455100069367e-17
5.852992808669478e+03 4.712433461300898e-16 1.216412671449818e-17
5.854340665240306e+03 4.543867067709518e-16 1.183799879378844e-17
5.855688832202320e+03 4.539048138153370e-16 1.174390822911029e-17
5.857037309626983e+03 4.465377456570915e-16 1.164320308319901e-17
5.858386097585805e+03 4.510621157602845e-16 1.173288295539837e-17
5.859735196150284e+03 4.532381514246080e-16 1.184179904197359e-17
5.861084605391959e+03 4.599833408956696e-16 1.187722112941323e-17
5.862434325382364e+03 4.663079820448255e-16 1.198713519682598e-17
5.863784356193072e+03 4.669178076349253e-16 1.244398179090380e-17
5.865134697895646e+03 4.886065069432250e-16 1.371869971525517e-17
5.866485350561695e+03 4.751681974008671e-16 1.376268184538621e-17
5.867836314262820e+03 4.641003979240670e-16 1.267307600610199e-17
5.869187589070642e+03 4.966953610588301e-16 1.236346119388199e-17
5.870539175056819e+03 4.549223767081697e-16 1.189967909475030e-17
5.871891072292996e+03 4.840591682322435e-16 1.228433736847119e-17
5.873243280850863e+03 4.932802383693489e-16 1.246364173324812e-17
5.874595800802099e+03 4.861065015778725e-16 1.218947607676502e-17
5.875948632218427e+03 4.800014742583036e-16 1.201276992332956e-17
5.877301775171560e+03 4.807830790060862e-16 1.202204301076995e-17
5.878655229733251e+03 4.779115168237855e-16 1.198735237253551e-17
5.880008995975248e+03 4.605894979984982e-16 1.178861818364940e-17
5.881363073969338e+03 4.583364864956435e-16 1.163187226770494e-17
5.882717463787303e+03 4.609804520797324e-16 1.181895504569132e-17
5.884072165500960e+03 4.545044240506775e-16 1.180588694079389e-17
5.885427179182123e+03 4.514453074272339e-16 1.177308497066131e-17
5.886782504902647e+03 4.392039772475236e-16 1.152507886886350e-17
5.888138142734377e+03 4.381281035637431e-16 1.153817953460725e-17
5.889494092749198e+03 4.332589356744842e-16 1.150318847579406e-17
5.890850355018991e+03 3.836372317866994e-16 1.110243484724541e-17
5.892206929615674e+03 3.807661613425534e-16 1.166514275369410e-17
5.893563816611168e+03 3.781861368417905e-16 1.157102231783883e-17
5.894921016077405e+03 3.683065262484999e-16 1.087939417595390e-17
5.896278528086355e+03 3.776441673829791e-16 1.051996801360408e-17
5.897636352709981e+03 3.667307467121306e-16 1.031509658659663e-17
5.898994490020285e+03 3.730140303458808e-16 1.040993284876052e-17
5.900352940089260e+03 4.142517586199427e-16 1.110698375149665e-17
5.901711702988945e+03 4.342541936606790e-16 1.320052939258060e-17
5.903070778791367e+03 4.811563387172016e-16 1.903158920076386e-17
5.904430167568593e+03 4.389108289859795e-16 2.877827639124689e-17
5.905789869392687e+03 3.629941058570733e-16 2.879163133791135e-17
5.907149884335750e+03 4.353568720169587e-16 2.222334395305392e-17
5.908510212469875e+03 4.987025213892442e-16 1.499518079204970e-17
5.909870853867201e+03 4.595359185734199e-16 1.314682273308145e-17
5.911231808599852e+03 4.473169039789425e-16 1.288076857212002e-17
5.912593076739999e+03 4.535806179107318e-16 1.257194576294902e-17
5.913954658359800e+03 4.692826963414148e-16 1.200431662375798e-17
5.915316553531460e+03 4.525049958447411e-16 1.150703170441627e-17
5.916678762327172e+03 4.559837982126898e-16 1.166318091979935e-17
5.918041284819171e+03 4.579609894942277e-16 1.174524343136762e-17
5.919404121079684e+03 4.746023923987480e-16 1.190343775989226e-17
5.920767271180979e+03 4.643213362516366e-16 1.180858861442067e-17
5.922130735195319e+03 4.750191434114120e-16 1.206101826816009e-17
5.923494513195003e+03 4.605531698012887e-16 1.254060580650245e-17
5.924858605252332e+03 4.690457483898208e-16 1.322855599760686e-17
5.926223011439623e+03 4.674511962617591e-16 1.325738098110350e-17
5.927587731829228e+03 4.612006597755742e-16 1.294036621838645e-17
5.928952766493489e+03 4.646588392429418e-16 1.285837202125415e-17
5.930318115504793e+03 4.663249501202221e-16 1.319120724322281e-17
5.931683778935517e+03 4.874893203977231e-16 1.389812692926225e-17
5.933049756858078e+03 4.523763732832620e-16 1.360671679064093e-17
5.934416049344886e+03 4.679532974110581e-16 1.340770474657161e-17
5.935782656468396e+03 4.754814106485941e-16 1.299353744545140e-17
5.937149578301049e+03 4.724104276740099e-16 1.209341705327477e-17
5.938516814915331e+03 4.822134082734287e-16 1.204927415961888e-17
5.939884366383718e+03 4.737397532516497e-16 1.194554547524525e-17
5.941252232778730e+03 4.808659739196056e-16 1.192546578419679e-17
5.942620414172878e+03 4.593977815939802e-16 1.178582548992427e-17
5.943988910638712e+03 4.652080486756520e-16 1.198602205375203e-17
5.945357722248777e+03 4.700880250096121e-16 1.223187266354258e-17
5.946726849075659e+03 4.719011755297266e-16 1.209815813256142e-17
5.948096291191934e+03 4.706988499109783e-16 1.197671715173813e-17
5.949466048670221e+03 4.757085447862909e-16 1.204505089623455e-17
5.950836121583138e+03 4.759580438751042e-16 1.200049291789621e-17
5.952206510003319e+03 4.562776328940862e-16 1.170404242372733e-17
5.953577214003431e+03 4.449692452269963e-16 1.157319142981966e-17
5.954948233656136e+03 4.650728499933195e-16 1.194375491226231e-17
5.956319569034137e+03 4.741931186758540e-16 1.223754077342017e-17
5.957691220210128e+03 4.538799624936302e-16 1.226989502816362e-17
5.959063187256845e+03 4.726872139006069e-16 1.234949258653776e-17
5.960435470247015e+03 4.840508581144643e-16 1.234244553901747e-17
5.961808069253409e+03 4.859620263125831e-16 1.305009886183123e-17
5.963180984348786e+03 5.163352758998144e-16 1.623384228375372e-17
5.964554215605951e+03 4.971669894422334e-16 1.840522929575958e-17
5.965927763097699e+03 4.902307064470606e-16 1.669945347893863e-17
5.967301626896867e+03 4.772600460211544e-16 1.373025580943435e-17
5.968675807076281e+03 4.750644725669747e-16 1.217865948692501e-17
5.970050303708812e+03 4.688890536789623e-16 1.195453639381470e-17
5.971425116867324e+03 4.753029548379576e-16 1.190991836920194e-17
5.972800246624717e+03 4.782608347643850e-16 1.203290743242780e-17
5.974175693053890e+03 4.812058751493021e-16 1.207831689149862e-17
5.975551456227779e+03 4.858738260000001e-16 1.206184412637322e-17
5.976927536219318e+03 4.812592974422371e-16 1.202163416853910e-17
5.978303933101462e+03 4.655248170156333e-16 1.195688423993580e-17
5.979680646947196e+03 4.449567456676075e-16 1.195032075591387e-17
5.981057677829500e+03 4.584094780219080e-16 1.200647765471619e-17
5.982435025821396e+03 4.682961749302788e-16 1.189437531192852e-17
5.983812690995896e+03 4.729893549629918e-16 1.193254902464316e-17
5.985190673426057e+03 4.555840002305609e-16 1.176056862048434e-17
5.986568973184923e+03 4.591294838320980e-16 1.174496685383970e-17
5.987947590345585e+03 4.496454903970045e-16 1.163583929799766e-17
5.989326524981122e+03 4.698106089536544e-16 1.169768678959182e-17
5.990705777164657e+03 4.720579923691891e-16 1.179637585369904e-17
5.992085346969303e+03 4.622619300370993e-16 1.170693550765071e-17
5.993465234468217e+03 4.778476339944919e-16 1.189910782859622e-17
5.994845439734545e+03 4.809297857293592e-16 1.206383752465551e-17
5.996225962841479e+03 4.690992140402820e-16 1.214117195996886e-17
5.997606803862198e+03 4.659071109504535e-16 1.206651875270737e-17
5.998987962869927e+03 4.748791308064018e-16 1.204997513272075e-17
6.000369439937881e+03 4.808228468026648e-16 1.198183331461428e-17
6.001751235139316e+03 4.679190761094797e-16 1.172026338653005e-17
6.003133348547488e+03 4.559472999066804e-16 1.171989294887093e-17
6.004515780235669e+03 4.576114718625549e-16 1.147547796259416e-17
6.005898530277160e+03 4.479375556634014e-16 1.142147855363200e-17
6.007281598745280e+03 4.663953401845978e-16 1.163517643289668e-17
6.008664985713349e+03 4.571629772041559e-16 1.166979406182265e-17
6.010048691254710e+03 4.809451834131965e-16 1.201873054771247e-17
6.011432715442736e+03 4.773830806773872e-16 1.197604623037259e-17
6.012817058350795e+03 4.687758151661254e-16 1.183139569696090e-17
6.014201720052296e+03 4.686523748724916e-16 1.165370702653914e-17
6.015586700620639e+03 4.739758608028848e-16 1.164696413017943e-17
6.016972000129268e+03 4.708903139282479e-16 1.168063328302089e-17
6.018357618651617e+03 4.604006895905822e-16 1.161473739744805e-17
6.019743556261161e+03 4.617740771775791e-16 1.153730141813655e-17
6.021129813031371e+03 4.554323289100456e-16 1.139058131621746e-17
6.022516389035757e+03 4.570472521122611e-16 1.137025403708364e-17
6.023903284347820e+03 4.642243078564019e-16 1.149988422784573e-17
6.025290499041104e+03 4.655301131888199e-16 1.165918883979991e-17
6.026678033189149e+03 4.607131855670667e-16 1.160754054235913e-17
6.028065886865528e+03 4.627120619184583e-16 1.156044530138419e-17
6.029454060143815e+03 4.806878983851586e-16 1.167839387560078e-17
6.030842553097620e+03 4.809461349651049e-16 1.174666831241928e-17
6.032231365800549e+03 4.827714410867856e-16 1.190924885289861e-17
6.033620498326243e+03 5.011611009691386e-16 1.199214692709738e-17
6.035009950748353e+03 4.855895131204276e-16 1.181812836116549e-17
6.036399723140536e+03 4.855934219972023e-16 1.183973424604944e-17
6.037789815576488e+03 4.890179196149731e-16 1.198804164793157e-17
6.039180228129901e+03 4.925722460184512e-16 1.206061577458256e-17
6.040570960874503e+03 4.671761681445477e-16 1.169025972492180e-17
6.041962013884017e+03 4.860418102394307e-16 1.191367820820225e-17
6.043353387232210e+03 4.929234203002263e-16 1.207006110982435e-17
6.044745080992837e+03 4.865625487100097e-16 1.203923972921557e-17
6.046137095239697e+03 4.921938510919050e-16 1.214518454036622e-17
6.047529430046580e+03 4.920850062956957e-16 1.229227500808276e-17
6.048922085487320e+03 4.815456493794207e-16 1.218266166074688e-17
6.050315061635740e+03 4.858468270253610e-16 1.203295477440602e-17
6.051708358565708e+03 4.944355937887824e-16 1.197169165738176e-17
6.053101976351082e+03 4.804202690340787e-16 1.185318076353987e-17
6.054495915065764e+03 4.686602987871546e-16 1.170438438475983e-17
6.055890174783645e+03 4.742702034851313e-16 1.177918169294249e-17
6.057284755578660e+03 4.728691573574685e-16 1.187831997275731e-17
6.058679657524737e+03 4.856691448990583e-16 1.221066729590092e-17
6.060074880695843e+03 4.636891940174676e-16 1.235407135274811e-17
6.061470425165947e+03 4.917449454987540e-16 1.260321744359951e-17
6.062866291009032e+03 4.979048248795172e-16 1.452442340755428e-17
6.064262478299117e+03 4.880234698064155e-16 1.843538615447196e-17
6.065658987110216e+03 4.709506860573773e-16 1.819062881353421e-17
6.067055817516381e+03 4.873476880845460e-16 1.246340859935051e-17
6.068452969591660e+03 4.787121007859986e-16 1.212336877648288e-17
6.069850443410140e+03 4.881082042109812e-16 1.213988862090002e-17
6.071248239045900e+03 4.766980671546863e-16 1.206907797352896e-17
6.072646356573064e+03 4.724041861450791e-16 1.189219310209690e-17
6.074044796065745e+03 4.874919080283386e-16 1.197664267660541e-17
6.075443557598101e+03 4.809301678179462e-16 1.190175975228728e-17
6.076842641244279e+03 4.804956398326134e-16 1.193769981053784e-17
6.078242047078470e+03 4.815319299022372e-16 1.196940687868998e-17
6.079641775174855e+03 4.818918886975983e-16 1.205636995764902e-17
6.081041825607661e+03 4.790842471228684e-16 1.206959509289475e-17
6.082442198451105e+03 4.640473218657528e-16 1.195675766767010e-17
6.083842893779443e+03 4.775009324987077e-16 1.207312755213245e-17
6.085243911666928e+03 4.800854598109515e-16 1.196820892862885e-17
6.086645252187853e+03 4.709712889180726e-16 1.176692774980715e-17
6.088046915416508e+03 4.611431332063544e-16 1.179016248570184e-17
6.089448901427205e+03 4.517433839304418e-16 1.231583919130037e-17
6.090851210294284e+03 4.548211260367292e-16 1.307030816040612e-17
6.092253842092084e+03 4.440802054877009e-16 1.287018533248982e-17
6.093656796894982e+03 4.634438872157041e-16 1.214631800667595e-17
6.095060074777351e+03 4.657256570033965e-16 1.196606504609785e-17
6.096463675813603e+03 4.756791433643088e-16 1.236051685935833e-17
6.097867600078141e+03 4.812269383437172e-16 1.232535151436079e-17
6.099271847645415e+03 4.649139793399456e-16 1.201111153251763e-17
6.100676418589863e+03 4.873765831716849e-16 1.214419986594181e-17
6.102081312985965e+03 4.707917304432078e-16 1.200526037534455e-17
6.103486530908197e+03 4.630542307428548e-16 1.182494726170942e-17
6.104892072431075e+03 4.550991319246602e-16 1.174897535021651e-17
6.106297937629103e+03 4.553320217114876e-16 1.158955829443485e-17
6.107704126576836e+03 4.650867385896417e-16 1.165540208597258e-17
6.109110639348813e+03 4.584074165897580e-16 1.153851283877738e-17
6.110517476019619e+03 4.595583511754807e-16 1.159700230292361e-17
6.111924636663830e+03 4.616331837340919e-16 1.168812061305061e-17
6.113332121356068e+03 4.643223583836326e-16 1.209393662063583e-17
6.114739930170938e+03 4.799784680330193e-16 1.242369837347928e-17
6.116148063183099e+03 4.740901335096119e-16 1.240337413871379e-17
6.117556520467193e+03 4.722962996157668e-16 1.228539994414537e-17
6.118965302097909e+03 4.713950358011606e-16 1.209128137657190e-17
6.120374408149931e+03 4.704219858469795e-16 1.201796548306007e-17
6.121783838697964e+03 4.782302322141897e-16 1.234198550968306e-17
6.123193593816746e+03 4.622993186523496e-16 1.256392395589367e-17
6.124603673581008e+03 4.659464462603266e-16 1.252040999429855e-17
6.126014078065526e+03 4.545470795471305e-16 1.199118081396034e-17
6.127424807345063e+03 4.661228697373832e-16 1.182668491899538e-17
6.128835861494427e+03 4.711835955119943e-16 1.192337122040709e-17
6.130247240588419e+03 4.783023317647772e-16 1.200822613823523e-17
6.131658944701882e+03 4.616504178589553e-16 1.186850720044367e-17
6.133070973909650e+03 4.684075319037337e-16 1.203647187154103e-17
6.134483328286599e+03 4.670870282888677e-16 1.192728267269031e-17
6.135896007907600e+03 4.435555192489525e-16 1.175093253294517e-17
6.137309012847562e+03 4.385101652277468e-16 1.150711272477873e-17
6.138722343181391e+03 4.483111938244407e-16 1.155939682305530e-17
6.140135998984030e+03 4.521014116099016e-16 1.179574745023512e-17
6.141549980330420e+03 4.522148361714117e-16 1.253642974046682e-17
6.142964287295539e+03 4.539121534912171e-16 1.277345460735751e-17
6.144378919954362e+03 4.590563612914425e-16 1.227583962444115e-17
6.145793878381902e+03 4.633951176822060e-16 1.177418713796194e-17
6.147209162653173e+03 4.777428558535631e-16 1.209956856629631e-17
6.148624772843204e+03 4.518131234664572e-16 1.191767716732280e-17
6.150040709027066e+03 4.967694301300827e-16 1.255410361317051e-17
6.151456971279814e+03 4.479989515330803e-16 1.226919751903711e-17
6.152873559676550e+03 4.744288113465802e-16 1.231892293242929e-17
6.154290474292369e+03 4.494202525933925e-16 1.199752667705363e-17
6.155707715202406e+03 4.601461576014820e-16 1.202815728572596e-17
6.157125282481789e+03 4.486207344570090e-16 1.180330512697927e-17
6.158543176205689e+03 4.450342533213024e-16 1.142114868785692e-17
6.159961396449268e+03 4.331679972101526e-16 1.111975159489651e-17
6.161379943287733e+03 4.362563559723905e-16 1.125089249525220e-17
6.162798816796279e+03 4.321039948613960e-16 1.146417044266875e-17
6.164218017050146e+03 4.215187778948777e-16 1.155722470142742e-17
6.165637544124567e+03 4.160025494562678e-16 1.143638516602082e-17
6.167057398094817e+03 4.161954587666198e-16 1.109577003765156e-17
6.168477579036162e+03 4.259411848502821e-16 1.097820422110940e-17
6.169898087023910e+03 4.371480923673275e-16 1.104739575036559e-17
6.171318922133363e+03 4.363259302040981e-16 1.113383360273383e-17
6.172740084439866e+03 4.266094769661104e-16 1.094023984635793e-17
6.174161574018761e+03 4.274471928030393e-16 1.095103159816754e-17
6.175583390945406e+03 4.408231872152259e-16 1.104761370185528e-17
6.177005535295197e+03 4.389947011980535e-16 1.110036422758823e-17
6.178428007143523e+03 4.571430727948188e-16 1.134990411816069e-17
6.179850806565817e+03 4.558643244680006e-16 1.145583194006849e-17
6.181273933637497e+03 4.582459164168097e-16 1.158619868814256e-17
6.182697388434030e+03 4.568595541150247e-16 1.158459167380182e-17
6.184121171030876e+03 4.493537205955531e-16 1.134469583450828e-17
6.185545281503533e+03 4.533308247262646e-16 1.132942900877473e-17
6.186969719927493e+03 4.446872833595500e-16 1.119942295975016e-17
6.188394486378292e+03 4.500166101564503e-16 1.139956457574050e-17
6.189819580931456e+03 4.515644046436521e-16 1.137517236394812e-17
6.191245003662555e+03 4.329207122062003e-16 1.116058251457628e-17
6.192670754647152e+03 4.537983976307852e-16 1.116358782011889e-17
6.194096833960849e+03 4.626105743039428e-16 1.128249620097377e-17
6.195523241679245e+03 4.433196684724211e-16 1.123336604461908e-17
6.196949977877979e+03 4.452309102048538e-16 1.140757635174903e-17
6.198377042632681e+03 4.575583464992816e-16 1.147835845026281e-17
6.199804436019026e+03 4.604195597859193e-16 1.132784233368424e-17
6.201232158112681e+03 4.572612507103468e-16 1.114822943575777e-17
6.202660208989353e+03 4.489982940514092e-16 1.102317166667646e-17
6.204088588724747e+03 4.489032147879748e-16 1.098561665795558e-17
6.205517297394603e+03 4.545156858377636e-16 1.107378448647426e-17
6.206946335074665e+03 4.533903117259790e-16 1.106198573585227e-17
6.208375701840692e+03 4.643138543540385e-16 1.119294546182064e-17
6.209805397768481e+03 4.502843495171843e-16 1.102682067637553e-17
6.211235422933821e+03 4.498119298318339e-16 1.098233934696935e-17
6.212665777412542e+03 4.291518395101039e-16 1.075682821309966e-17
6.214096461280466e+03 4.331981021602662e-16 1.089288116780638e-17
6.215527474613463e+03 4.367349517030610e-16 1.085241511058351e-17
6.216958817487388e+03 4.412912089968351e-16 1.090067269346826e-17
6.218390489978142e+03 4.582065644023241e-16 1.103949318925607e-17
6.219822492161620e+03 4.212643839344491e-16 1.073549636660070e-17
6.221254824113757e+03 4.394500212273234e-16 1.083610443646641e-17
6.222687485910481e+03 4.460817044205245e-16 1.100471150406640e-17
6.224120477627763e+03 4.517133079312135e-16 1.105213340116680e-17
6.225553799341566e+03 4.383102755365412e-16 1.085018679134924e-17
6.226987451127895e+03 4.276663193645923e-16 1.064387377324774e-17
6.228421433062751e+03 4.324058514383108e-16 1.064790142626030e-17
6.229855745222172e+03 4.336498254360643e-16 1.062930089113260e-17
6.231290387682192e+03 4.400492501141759e-16 1.078364669980842e-17
6.232725360518888e+03 4.356655087029317e-16 1.075233157766974e-17
6.234160663808332e+03 4.412212231285321e-16 1.082681599264223e-17
6.235596297626619e+03 4.464330170777986e-16 1.079117853712737e-17
6.237032262049875e+03 4.379192792029917e-16 1.070268443851857e-17
6.238468557154223e+03 4.468641522133849e-16 1.091186014454569e-17
6.239905183015825e+03 4.402260666472150e-16 1.098103885067808e-17
6.241342139710837e+03 4.232487303679583e-16 1.079691812773617e-17
6.242779427315458e+03 4.347937361501726e-16 1.085535536104760e-17
6.244217045905878e+03 4.330644533890903e-16 1.086994449043205e-17
6.245654995558332e+03 4.327268137799630e-16 1.076156372687921e-17
6.247093276349045e+03 4.535057375787711e-16 1.101872162007705e-17
6.248531888354287e+03 4.432376535191645e-16 1.084749394886533e-17
6.249970831650317e+03 4.426834858998583e-16 1.084728357281758e-17
6.251410106313440e+03 4.306569308147483e-16 1.068123240062293e-17
6.252849712419954e+03 4.263592067536833e-16 1.054353234720958e-17
6.254289650046196e+03 4.407527947826807e-16 1.069592236012991e-17
6.255729919268498e+03 4.248828132052982e-16 1.056376933978284e-17
6.257170520163233e+03 4.201055859792634e-16 1.069532171295290e-17
6.258611452806769e+03 4.079561230492714e-16 1.056388276185260e-17
6.260052717275516e+03 4.169851346235505e-16 1.058116992349838e-17
6.261494313645881e+03 4.356409302442029e-16 1.081420583728884e-17
6.262936241994289e+03 4.466220300653949e-16 1.097216105143935e-17
6.264378502397204e+03 4.389122862325144e-16 1.083598150415720e-17
6.265821094931080e+03 4.269707501441948e-16 1.070015272557482e-17
6.267264019672413e+03 4.468028007251876e-16 1.080476706725219e-17
6.268707276697694e+03 4.534314679235551e-16 1.093123126844984e-17
6.270150866083455e+03 4.484256290085478e-16 1.077943258648203e-17
6.271594787906222e+03 4.475627800958032e-16 1.084721951534600e-17
6.273039042242563e+03 4.489880668898905e-16 1.085427183543123e-17
6.274483629169037e+03 4.518562086899497e-16 1.095242951515191e-17
6.275928548762248e+03 4.471838632332129e-16 1.082573789469109e-17
6.277373801098792e+03 4.597181508479884e-16 1.101705273233534e-17
6.278819386255304e+03 4.689327227366393e-16 1.117656546617853e-17
6.280265304308420e+03 4.497135925929410e-16 1.123170329758354e-17
6.281711555334811e+03 4.324040159406315e-16 1.086214753435365e-17
6.283158139411143e+03 4.556454626140794e-16 1.106078573944726e-17
6.284605056614126e+03 4.485333950266979e-16 1.095354405198293e-17
6.286052307020460e+03 4.453911934991769e-16 1.102638909801354e-17
6.287499890706891e+03 4.605566065347664e-16 1.130660327777333e-17
6.288947807750161e+03 4.607640569802477e-16 1.127101664292454e-17
6.290396058227030e+03 4.636588481222082e-16 1.120562495161143e-17
6.291844642214292e+03 4.550413379690489e-16 1.119673047043114e-17
6.293293559788754e+03 4.613319034621687e-16 1.120292874834965e-17
6.294742811027229e+03 4.507905392907012e-16 1.107927445173479e-17
6.296192396006549e+03 4.637403138741320e-16 1.127899969423751e-17
6.297642314803584e+03 4.660360198949521e-16 1.136862587672567e-17
6.299092567495191e+03 4.616158319931869e-16 1.116707706914430e-17
6.300543154158278e+03 4.431845606348240e-16 1.080797563633377e-17
6.301994074869736e+03 4.531517240548278e-16 1.092843503326151e-17
6.303445329706508e+03 4.652331669682890e-16 1.109236586605396e-17
6.304896918745524e+03 4.434137484983124e-16 1.094853866827044e-17
6.306348842063759e+03 4.481882738998761e-16 1.102725214575250e-17
6.307801099738178e+03 4.480757967816827e-16 1.104995376124428e-17
6.309253691845793e+03 4.487398375503846e-16 1.098166203298289e-17
6.310706618463604e+03 4.643938290463663e-16 1.111497006856686e-17
6.312159879668659e+03 4.638049445022597e-16 1.105978057212126e-17
6.313613475537995e+03 4.485329945366001e-16 1.092481793706937e-17
6.315067406148692e+03 4.396799521174625e-16 1.085088433305781e-17
6.316521671577822e+03 4.529745370420921e-16 1.109119061854956e-17
6.317976271902505e+03 4.532975146770321e-16 1.115676544321887e-17
6.319431207199847e+03 4.391317622325318e-16 1.105520833075123e-17
6.320886477547001e+03 4.564838810032640e-16 1.110913927315942e-17
6.322342083021116e+03 4.264340059987264e-16 1.072602533792803e-17
6.323798023699363e+03 4.473194608001554e-16 1.085347997155295e-17
6.325254299658945e+03 4.626635093143293e-16 1.106620706669904e-17
6.326710910977060e+03 4.482427731599024e-16 1.091708127659402e-17
6.328167857730950e+03 4.516107343336907e-16 1.099586628440472e-17
6.329625139997846e+03 4.611769092060497e-16 1.107445440493771e-17
6.331082757855027e+03 4.580655128198709e-16 1.103913483632126e-17
6.332540711379760e+03 4.622334449200390e-16 1.108640909662472e-17
6.333999000649356e+03 4.510427499244891e-16 1.092152074539424e-17
6.335457625741122e+03 4.605259753795534e-16 1.114221498002747e-17
6.336916586732403e+03 4.576008210407599e-16 1.106803137541188e-17
6.338375883700540e+03 4.494878149106837e-16 1.109786875797072e-17
6.339835516722916e+03 4.546232949836938e-16 1.103370529841274e-17
6.341295485876907e+03 4.437285680633775e-16 1.090359073987673e-17
6.342755791239931e+03 4.480509207074388e-16 1.085332947839910e-17
6.344216432889399e+03 4.695326839974086e-16 1.112740320555876e-17
6.345677410902766e+03 4.333897311350246e-16 1.080599762049170e-17
6.347138725357480e+03 4.607878818537163e-16 1.111726930027303e-17
6.348600376331031e+03 4.649846810530375e-16 1.323467262499400e-17
6.350062363900905e+03 4.688174553996331e-16 1.354671268746558e-17
6.351524688144611e+03 4.781683727334930e-16 1.145470830280836e-17
6.352987349139692e+03 4.633031529350008e-16 1.121448015474950e-17
6.354450346963685e+03 4.554484357496752e-16 1.111272941002355e-17
6.355913681694168e+03 4.556498587530897e-16 1.116998099486500e-17
6.357377353408714e+03 4.545038404608562e-16 1.118831149582412e-17
6.358841362184938e+03 4.469362534767330e-16 1.089057251947873e-17
6.360305708100446e+03 4.277164149099281e-16 1.063017226837140e-17
6.361770391232892e+03 4.327130540267983e-16 1.075379309902947e-17
6.363235411659914e+03 4.410990363213950e-16 1.101882152556627e-17
6.364700769459206e+03 4.159699572526197e-16 1.062462601346465e-17
6.366166464708440e+03 4.369805684662330e-16 1.079514671440966e-17
6.367632497485342e+03 4.445023344529647e-16 1.094822664885039e-17
6.369098867867627e+03 4.536894404306659e-16 1.106192624358472e-17
6.370565575933051e+03 4.470836884730597e-16 1.107422388715706e-17
6.372032621759367e+03 4.675628707036778e-16 1.128112583088953e-17
6.373500005424368e+03 4.593422886157147e-16 1.120797197843226e-17
6.374967727005841e+03 4.531755158608485e-16 1.110653367908915e-17
6.376435786581615e+03 4.551405194723542e-16 1.112792077947858e-17
6.377904184229518e+03 4.705874652645628e-16 1.127410727000334e-17
6.379372920027398e+03 4.773140183524959e-16 1.125559025321255e-17
6.380841994053132e+03 4.645503477728750e-16 1.109600333865312e-17
6.382311406384615e+03 4.605238902733376e-16 1.103611670842782e-17
6.383781157099747e+03 4.618606636637926e-16 1.108067236167968e-17
6.385251246276448e+03 4.478207383479974e-16 1.102766585737277e-17
6.386721673992671e+03 4.640446165081580e-16 1.124871050561303e-17
6.388192440326365e+03 4.686723077028051e-16 1.111083806698887e-17
6.389663545355521e+03 4.583456052961900e-16 1.101524873734665e-17
6.391134989158123e+03 4.631613568814912e-16 1.102749640486874e-17
6.392606771812199e+03 4.641562496121834e-16 1.110107515458317e-17
6.394078893395766e+03 4.627971445833091e-16 1.105577035401801e-17
6.395551353986890e+03 4.544111946581598e-16 1.094306006930614e-17
6.397024153663625e+03 4.566189283208102e-16 1.132807135742499e-17
6.398497292504071e+03 4.662673085425637e-16 1.210593956646523e-17
6.399970770586318e+03 4.705860189074033e-16 1.260114606517085e-17
6.401444587988504e+03 4.654438288321307e-16 1.256349510405218e-17
6.402918744788754e+03 4.654347334644908e-16 1.240791296745955e-17
6.404393241065241e+03 4.668296684915886e-16 1.252871246351308e-17
6.405868076896131e+03 4.615357107649407e-16 1.269787940328719e-17
6.407343252359618e+03 4.601527236829634e-16 1.215478024108127e-17
6.408818767533915e+03 4.577200824879502e-16 1.156211890635730e-17
6.410294622497261e+03 4.643603448106914e-16 1.140600831684270e-17
6.411770817327900e+03 4.592791639614860e-16 1.129106797894440e-17
6.413247352104087e+03 4.411127182457505e-16 1.102526270522371e-17
6.414724226904123e+03 4.678523707427292e-16 1.140349804991644e-17
6.416201441806299e+03 4.623977592724530e-16 1.117372844355865e-17
6.417678996888944e+03 4.627439658918269e-16 1.113636493044280e-17
6.419156892230385e+03 4.558445301674242e-16 1.112991981769819e-17
6.420635127908993e+03 4.445291238126173e-16 1.112260675779716e-17
6.422113704003128e+03 4.584090982277258e-16 1.117126939474787e-17
6.423592620591196e+03 4.572168356944912e-16 1.099058604418665e-17
6.425071877751596e+03 4.589032566175333e-16 1.102929653405534e-17
6.426551475562768e+03 4.568691739970165e-16 1.100364468352855e-17
6.428031414103145e+03 4.612943759055215e-16 1.098389216100223e-17
6.429511693451207e+03 4.673754297956867e-16 1.120686198096835e-17
6.430992313685423e+03 4.558714049213514e-16 1.220183627689848e-17
6.432473274884307e+03 4.678863293908018e-16 1.404229396068724e-17
6.433954577126366e+03 4.394862510917855e-16 1.398573512996452e-17
6.435436220490147e+03 4.542730192009733e-16 1.302631349781392e-17
6.436918205054196e+03 4.730082917407156e-16 1.258970308452586e-17
6.438400530897097e+03 4.598370931834326e-16 1.284511860364855e-17
6.439883198097436e+03 4.620061289854714e-16 1.299017731913518e-17
6.441366206733815e+03 4.492197418032525e-16 1.235374997094389e-17
6.442849556884877e+03 4.687004272377339e-16 1.216163841722342e-17
6.444333248629251e+03 4.646524789749482e-16 1.178953838463698e-17
6.445817282045617e+03 4.656624788940584e-16 1.170446268377014e-17
6.447301657212642e+03 4.637833860529832e-16 1.160703879565499e-17
6.448786374209039e+03 4.642687939976346e-16 1.170236621144479e-17
6.450271433113515e+03 4.631149369392417e-16 1.142034301336721e-17
6.451756834004817e+03 4.532899267707680e-16 1.126045529151964e-17
6.453242576961689e+03 4.540614236606989e-16 1.136790808810577e-17
6.454728662062915e+03 4.654067960110533e-16 1.184278264544786e-17
6.456215089387273e+03 4.686666467492260e-16 1.220262070149235e-17
6.457701859013584e+03 4.692325425411871e-16 1.221244397219840e-17
6.459188971020664e+03 4.694341790861879e-16 1.194610200375866e-17
6.460676425487370e+03 4.667807817988163e-16 1.162687302263507e-17
6.462164222492552e+03 4.602433905857742e-16 1.155193037760258e-17
6.463652362115105e+03 4.587025638771634e-16 1.155841542797366e-17
6.465140844433915e+03 4.731161138257448e-16 1.177495176632467e-17
6.466629669527912e+03 4.717640848166138e-16 1.220095275884170e-17
6.468118837476030e+03 4.602992046033305e-16 1.205384525324018e-17
6.469608348357211e+03 4.434496247525493e-16 1.151030434260168e-17
6.471098202250437e+03 4.676126268767797e-16 1.148735196571363e-17
6.472588399234704e+03 4.687683969148264e-16 1.136486120832743e-17
6.474078939389015e+03 4.656224133481796e-16 1.128425242420264e-17
6.475569822792390e+03 4.812317398667104e-16 1.165209992040860e-17
6.477061049523887e+03 4.709597953247306e-16 1.207095231444146e-17
6.478552619662556e+03 4.717685064270381e-16 1.273687114767448e-17
6.480044533287493e+03 4.586029083158542e-16 1.224794940107541e-17
6.481536790477783e+03 4.766880664236248e-16 1.169993978336286e-17
6.483029391312558e+03 4.705224658556419e-16 1.141608593260414e-17
6.484522335870940e+03 4.681799496865977e-16 1.131139943439981e-17
6.486015624232098e+03 4.495777473500081e-16 1.113946883904874e-17
6.487509256475191e+03 4.609400000320445e-16 1.198081988450520e-17
6.489003232679423e+03 4.773419926332809e-16 1.326199507742400e-17
6.490497552923987e+03 4.469556194426121e-16 1.316905681596012e-17
6.491992217288129e+03 4.480343067997468e-16 1.170533033369412e-17
6.493487225851078e+03 4.511092849904269e-16 1.108494826149950e-17
6.494982578692111e+03 4.297582238849512e-16 1.077184187249022e-17
6.496478275890505e+03 4.379722438310262e-16 1.075283230972227e-17
6.497974317525553e+03 4.188952504593189e-16 1.037040613253638e-17
6.499470703676579e+03 4.237445457474305e-16 1.046002056025554e-17
6.500967434422929e+03 4.251760499322862e-16 1.051772776791983e-17
6.502464509843949e+03 4.482441757709816e-16 1.112343007415646e-17
6.503961930019006e+03 4.514867878199077e-16 1.146507972372133e-17
6.505459695027507e+03 4.549918150022809e-16 1.161198460503975e-17
6.506957804948848e+03 4.536168446937614e-16 1.136356130627625e-17
6.508456259862470e+03 4.443551745966248e-16 1.106662301327551e-17
6.509955059847806e+03 4.625207534719324e-16 1.147144009811587e-17
6.511454204984335e+03 4.623732868397019e-16 1.204785391880137e-17
6.512953695351525e+03 4.731914507757836e-16 1.302236937975988e-17
6.514453531028893e+03 4.563919630687829e-16 1.284720949270130e-17
6.515953712095944e+03 4.621048970888688e-16 1.208924610139164e-17
6.517454238632231e+03 4.660085306887446e-16 1.142048612475806e-17
6.518955110717295e+03 4.623121122250568e-16 1.121262587275808e-17
6.520456328430725e+03 4.704701763143575e-16 1.130943514068547e-17
6.521957891852102e+03 4.517545454022663e-16 1.117409341349605e-17
6.523459801061047e+03 4.572147255377647e-16 1.127855416798575e-17
6.524962056137188e+03 4.698580220480358e-16 1.130962294148158e-17
6.526464657160162e+03 4.556570873799666e-16 1.112682501586823e-17
6.527967604209645e+03 4.720991399898602e-16 1.143604843414578e-17
6.529470897365327e+03 4.700403325062398e-16 1.152838021590751e-17
6.530974536706904e+03 4.617533516714137e-16 1.169180586095927e-17
6.532478522314093e+03 4.774836860333889e-16 1.199375627413523e-17
6.533982854266645e+03 4.617463375391372e-16 1.165748377721428e-17
6.535487532644303e+03 4.681617309126343e-16 1.161145905525533e-17
6.536992557526863e+03 4.680866777592198e-16 1.167382006311077e-17
6.538497928994099e+03 4.655079585687895e-16 1.178753361739434e-17
6.540003647125844e+03 4.843579679671016e-16 1.214923296615652e-17
6.541509712001913e+03 4.577080566236412e-16 1.200589715736336e-17
6.543016123702169e+03 4.755685800724187e-16 1.193776110785925e-17
6.544522882306470e+03 4.682593291278514e-16 1.152933006642924e-17
6.546029987894713e+03 4.731840832735499e-16 1.149900121858935e-17
6.547537440546791e+03 4.943160972742515e-16 1.163586644859189e-17
6.549045240342642e+03 4.661305386862578e-16 1.132778884733848e-17
6.550553387362192e+03 4.905463074162614e-16 1.149091095631674e-17
6.552061881685418e+03 4.746464519250424e-16 1.125979286407265e-17
6.553570723392284e+03 4.558714379402132e-16 1.096122615342941e-17
6.555079912562799e+03 4.380882404846489e-16 1.073374345144860e-17
6.556589449276968e+03 4.429749092078653e-16 1.079397663906090e-17
6.558099333614838e+03 4.456185454744340e-16 1.086326849815976e-17
6.559609565656453e+03 4.473356957431421e-16 1.085980165310306e-17
6.561120145481878e+03 4.471011752288641e-16 1.105993298489204e-17
6.562631073171218e+03 4.397832913732883e-16 1.115775417992432e-17
6.564142348804565e+03 4.518709866943796e-16 1.112836890005214e-17
6.565653972462059e+03 4.471778545329238e-16 1.111183361652567e-17
6.567165944223832e+03 4.447170148278353e-16 1.093046905624657e-17
6.568678264170061e+03 4.438382801570924e-16 1.081494835689477e-17
6.570190932380912e+03 4.464870916201775e-16 1.102561273691284e-17
6.571703948936602e+03 4.354749769719590e-16 1.116836033134702e-17
6.573217313917334e+03 4.482684572011228e-16 1.127337335088873e-17
6.574731027403358e+03 4.392516827378741e-16 1.088117457621376e-17
6.576245089474916e+03 4.579792597500802e-16 1.095609090669178e-17
6.577759500212298e+03 4.465952785550820e-16 1.091996821695578e-17
6.579274259695781e+03 4.623849402849801e-16 1.126947555217787e-17
6.580789368005690e+03 4.810242444792509e-16 1.144570984161657e-17
6.582304825222342e+03 4.958103574513056e-16 1.158409653404033e-17
6.583820631426096e+03 5.019642896400451e-16 1.167226666419214e-17
6.585336786697307e+03 5.111326338218690e-16 1.187294618357172e-17
6.586853291116373e+03 5.613644114448410e-16 1.849750122358222e-17
6.588370144763689e+03 5.030269258640766e-16 1.727221314835787e-17
6.589887347719675e+03 4.806430604540854e-16 1.147520295459639e-17
6.591404900064774e+03 4.531837640966025e-16 1.122167739222218e-17
6.592922801879452e+03 4.613895556569392e-16 1.113663301672241e-17
6.594441053244183e+03 4.553251942086112e-16 1.091570186181286e-17
6.595959654239453e+03 4.505663969081979e-16 1.096208884091611e-17
6.597478604945792e+03 4.588935326719378e-16 1.122519034017591e-17
6.598997905443719e+03 4.680470273979707e-16 1.142325024327421e-17
6.600517555813800e+03 4.603490826116857e-16 1.125156202792676e-17
6.602037556136591e+03 4.519167339886165e-16 1.098105104180950e-17
6.603557906492695e+03 4.587998527122298e-16 1.102925914232059e-17
6.605078606962706e+03 4.526664850778031e-16 1.099956873783315e-17
6.606599657627263e+03 4.530378727716645e-16 1.108230624108883e-17
6.608121058566997e+03 4.513867828535255e-16 1.100379529636274e-17
6.609642809862584e+03 4.571114176985321e-16 1.111644551355831e-17
6.611164911594694e+03 4.582829160405353e-16 1.099553508742495e-17
6.612687363844040e+03 4.486540758532202e-16 1.092587259913250e-17
6.614210166691327e+03 4.611958238674601e-16 1.104478957182918e-17
6.615733320217306e+03 4.594837980152761e-16 1.109634914581616e-17
6.617256824502726e+03 4.599630098341466e-16 1.106620978614377e-17
6.618780679628356e+03 4.662245486990774e-16 1.111080350719921e-17
6.620304885674996e+03 4.743135261069305e-16 1.116546756091105e-17
6.621829442723461e+03 4.671020591653338e-16 1.107727775102069e-17
6.623354350854581e+03 4.707340060157069e-16 1.104274877666984e-17
6.624879610149193e+03 4.569527074550132e-16 1.087806343360113e-17
6.626405220688182e+03 4.635249713557892e-16 1.089776434516334e-17
6.627931182552417e+03 4.570420668859050e-16 1.084521213052690e-17
6.629457495822820e+03 4.606360093160528e-16 1.085707390344895e-17
6.630984160580299e+03 4.659066072783735e-16 1.098105714408053e-17
6.632511176905809e+03 4.520835144841235e-16 1.093159251912005e-17
6.634038544880301e+03 4.577022868068621e-16 1.093710337271998e-17
6.635566264584763e+03 4.537256763151573e-16 1.084484447893238e-17
6.637094336100184e+03 4.571284671370586e-16 1.089214897051356e-17
6.638622759507592e+03 4.595151815272099e-16 1.115395545187221e-17
6.640151534888008e+03 4.660008241000110e-16 1.111884492416907e-17
6.641680662322503e+03 4.691628256516753e-16 1.105330451730164e-17
6.643210141892134e+03 4.620401552925609e-16 1.116478128427128e-17
6.644739973678006e+03 4.535194798959325e-16 1.103926582532813e-17
6.646270157761216e+03 4.330169418370758e-16 1.048572825912167e-17
6.647800694222906e+03 4.490048248502971e-16 1.066348429831469e-17
6.649331583144211e+03 4.512683053802443e-16 1.069096307813302e-17
6.650862824606309e+03 4.545531373719749e-16 1.070599399133091e-17
6.652394418690379e+03 4.588431241241770e-16 1.082220538004344e-17
6.653926365477618e+03 4.476847712778500e-16 1.065418370869113e-17
6.655458665049262e+03 4.471700873336994e-16 1.067758177602678e-17
6.656991317486537e+03 4.565182806056272e-16 1.092090335496399e-17
6.658524322870718e+03 4.531267806750466e-16 1.089246052867765e-17
6.660057681283070e+03 4.575081015063601e-16 1.079675562980236e-17
6.661591392804900e+03 4.529197630888796e-16 1.060572605880324e-17
6.663125457517515e+03 4.387742723750309e-16 1.045919937898769e-17
6.664659875502261e+03 4.575016462496031e-16 1.073512600036039e-17
6.666194646840477e+03 4.400773464449138e-16 1.051856665831713e-17
6.667729771613550e+03 4.486279829457100e-16 1.060170307516301e-17
6.669265249902856e+03 4.445148271518288e-16 1.061631840583666e-17
6.670801081789818e+03 4.332232600642038e-16 1.049183650668630e-17
6.672337267355853e+03 4.483545974391373e-16 1.065663753885822e-17
6.673873806682419e+03 4.344069451124166e-16 1.049716835708599e-17
6.675410699850970e+03 4.635042061262557e-16 1.079952158348039e-17
6.676947946943002e+03 4.490837683661429e-16 1.062567309237633e-17
6.678485548040006e+03 4.539714336094318e-16 1.078044186767772e-17
6.680023503223517e+03 4.606285171324307e-16 1.088908905627781e-17
6.681561812575070e+03 4.526355326869843e-16 1.074176339042473e-17
6.683100476176217e+03 4.402114788419335e-16 1.060770560799878e-17
6.684639494108544e+03 4.624636059793525e-16 1.088731964450685e-17
6.686178866453653e+03 4.449737366503480e-16 1.072700665667483e-17
6.687718593293156e+03 4.658673485610579e-16 1.080427811438705e-17
6.689258674708679e+03 4.464745171568481e-16 1.058001576740656e-17
6.690799110781890e+03 4.551835796268141e-16 1.067524688789204e-17
6.692339901594447e+03 4.443951812437752e-16 1.059170767009884e-17
6.693881047228055e+03 4.357669987080035e-16 1.056763043876502e-17
6.695422547764410e+03 4.609543847059114e-16 1.096329506051313e-17
6.696964403285257e+03 4.480576770264029e-16 1.079668465068352e-17
6.698506613872326e+03 4.265157125383569e-16 1.054277094359235e-17
6.700049179607399e+03 4.621207154558884e-16 1.081690684255586e-17
6.701592100572248e+03 4.428008369332253e-16 1.061480574757319e-17
6.703135376848692e+03 4.331890747594266e-16 1.045104330609610e-17
6.704679008518536e+03 4.504312520321192e-16 1.066093691886323e-17
6.706222995663639e+03 4.471836779054765e-16 1.070903226941342e-17
6.707767338365848e+03 4.451484595828698e-16 1.066821072836369e-17
6.709312036707054e+03 4.538502081930648e-16 1.074444931188707e-17
6.710857090769151e+03 4.386059763535338e-16 1.054482099181363e-17
6.712402500634046e+03 4.356310657518346e-16 1.068688004324986e-17
6.713948266383686e+03 4.512096737368313e-16 1.088600362358227e-17
6.715494388100029e+03 4.500560400843809e-16 1.093670648671457e-17
6.717040865865045e+03 4.691086787448029e-16 1.112872061467079e-17
6.718587699760717e+03 4.664144567707367e-16 1.121250873498923e-17
6.720134889869073e+03 4.581899944554853e-16 1.132553744058842e-17
6.721682436272129e+03 4.464967203878110e-16 1.116502926834403e-17
6.723230339051946e+03 4.493173952985094e-16 1.106521758701446e-17
6.724778598290580e+03 4.430723067584721e-16 1.094102259839239e-17
6.726327214070133e+03 4.450414338298946e-16 1.089900894807829e-17
6.727876186472696e+03 4.386281389837101e-16 1.073571001813190e-17
6.729425515580408e+03 4.606662149313876e-16 1.107318702869888e-17
6.730975201475398e+03 4.695284402572769e-16 1.128765127124956e-17
6.732525244239843e+03 4.668634766330288e-16 1.138837361874509e-17
6.734075643955913e+03 4.644936055302794e-16 1.130776687196546e-17
6.735626400705820e+03 4.586657236663491e-16 1.123406098178860e-17
6.737177514571770e+03 4.660642631568823e-16 1.146214459094756e-17
6.738728985636018e+03 4.333457424931999e-16 1.096301589801804e-17
6.740280813980810e+03 4.353157899547508e-16 1.084251233888225e-17
6.741832999688419e+03 4.421728854118569e-16 1.108825384466259e-17
6.743385542841145e+03 4.414444208141413e-16 1.097379212149073e-17
6.744938443521311e+03 4.263880313576160e-16 1.085831524377847e-17
6.746491701811242e+03 4.398717267097717e-16 1.090587024830031e-17
6.748045317793284e+03 4.242540675843366e-16 1.076635701123119e-17
6.749599291549822e+03 4.295952421669186e-16 1.083057513937990e-17
6.751153623163232e+03 4.347251222769675e-16 1.092221127878127e-17
6.752708312715936e+03 4.425891640183689e-16 1.105848365790898e-17
6.754263360290350e+03 4.329086742495983e-16 1.083504517956833e-17
6.755818765968934e+03 4.311896172245186e-16 1.082236085154650e-17
6.757374529834139e+03 4.332623459493615e-16 1.085226834328141e-17
6.758930651968466e+03 4.177199604451134e-16 1.074557824924639e-17
6.760487132454404e+03 4.292648052648508e-16 1.082942668953651e-17
6.762043971374490e+03 4.488976493480567e-16 1.107742301974742e-17
6.763601168811252e+03 4.403079453613832e-16 1.095256175125802e-17
6.765158724847266e+03 4.466793749522672e-16 1.105973130024686e-17
6.766716639565096e+03 4.435039043099755e-16 1.101908417742510e-17
6.768274913047357e+03 4.193748322243619e-16 1.083613626682584e-17
6.769833545376652e+03 4.098946347903722e-16 1.066134455702852e-17
6.771392536635632e+03 4.309593428096341e-16 1.091752852441045e-17
6.772951886906940e+03 4.498856537229188e-16 1.118691017031502e-17
6.774511596273265e+03 4.476220280676912e-16 1.140699607878125e-17
6.776071664817293e+03 4.412125535219883e-16 1.128149725552661e-17
6.777632092621732e+03 4.420437646669693e-16 1.120755250012380e-17
6.779192879769328e+03 4.623837277420475e-16 1.161371538517077e-17
6.780754026342817e+03 4.511763874441678e-16 1.155970254669473e-17
6.782315532424984e+03 4.302765519645508e-16 1.173033128247722e-17
6.783877398098605e+03 4.498688824605653e-16 1.335147389843821e-17
6.785439623446502e+03 4.290114040559455e-16 1.493467531910930e-17
6.787002208551489e+03 4.307747292726821e-16 1.490693643989353e-17
6.788565153496426e+03 4.338952535759388e-16 1.441658982701861e-17
6.790128458364165e+03 4.427252487502796e-16 1.542849461112386e-17
6.791692123237605e+03 4.337980725211599e-16 1.425959287075744e-17
6.793256148199637e+03 4.329465529073931e-16 1.214607573252741e-17
6.794820533333196e+03 4.341834424090941e-16 1.135596200055813e-17
6.796385278721213e+03 4.414846631501680e-16 1.174671946341023e-17
6.797950384446659e+03 4.472428102112612e-16 1.217079508484799e-17
6.799515850592503e+03 4.283684488623367e-16 1.200459374969808e-17
6.801081677241758e+03 4.439840071112152e-16 1.172620640645288e-17
6.802647864477429e+03 4.469670385013675e-16 1.156036746723361e-17
6.804214412382566e+03 4.446839302990592e-16 1.128018227893056e-17
6.805781321040222e+03 4.244261214523686e-16 1.117360029647243e-17
6.807348590533462e+03 4.333511954826372e-16 1.130756196530557e-17
6.808916220945391e+03 4.527381096632094e-16 1.162637881147433e-17
6.810484212359129e+03 4.299366317448129e-16 1.141892031427861e-17
6.812052564857802e+03 4.358827530542499e-16 1.125941343335334e-17
6.813621278524556e+03 4.500430428658717e-16 1.151841617923723e-17
6.815190353442576e+03 4.526460008566500e-16 1.179013980002296e-17
6.816759789695040e+03 4.374296679168255e-16 1.316715646830270e-17
6.818329587365170e+03 4.656265244084138e-16 1.681187277670110e-17
6.819899746536184e+03 4.503475937567029e-16 1.933843391990028e-17
6.821470267291340e+03 4.145066816203409e-16 1.674901023410520e-17
6.823041149713896e+03 4.598661704425362e-16 1.357663063985393e-17
6.824612393887149e+03 4.389131663635869e-16 1.269584050481451e-17
6.826183999894392e+03 4.536752832855140e-16 1.362296740429006e-17
6.827755967818965e+03 4.406600199458712e-16 1.366444984385213e-17
6.829328297744196e+03 4.366997814325965e-16 1.311920029941151e-17
6.830900989753465e+03 4.378647536622519e-16 1.207262432143349e-17
6.832474043930139e+03 4.397753657756721e-16 1.164374332160630e-17
6.834047460357633e+03 4.528368446925860e-16 1.152896713909292e-17
6.835621239119362e+03 4.417922725909617e-16 1.157970054146761e-17
6.837195380298759e+03 4.468902141697116e-16 1.181565244913511e-17
6.838769883979291e+03 4.377946583933992e-16 1.176495729036598e-17
6.840344750244441e+03 4.437388704624774e-16 1.165714641496454e-17
6.841919979177704e+03 4.442528790340842e-16 1.185521212671333e-17
6.843495570862587e+03 4.278752930702419e-16 1.235527461037090e-17
6.845071525382639e+03 4.367534289757944e-16 1.286217593244685e-17
6.846647842821405e+03 4.226192380997664e-16 1.241062099321224e-17
6.848224523262473e+03 4.464953423708909e-16 1.172648424342591e-17
6.849801566789421e+03 4.403547606848254e-16 1.144814930080428e-17
6.851378973485878e+03 4.438964958247173e-16 1.154447748079665e-17
6.852956743435462e+03 4.455497171323336e-16 1.145391263190395e-17
6.854534876721838e+03 4.141485787874449e-16 1.240327147821576e-17
6.856113373428664e+03 4.792885062262523e-16 1.630525944603399e-17
6.857692233639645e+03 4.052255435309072e-16 1.677024018317139e-17
6.859271457438474e+03 4.273882826856095e-16 1.507394195624008e-17
6.860851044908896e+03 4.539200958977651e-16 1.274027060012306e-17
6.862430996134645e+03 4.425014217526766e-16 1.166660092212551e-17
6.864011311199502e+03 4.440628069124352e-16 1.132618767226817e-17
6.865591990187239e+03 4.445880505947641e-16 1.129794891198246e-17
6.867173033181677e+03 4.414246615824912e-16 1.201633585087292e-17
6.868754440266627e+03 4.481672266128810e-16 1.304296806034419e-17
6.870336211525947e+03 4.451332617409945e-16 1.326355335637517e-17
6.871918347043495e+03 4.614887493428037e-16 1.254678064295003e-17
6.873500846903146e+03 4.500124872590327e-16 1.171173348372900e-17
6.875083711188818e+03 4.452754176207610e-16 1.153045973257507e-17
6.876666939984417e+03 4.520284618775878e-16 1.161672104473917e-17
6.878250533373899e+03 4.462316598217654e-16 1.367853786825704e-17
6.879834491441212e+03 4.484655486283511e-16 1.890145569656945e-17
6.881418814270347e+03 4.203826713459093e-16 1.778695131879691e-17
6.883003501945292e+03 4.583098730918426e-16 1.336233658482066e-17
6.884588554550078e+03 4.411522431512774e-16 1.160818210441473e-17
6.886173972168728e+03 4.560116127497605e-16 1.173474498271664e-17
6.887759754885315e+03 4.586168378202209e-16 1.165296564681594e-17
6.889345902783901e+03 4.534686762516503e-16 1.152282024940272e-17
6.890932415948596e+03 4.633988856626778e-16 1.161778732551516e-17
6.892519294463501e+03 4.574990319916881e-16 1.141515192530194e-17
6.894106538412765e+03 4.460324789780277e-16 1.164127829879983e-17
6.895694147880527e+03 4.576247214410751e-16 1.288798193720541e-17
6.897282122950976e+03 4.462812205881172e-16 1.339825989496559e-17
6.898870463708291e+03 4.562228937081490e-16 1.275984260395980e-17
6.900459170236697e+03 4.606960182164644e-16 1.185038630409477e-17
6.902048242620419e+03 4.585465191618321e-16 1.156648205430585e-17
6.903637680943700e+03 4.582071805382337e-16 1.193128951672799e-17
6.905227485290819e+03 4.492951547713469e-16 1.363626270046425e-17
6.906817655746072e+03 4.701520402875869e-16 1.632245597270107e-17
6.908408192393762e+03 4.511532933453073e-16 1.647363308373304e-17
6.909999095318209e+03 4.464715553099303e-16 1.327256307923132e-17
6.911590364603777e+03 4.513455518122435e-16 1.162676877445139e-17
6.913182000334818e+03 4.476306732599547e-16 1.125822164115366e-17
6.914774002595734e+03 4.776109378645248e-16 1.157504136326320e-17
6.916366371470916e+03 4.247317204129354e-16 1.103920262734152e-17
6.917959107044806e+03 4.418346720304416e-16 1.118449472239355e-17
6.919552209401832e+03 4.613512997273988e-16 1.140224220660501e-17
6.921145678626476e+03 4.537455060178842e-16 1.130142416706816e-17
6.922739514803206e+03 4.628388376689277e-16 1.136117840332671e-17
6.924333718016540e+03 4.551121555271563e-16 1.127186424214660e-17
6.925928288350987e+03 4.356389765199356e-16 1.127852315481896e-17
6.927523225891104e+03 4.496018498789000e-16 1.208376272839659e-17
6.929118530721439e+03 4.370694301619354e-16 1.210648809526637e-17
6.930714202926587e+03 4.538607618662819e-16 1.177088761199318e-17
6.932310242591141e+03 4.486923106153942e-16 1.130280025340406e-17
6.933906649799716e+03 4.581169118429599e-16 1.151477777938219e-17
6.935503424636959e+03 5.233181110149360e-16 1.280574668113763e-17
6.937100567187535e+03 4.510167290804191e-16 1.316033692013768e-17
6.938698077536116e+03 4.611014187196255e-16 1.360367163367219e-17
6.940295955767395e+03 4.432300398001467e-16 1.215333749724821e-17
6.941894201966102e+03 4.609431279791896e-16 1.140140209985734e-17
6.943492816216962e+03 4.500757824058565e-16 1.107950931752330e-17
6.945091798604743e+03 4.508927038645579e-16 1.108994594894919e-17
6.946691149214212e+03 4.573803602312105e-16 1.123205294944539e-17
6.948290868130174e+03 4.520714497508346e-16 1.129863709602992e-17
6.949890955437435e+03 4.454880936577959e-16 1.104148157813983e-17
6.951491411220841e+03 4.466742798690531e-16 1.100383779397333e-17
6.953092235565233e+03 4.402663446786632e-16 1.097273393994166e-17
6.954693428555501e+03 4.568782963759094e-16 1.122611791500823e-17
6.956294990276520e+03 4.585419134194631e-16 1.114793100073089e-17
6.957896920813223e+03 4.519054834267129e-16 1.108857576997084e-17
6.959499220250525e+03 4.672870172379590e-16 1.122722369258466e-17
6.961101888673395e+03 4.527226983427562e-16 1.124320688515043e-17
6.962704926166794e+03 4.651716029301907e-16 1.160561453466362e-17
6.964308332815709e+03 4.550610808166220e-16 1.167744979752253e-17
6.965912108705158e+03 4.493685794284094e-16 1.144150480174199e-17
6.967516253920178e+03 4.614313982191246e-16 1.135451251066229e-17
6.969120768545812e+03 4.521469810763158e-16 1.146753517736551e-17
6.970725652667123e+03 4.590856824311262e-16 1.197569524807877e-17
6.972330906369214e+03 4.434980230965841e-16 1.189136034950662e-17
6.973936529737181e+03 4.431170950726398e-16 1.135464672615682e-17
6.975542522856165e+03 4.470111885717632e-16 1.102736836207271e-17
6.977148885811302e+03 4.374975341769706e-16 1.076616621198628e-17
6.978755618687772e+03 4.435181250866204e-16 1.085586876473536e-17
6.980362721570747e+03 4.428138394854573e-16 1.092781683199569e-17
6.981970194545453e+03 4.527806226155093e-16 1.106749218756466e-17
6.983578037697097e+03 4.548674645351408e-16 1.114648421793541e-17
6.985186251110943e+03 4.357150356997328e-16 1.088624632066478e-17
6.986794834872242e+03 4.429116661492383e-16 1.095700623835508e-17
6.988403789066291e+03 4.642121973786348e-16 1.111222423148000e-17
6.990013113778385e+03 4.542762398866988e-16 1.131931156967560e-17
6.991622809093860e+03 4.597615519710579e-16 1.162557032613870e-17
6.993232875098047e+03 4.780382087399627e-16 1.179691333301414e-17
6.994843311876325e+03 4.458306986166232e-16 1.133616688063598e-17
6.996454119514062e+03 4.569739031720306e-16 1.128662537186666e-17
6.998065298096677e+03 4.655862720419144e-16 1.168776152688149e-17
6.999676847709587e+03 4.608892332616592e-16 1.154573933822699e-17
7.001288768438224e+03 4.542518111160538e-16 1.167347598582122e-17
7.002901060368067e+03 4.453508017334986e-16 1.199322222576419e-17
7.004513723584584e+03 4.443760372652541e-16 1.225155205988782e-17
7.006126758173290e+03 4.531063377225278e-16 1.202323243583971e-17
7.007740164219694e+03 4.580956574248244e-16 1.188889427979860e-17
7.009353941809349e+03 4.609363734105494e-16 1.415445855077713e-17
7.010968091027802e+03 4.428140664951720e-16 1.450996593280309e-17
7.012582611960649e+03 4.748938389130501e-16 1.273991600299666e-17
7.014197504693477e+03 4.397092213598272e-16 1.204731618837516e-17
7.015812769311918e+03 4.314306220220651e-16 1.187375232655159e-17
7.017428405901597e+03 4.497223522194851e-16 1.150709393476127e-17
7.019044414548190e+03 4.525913893863088e-16 1.119009563838383e-17
7.020660795337360e+03 4.450781789637202e-16 1.106340426507029e-17
7.022277548354821e+03 4.618539814623854e-16 1.165028612307146e-17
7.023894673686277e+03 4.501366542726031e-16 1.166185319816616e-17
7.025512171417482e+03 4.510174874278200e-16 1.140363205658461e-17
7.027130041634177e+03 4.558967404929787e-16 1.133697121769358e-17
7.028748284422157e+03 4.572637568385711e-16 1.137271637415420e-17
7.030366899867210e+03 4.616870884096720e-16 1.137546024406924e-17
7.031985888055147e+03 4.565440132801304e-16 1.117954275050123e-17
7.033605249071814e+03 4.622799698644839e-16 1.120128248972803e-17
7.035224983003073e+03 4.631363625558974e-16 1.128422569112892e-17
7.036845089934794e+03 4.666172016781792e-16 1.134589211973167e-17
7.038465569952868e+03 4.572359312321493e-16 1.107194708223725e-17
7.040086423143222e+03 4.355117905838735e-16 1.079352583209132e-17
7.041707649591779e+03 4.509411524027826e-16 1.111430250246000e-17
7.043329249384511e+03 4.612456527287692e-16 1.131693112097082e-17
7.044951222607377e+03 4.600233803017777e-16 1.129759874378716e-17
7.046573569346388e+03 4.600783572656171e-16 1.145111193066967e-17
7.048196289687544e+03 4.547255354554313e-16 1.171315434143095e-17
7.049819383716896e+03 4.657901137949082e-16 1.280468708776292e-17
7.051442851520482e+03 4.898673319051240e-16 1.500272908904594e-17
7.053066693184393e+03 4.465390064765176e-16 1.489284431697023e-17
7.054690908794707e+03 4.459951998177828e-16 1.285287312688860e-17
7.056315498437553e+03 4.300300902963859e-16 1.184565914151958e-17
7.057940462199054e+03 4.494507902868120e-16 1.214805623061909e-17
7.059565800165374e+03 4.310671279213621e-16 1.159242396591223e-17
7.061191512422683e+03 4.290494584302540e-16 1.095198368089213e-17
7.062817599057165e+03 4.326335667848112e-16 1.094508805318625e-17
7.064444060155041e+03 4.221537704574197e-16 1.097756540172283e-17
7.066070895802553e+03 4.206921745256980e-16 1.107445372910047e-17
7.067698106085945e+03 4.267727025993296e-16 1.111780898148950e-17
7.069325691091484e+03 4.260059029950002e-16 1.086143707006414e-17
7.070953650905478e+03 4.346747875033769e-16 1.097435430822536e-17
7.072581985614223e+03 4.388229257417342e-16 1.101628453817916e-17
7.074210695304069e+03 4.232095129431337e-16 1.086878824054402e-17
7.075839780061353e+03 4.300330222700244e-16 1.091785425234253e-17
7.077469239972460e+03 4.449309150037877e-16 1.133352521031286e-17
7.079099075123770e+03 4.357172772498064e-16 1.146469090173424e-17
7.080729285601708e+03 4.300998752476285e-16 1.155676863909863e-17
7.082359871492694e+03 4.387202380637945e-16 1.403345012280261e-17
7.083990832883192e+03 4.584517314724510e-16 1.419170540690272e-17
7.085622169859661e+03 4.651374362375606e-16 1.370043132629303e-17
7.087253882508608e+03 4.318341475506001e-16 1.269258395700801e-17
7.088885970916527e+03 4.114045202377355e-16 1.267283888665274e-17
7.090518435169967e+03 4.307753192573222e-16 1.091861374706650e-17
7.092151275355465e+03 4.124031536527250e-16 1.067206907631795e-17
7.093784491559606e+03 4.024661328874390e-16 1.096282459375857e-17
7.095418083868967e+03 4.439861771192213e-16 1.325513291405772e-17
7.097052052370175e+03 4.113229739356534e-16 1.530563936074881e-17
7.098686397149853e+03 4.252786649287958e-16 1.339828751311172e-17
7.100321118294645e+03 4.138290764190062e-16 1.129885797315187e-17
7.101956215891238e+03 4.199029502694057e-16 1.111633720711310e-17
7.103591690026306e+03 4.206511228767405e-16 1.096252404900786e-17
7.105227540786578e+03 4.238919354722210e-16 1.103813232472044e-17
7.106863768258769e+03 4.461443405605252e-16 1.124669634352882e-17
7.108500372529645e+03 4.226399321327382e-16 1.150108890755641e-17
7.110137353685961e+03 4.135057317671325e-16 1.233673125108491e-17
7.111774711814525e+03 4.055783300950540e-16 1.208762552026420e-17
7.113412447002133e+03 4.235053696232257e-16 1.124182262925121e-17
7.115050559335629e+03 4.381513789324305e-16 1.117468926445187e-17
7.116689048901851e+03 4.039186585673828e-16 1.134402786359325e-17
7.118327915787684e+03 4.192005375130189e-16 1.314856701855078e-17
7.119967160080005e+03 4.009989616006314e-16 1.577465524043277e-17
7.121606781865739e+03 4.697596168216471e-16 2.043891313123876e-17
7.123246781231803e+03 4.205072470237624e-16 2.227184628302339e-17
7.124887158265162e+03 4.407320690611713e-16 2.224049374164443e-17
7.126527913052774e+03 4.289689227375970e-16 2.145914322911714e-17
7.128169045681642e+03 4.094815075434162e-16 2.068345055283169e-17
7.129810556238774e+03 4.142384352599728e-16 1.927857692114445e-17
7.131452444811190e+03 4.260619627434320e-16 1.781951523188324e-17
7.133094711485950e+03 4.213773688783845e-16 1.646332618539901e-17
7.134737356350132e+03 4.107594550737383e-16 1.520655278903249e-17
7.136380379490822e+03 3.964358042693818e-16 1.355802690146250e-17
7.138023780995122e+03 4.089229692291416e-16 1.271160733441299e-17
7.139667560950181e+03 4.351981868364664e-16 1.249947039349431e-17
7.141311719443132e+03 4.064051739072818e-16 1.269800860689754e-17
7.142956256561163e+03 4.063770894925045e-16 1.342467634851187e-17
7.144601172391452e+03 4.082133875822587e-16 1.452285857653711e-17
7.146246467021224e+03 4.403190945079792e-16 1.460150912769527e-17
7.147892140537697e+03 3.952283748700794e-16 1.480218141463709e-17
7.149538193028137e+03 4.139791729159631e-16 1.633866076473029e-17
7.151184624579802e+03 4.033279061044908e-16 1.700359858108621e-17
7.152831435279999e+03 4.241318535446354e-16 1.563786299895282e-17
7.154478625216024e+03 3.980399134619648e-16 1.421793422498046e-17
7.156126194475226e+03 4.019462770439138e-16 1.388282481487304e-17
7.157774143144941e+03 4.162817960426358e-16 1.329103115522416e-17
7.159422471312558e+03 4.016056079351562e-16 1.311695666282732e-17
7.161071179065460e+03 4.051082514379414e-16 1.319016378267760e-17
7.162720266491056e+03 4.164440769439075e-16 1.283652463663560e-17
7.164369733676783e+03 4.058838387070419e-16 1.269341474767840e-17
7.166019580710102e+03 3.935858490335160e-16 1.217922357281508e-17
7.167669807678480e+03 4.116556426329066e-16 1.191822881088233e-17
7.169320414669402e+03 4.132221798893804e-16 1.228104174857418e-17
7.170971401770397e+03 4.006743692619101e-16 1.185968939757304e-17
7.172622769068984e+03 4.072142221921569e-16 1.168219154498004e-17
7.174274516652730e+03 4.125634213421393e-16 1.198663376681789e-17
7.175926644609196e+03 4.128062974205218e-16 1.154200906244928e-17
7.177579153025990e+03 4.224683054520402e-16 1.141991563696053e-17
7.179232041990713e+03 4.126348335634696e-16 1.152314190435959e-17
7.180885311591011e+03 4.158456096812346e-16 1.184555843418835e-17
7.182538961914528e+03 4.038809336374771e-16 1.167714449106484e-17
7.184192993048950e+03 4.175246276449665e-16 1.164839848503071e-17
7.185847405081960e+03 4.079018767226911e-16 1.113264199056640e-17
7.187502198101286e+03 4.026229416879896e-16 1.093242519057068e-17
7.189157372194651e+03 4.106845968816670e-16 1.108999312903361e-17
7.190812927449821e+03 4.192092394087133e-16 1.132596049027394e-17
7.192468863954569e+03 4.126369147836384e-16 1.126293067936128e-17
7.194125181796683e+03 4.089000949373217e-16 1.110458840895700e-17
7.195781881063985e+03 4.033007726845866e-16 1.089047607240110e-17
7.197438961844319e+03 4.012791107189469e-16 1.067318346435827e-17
7.199096424225537e+03 4.256413388834833e-16 1.099982165183212e-17
7.200754268295505e+03 4.124491698896454e-16 1.108968747872380e-17
7.202412494142136e+03 4.117332905232010e-16 1.122247099829996e-17
7.204071101853335e+03 4.031860431738605e-16 1.113215834743694e-17
7.205730091517052e+03 4.123566045284459e-16 1.135662848029306e-17
7.207389463221230e+03 4.097806623220820e-16 1.148847212567867e-17
7.209049217053864e+03 4.087427549849678e-16 1.136008636941510e-17
7.210709353102936e+03 4.104813762873217e-16 1.112399283381197e-17
7.212369871456480e+03 4.114754327330567e-16 1.105799447263549e-17
7.214030772202520e+03 4.136441411958721e-16 1.144067964955098e-17
7.215692055429131e+03 4.168667394520165e-16 1.157296453614368e-17
7.217353721224376e+03 4.391428811021423e-16 1.154701025578047e-17
7.219015769676372e+03 4.090032908313657e-16 1.086620225451335e-17
7.220678200873222e+03 4.366334604863000e-16 1.132135772839800e-17
7.222341014903082e+03 4.284715756280312e-16 1.130172273684781e-17
7.224004211854100e+03 4.081302672279635e-16 1.074480643981755e-17
7.225667791814467e+03 4.205684922341775e-16 1.126495810060217e-17
7.227331754872374e+03 4.319590755636165e-16 1.399921540912176e-17
7.228996101116056e+03 4.531654645472337e-16 1.694707058160112e-17
7.230660830633747e+03 4.161077478719857e-16 1.580768318544417e-17
7.232325943513702e+03 4.491127179494264e-16 1.705358070017991e-17
7.233991439844219e+03 4.364504535227304e-16 1.761668615398808e-17
7.235657319713586e+03 4.455155113088073e-16 1.311659122667095e-17
7.237323583210140e+03 4.309857122328111e-16 1.174669653333703e-17
7.238990230422211e+03 4.339733592083773e-16 1.217307087922135e-17
7.240657261438178e+03 4.153281521298654e-16 1.253571924774987e-17
7.242324676346409e+03 4.249082078661143e-16 1.238549872515703e-17
7.243992475235324e+03 4.484248705033032e-16 1.175851955389795e-17
7.245660658193336e+03 4.316408942916968e-16 1.119471301627858e-17
7.247329225308900e+03 4.358795539242095e-16 1.136748090467500e-17
7.248998176670470e+03 4.334912859642363e-16 1.154273695251081e-17
7.250667512366546e+03 4.333635987681356e-16 1.142944038049818e-17
7.252337232485621e+03 4.350013407122038e-16 1.126627910706280e-17
7.254007337116236e+03 4.222571367037041e-16 1.110241715713702e-17
7.255677826346922e+03 4.268208115301425e-16 1.121900130020178e-17
7.257348700266264e+03 4.259937093032895e-16 1.163606318801033e-17
7.259019958962834e+03 4.409078352024781e-16 1.192316398168683e-17
7.260691602525254e+03 4.344854286832999e-16 1.145369147441265e-17
7.262363631042147e+03 4.537660823473212e-16 1.425048092748198e-17
7.264036044602155e+03 4.836094359613170e-16 2.385175143806155e-17
7.265708843293954e+03 3.691678194404914e-16 1.913547762672208e-17
7.267382027206242e+03 4.506984677813587e-16 1.275804645006357e-17
7.269055596427723e+03 4.174463503066150e-16 1.150124023085239e-17
7.270729551047119e+03 4.329947351272584e-16 1.176434029521807e-17
7.272403891153196e+03 4.341350407565094e-16 1.329956826431630e-17
7.274078616834712e+03 4.229312934328178e-16 1.393622290921847e-17
7.275753728180474e+03 4.352589701299364e-16 1.263399726269614e-17
7.277429225279280e+03 4.278901469420847e-16 1.137159990260766e-17
7.279105108219978e+03 4.269712051360145e-16 1.138958449779630e-17
7.280781377091406e+03 4.354375079592068e-16 1.139327842424735e-17
7.282458031982454e+03 4.256644954260604e-16 1.126572921472649e-17
7.284135072982001e+03 4.287194799694169e-16 1.176949934931481e-17
7.285812500178975e+03 4.239144771809054e-16 1.232598664031378e-17
7.287490313662301e+03 4.258437914191133e-16 1.182425489275387e-17
7.289168513520945e+03 4.171521136110656e-16 1.158017308441159e-17
7.290847099843873e+03 4.246305467820970e-16 1.223698485318311e-17
7.292526072720095e+03 4.255012686356563e-16 1.286411236260229e-17
7.294205432238619e+03 4.316149006259615e-16 1.234379581659174e-17
7.295885178488479e+03 4.102819643304914e-16 1.138462384623890e-17
7.297565311558737e+03 4.221452665284921e-16 1.120136443663131e-17
7.299245831538484e+03 4.227159196459706e-16 1.160115608781179e-17
7.300926738516808e+03 4.236593289191882e-16 1.184835331766610e-17
7.302608032582823e+03 4.061912529852920e-16 1.277367891531093e-17
7.304289713825685e+03 4.928316872266236e-16 1.960225894027775e-17
7.305971782334540e+03 4.098496301913764e-16 2.132317990068375e-17
7.307654238198584e+03 4.132857532304450e-16 1.568624081560665e-17
7.309337081507003e+03 4.557534845970042e-16 1.225642471966779e-17
7.311020312349037e+03 4.260570508122866e-16 1.139685143321204e-17
7.312703930813912e+03 4.374943105367818e-16 1.138407911261112e-17
7.314387936990908e+03 4.200450717416762e-16 1.124297630496867e-17
7.316072330969295e+03 4.278204001874865e-16 1.180206374420809e-17
7.317757112838391e+03 4.547239198699137e-16 1.512515236482423e-17
7.319442282687507e+03 4.413641478516475e-16 1.534108191648982e-17
7.321127840606006e+03 4.564038512753227e-16 1.441437879419124e-17
7.322813786683237e+03 4.545167280897532e-16 1.191210117186823e-17
7.324500121008602e+03 4.315953545103171e-16 1.164347949156160e-17
7.326186843671496e+03 4.396793471484542e-16 1.179865556912875e-17
7.327873954761360e+03 3.915452183876085e-16 1.302149250241284e-17
7.329561454367629e+03 4.653203980000837e-16 1.793417771619736e-17
7.331249342579788e+03 4.080695812191425e-16 1.883409905564275e-17
7.332937619487318e+03 4.275643064556948e-16 1.525361886484881e-17
7.334626285179726e+03 4.540697541575555e-16 1.252936934869973e-17
7.336315339746553e+03 4.440286248377329e-16 1.184790367707418e-17
7.338004783277340e+03 4.508986160129489e-16 1.172031305104470e-17
7.339694615861673e+03 4.455484980314477e-16 1.166367070571652e-17
7.341384837589129e+03 4.604003914906222e-16 1.191508265173818e-17
7.343075448549340e+03 4.476611702604210e-16 1.175624638938298e-17
7.344766448831923e+03 4.509965939261721e-16 1.162071000593764e-17
7.346457838526549e+03 4.449099276261088e-16 1.191422697632792e-17
7.348149617722878e+03 4.564322544131215e-16 1.325754814794598e-17
7.349841786510622e+03 4.351408529591821e-16 1.321641689268233e-17
7.351534344979484e+03 4.344260847210099e-16 1.239792234401884e-17
7.353227293219215e+03 4.455093929074682e-16 1.181944279400580e-17
7.354920631319559e+03 4.448716444491712e-16 1.201293703070572e-17
7.356614359370310e+03 4.319141586374087e-16 1.269087710470431e-17
7.358308477461253e+03 4.356637934289590e-16 1.429385630810355e-17
7.360002985682224e+03 4.782033966863870e-16 1.947687997611479e-17
7.361697884123048e+03 4.144311078047100e-16 2.266464692012740e-17
7.363393172873603e+03 4.549171038141820e-16 1.594046271647287e-17
7.365088852023762e+03 4.506376010534336e-16 1.360762209377050e-17
7.366784921663423e+03 4.524729190738537e-16 1.440058519012237e-17
7.368481381882516e+03 4.478235222849160e-16 1.439721141792674e-17
7.370178232770993e+03 4.596460858558555e-16 1.275982908294190e-17
7.371875474418812e+03 4.393055550688851e-16 1.231795212513425e-17
7.373573106915953e+03 4.622497226130374e-16 1.329801920590559e-17
7.375271130352436e+03 4.490481004232135e-16 1.487375354153078e-17
7.376969544818272e+03 4.723858897042109e-16 1.578267783714545e-17
7.378668350403528e+03 4.262810213379972e-16 1.423777841826321e-17
7.380367547198256e+03 4.552728280399006e-16 1.260855247694067e-17
7.382067135292560e+03 4.386296958263260e-16 1.220926446391557e-17
7.383767114776537e+03 4.473055039467474e-16 1.301487446563244e-17
7.385467485740332e+03 4.628065016946654e-16 1.390853884808873e-17
7.387168248274083e+03 4.492940585991981e-16 1.337628607650881e-17
7.388869402467975e+03 4.265290656253751e-16 1.246715154587916e-17
7.390570948412190e+03 4.397308558805177e-16 1.221474171946496e-17
7.392272886196955e+03 4.480944594080169e-16 1.265432141528199e-17
7.393975215912492e+03 4.576573311658612e-16 1.459086936352090e-17
7.395677937649069e+03 4.475823752388661e-16 1.623235886339181e-17
7.397381051496957e+03 4.463389627792528e-16 1.417136840803221e-17
7.399084557546446e+03 4.455382093216147e-16 1.231527859982372e-17
7.400788455887861e+03 4.437955657394332e-16 1.178536941154531e-17
7.402492746611549e+03 4.618822789118666e-16 1.206964844676902e-17
7.404197429807860e+03 4.460697624684930e-16 1.199154980580061e-17
7.405902505567171e+03 4.463687526108805e-16 1.221022388596321e-17
7.407607973979894e+03 4.392940895060206e-16 1.254014813068275e-17
7.409313835136441e+03 4.616545793276754e-16 1.266716360589157e-17
7.411020089127265e+03 4.717943342668865e-16 1.255970089504436e-17
7.412726736042819e+03 4.365605151523169e-16 1.208977145607447e-17
7.414433775973600e+03 4.348048601370484e-16 1.361805428697779e-17
7.416141209010100e+03 4.626545977558372e-16 2.084253008746501e-17
7.417849035242860e+03 4.673178196532409e-16 2.614061370837887e-17
7.419557254762412e+03 4.148507445446020e-16 1.865989497991307e-17
7.421265867659338e+03 4.344486073940392e-16 1.344713419695708e-17
7.422974874024215e+03 4.430272547658738e-16 1.471866861764381e-17
7.424684273947664e+03 4.569329016777703e-16 1.792859104305870e-17
7.426394067520304e+03 4.468106879568057e-16 1.584647941194956e-17
7.428104254832800e+03 4.458333280544274e-16 1.276488660215580e-17
7.429814835975815e+03 4.686799565168331e-16 1.243141518801169e-17
7.431525811040038e+03 4.481790841906829e-16 1.332164978715194e-17
7.433237180116190e+03 4.726260387321968e-16 1.535883440179016e-17
7.434948943295011e+03 4.518154131371113e-16 1.490791948929386e-17
7.436661100667253e+03 4.578579406144786e-16 1.290641302350490e-17
7.438373652323682e+03 4.549080453484091e-16 1.229381270441568e-17
7.440086598355113e+03 4.685673460954306e-16 1.232295951974331e-17
7.441799938852349e+03 4.716839086980252e-16 1.231861672624505e-17
7.443513673906245e+03 4.656196508265282e-16 1.229864322102621e-17
7.445227803607647e+03 4.535915545606662e-16 1.238243089601662e-17
7.446942328047449e+03 4.594526949235723e-16 1.264562035152048e-17
7.448657247316540e+03 4.425230124632078e-16 1.315695509282688e-17
7.450372561505858e+03 4.724294292032253e-16 1.469471051868043e-17
7.452088270706333e+03 4.406203507958149e-16 1.379257042300613e-17
7.453804375008945e+03 4.647909618816200e-16 1.246443126571396e-17
7.455520874504663e+03 4.546300929546534e-16 1.199935823142704e-17
7.457237769284511e+03 4.589448220875360e-16 1.202380657307259e-17
7.458955059439501e+03 4.548937970130129e-16 1.215669792548195e-17
7.460672745060700e+03 4.538997902678276e-16 1.241627833691244e-17
7.462390826239159e+03 4.288048978179888e-16 1.439525210978512e-17
7.464109303065985e+03 5.073662017294862e-16 2.195492066269709e-17
7.465828175632276e+03 4.256654195201716e-16 2.324732744323975e-17
7.467547444029179e+03 4.516417980170441e-16 1.582204947574388e-17
7.469267108347840e+03 4.472764538108190e-16 1.258011247858697e-17
7.470987168679428e+03 4.496531253069764e-16 1.226921322994627e-17
7.472707625115153e+03 4.536200949282467e-16 1.228754734453266e-17
7.474428477746215e+03 4.436631707071827e-16 1.228931281739826e-17
7.476149726663870e+03 4.646434378983212e-16 1.297749820529039e-17
7.477871371959360e+03 4.739360763324218e-16 1.445266480930674e-17
7.479593413723979e+03 4.965761443832423e-16 1.551073438936826e-17
7.481315852049016e+03 4.710193958794894e-16 1.424255790995728e-17
7.483038687025804e+03 4.710295679728818e-16 1.467543211773367e-17
7.484761918745675e+03 4.602100927619295e-16 1.430836277956998e-17
7.486485547300005e+03 4.659802650978492e-16 1.262585626368618e-17
7.488209572780165e+03 4.516266510294454e-16 1.328446260047433e-17
7.489933995277577e+03 4.553930726486715e-16 1.697237518550084e-17
7.491658814883652e+03 4.804104526674133e-16 2.453397966350203e-17
7.493384031689852e+03 4.484526635394410e-16 2.059547123269576e-17
7.495109645787634e+03 4.614840393446662e-16 1.385733422974605e-17
7.496835657268502e+03 4.616677912117164e-16 1.282215167195668e-17
7.498562066223952e+03 4.405675449231344e-16 1.254948886427318e-17
7.500288872745531e+03 4.590846904689366e-16 1.240904825014092e-17
7.502016076924787e+03 4.637737034091138e-16 1.463343191085641e-17
7.503743678853285e+03 4.827843597139463e-16 1.489868730682253e-17
7.505471678622630e+03 4.686494414572570e-16 1.283908729213558e-17
7.507200076324444e+03 4.678937199077922e-16 1.249223542752259e-17
7.508928872050359e+03 4.538562483139909e-16 1.285517826923145e-17
7.510658065892028e+03 4.483199802738730e-16 1.453593147144053e-17
7.512387657941143e+03 4.639785226456601e-16 1.474892405692547e-17
7.514117648289392e+03 4.642018546814225e-16 1.294386916761476e-17
7.515848037028511e+03 4.589773177227897e-16 1.249313098286934e-17
7.517578824250229e+03 4.716278072402836e-16 1.284297008229839e-17
7.519310010046328e+03 4.335829700007564e-16 1.340160079598267e-17
7.521041594508575e+03 4.919098650119632e-16 1.740966658827706e-17
7.522773577728793e+03 4.579839499776504e-16 2.020446668301115e-17
7.524505959798797e+03 4.476721531915762e-16 1.698522812112476e-17
7.526238740810449e+03 4.784349790455696e-16 1.391558368824300e-17
7.527971920855604e+03 4.567016517188702e-16 1.258871163203651e-17
7.529705500026171e+03 4.714645113210121e-16 1.247891674924927e-17
7.531439478414044e+03 4.759540097796424e-16 1.250653740108891e-17
7.533173856111175e+03 4.545554814418856e-16 1.242052257725765e-17
7.534908633209509e+03 4.877320008101661e-16 1.267666465770916e-17
7.536643809801016e+03 4.746127565060140e-16 1.243619446006313e-17
7.538379385977702e+03 4.692074000237625e-16 1.229617266282301e-17
7.540115361831589e+03 4.637616255902796e-16 1.219971141611320e-17
7.541851737454714e+03 4.663391607137133e-16 1.219719523794966e-17
7.543588512939127e+03 4.558263499336602e-16 1.222856634606747e-17
7.545325688376925e+03 4.723045960505605e-16 1.314094775586860e-17
7.547063263860199e+03 4.859682267585842e-16 1.376342587111583e-17
7.548801239481087e+03 4.577569812531079e-16 1.283690604678324e-17
7.550539615331719e+03 4.605800757745558e-16 1.233840530001678e-17
7.552278391504277e+03 4.549543576681822e-16 1.243227817836188e-17
7.554017568090935e+03 4.682241223335038e-16 1.374147320384967e-17
7.555757145183917e+03 5.002157675995320e-16 1.536330805709976e-17
7.557497122875438e+03 4.444461271395549e-16 1.402953878169406e-17
7.559237501257766e+03 4.538931358189539e-16 1.280026392280295e-17
7.560978280423159e+03 4.595845521830535e-16 1.220689046899815e-17
7.562719460463925e+03 4.595769667144498e-16 1.214062906401861e-17
7.564461041472366e+03 4.653189080145953e-16 1.215705733200186e-17
7.566203023540833e+03 4.590512894527132e-16 1.210357089494930e-17
7.567945406761669e+03 4.691577773530528e-16 1.234951844028636e-17
7.569688191227270e+03 4.726973987139316e-16 1.251905334192886e-17
7.571431377030020e+03 4.625567605057078e-16 1.224461063389260e-17
7.573174964262355e+03 4.534115478595173e-16 1.198092318399799e-17
7.574918953016714e+03 4.649024860427808e-16 1.219584878941670e-17
7.576663343385551e+03 4.632796848702687e-16 1.245763533877598e-17
7.578408135461368e+03 4.507376031125024e-16 1.219274534974676e-17
7.580153329336657e+03 4.557688502877111e-16 1.204383973020352e-17
7.581898925103962e+03 4.538080398902296e-16 1.205161243127397e-17
7.583644922855818e+03 4.514320624588437e-16 1.229989559839479e-17
7.585391322684808e+03 4.492293210571479e-16 1.290981367824965e-17
7.587138124683513e+03 4.476762191402844e-16 1.280726169911400e-17
7.588885328944559e+03 4.589906195538724e-16 1.249054746026632e-17
7.590632935560568e+03 4.382177348584668e-16 1.201695483780190e-17
7.592380944624209e+03 4.414684453135916e-16 1.231358506604144e-17
7.594129356228148e+03 4.348148946667879e-16 1.281872275773833e-17
7.595878170465096e+03 4.264362467846272e-16 1.254185281718477e-17
7.597627387427760e+03 4.446538369595758e-16 1.222903128438003e-17
7.599377007208896e+03 4.271629094627619e-16 1.196827659081842e-17
7.601127029901253e+03 4.176140570330059e-16 1.189618611897573e-17
7.602877455597629e+03 4.318028432004883e-16 1.210845706642438e-17
7.604628284390816e+03 4.263226988607561e-16 1.196026641294828e-17
7.606379516373654e+03 4.355452322285185e-16 1.198359523874024e-17
7.608131151638987e+03 4.384309989528916e-16 1.198616109391809e-17
7.609883190279676e+03 4.294838472155830e-16 1.170358781161246e-17
7.611635632388619e+03 4.225032497795419e-16 1.165326027417699e-17
7.613388478058738e+03 4.311570776462852e-16 1.175655929856550e-17
7.615141727382958e+03 4.376352155582475e-16 1.180359784671587e-17
7.616895380454228e+03 4.471387844578919e-16 1.199438161130996e-17
7.618649437365539e+03 4.459089174562116e-16 1.195916232934029e-17
7.620403898209875e+03 4.454889686946286e-16 1.212090729303131e-17
7.622158763080272e+03 4.229358189286569e-16 1.204037706027342e-17
7.623914032069752e+03 4.444874247139722e-16 1.227740437032671e-17
7.625669705271398e+03 4.348613965554786e-16 1.223755652351105e-17
7.627425782778275e+03 4.699353882271114e-16 1.274817600467931e-17
7.629182264683505e+03 4.219010038718776e-16 1.231322970226516e-17
7.630939151080200e+03 4.434718952213763e-16 1.229387624803083e-17
7.632696442061522e+03 4.441988052268103e-16 1.223833047534724e-17
7.634454137720627e+03 4.203414651423603e-16 1.237301521846715e-17
7.636212238150722e+03 4.256351037509188e-16 1.284323457629621e-17
7.637970743445002e+03 4.282960187110963e-16 1.262905765862054e-17
7.639729653696719e+03 4.400083948226702e-16 1.222559873240893e-17
7.641488968999120e+03 4.178451955418251e-16 1.174697007498457e-17
7.643248689445473e+03 4.365617990630960e-16 1.210162417414064e-17
7.645008815129087e+03 4.376211922954982e-16 1.210435955136905e-17
7.646769346143288e+03 4.402622536182182e-16 1.256456977054488e-17
7.648530282581411e+03 4.381829847127139e-16 1.264457664896959e-17
7.650291624536810e+03 4.385345191433826e-16 1.320429071238107e-17
7.652053372102885e+03 4.326533782771921e-16 1.467335001413678e-17
7.653815525373028e+03 4.110065466228164e-16 1.180471506163872e-17
7.655578084440682e+03 4.060071091555431e-16 1.183227045852264e-17
7.657341049399278e+03 4.308912941399245e-16 1.249317728261821e-17
7.659104420342304e+03 4.091048813167753e-16 1.221383644076632e-17
7.660868197363238e+03 4.267170188873327e-16 1.229309712546875e-17
7.662632380555608e+03 4.144630681406412e-16 1.233746574148325e-17
7.664396970012932e+03 4.019960997800580e-16 1.292034062493390e-17
7.666161965828784e+03 4.151717508186977e-16 1.387139990183780e-17
7.667927368096727e+03 4.287457403400283e-16 1.405389256166893e-17
7.669693176910376e+03 4.261170421799890e-16 1.427207373264957e-17
7.671459392363336e+03 4.275696303618443e-16 1.445704486259967e-17
7.673226014549266e+03 4.214929314850431e-16 1.401372897869215e-17
7.674993043561823e+03 4.320150623199514e-16 1.394693243061471e-17
7.676760479494686e+03 4.322276341558331e-16 1.388263822279820e-17
7.678528322441569e+03 4.197560531446741e-16 1.403899050595233e-17
7.680296572496209e+03 4.522527314258432e-16 1.435534866471234e-17
7.682065229752350e+03 4.396829648146617e-16 1.466384904940690e-17
7.683834294303756e+03 4.352499027594406e-16 1.468945337939309e-17
7.685603766244239e+03 4.318532559232740e-16 1.387818858689569e-17
7.687373645667595e+03 4.163697166531288e-16 1.299160772391637e-17
7.689143932667678e+03 4.021762261310952e-16 1.311775914415980e-17
7.690914627338334e+03 4.257060655966490e-16 1.325512622741496e-17
7.692685729773455e+03 4.359836135166635e-16 1.295260528176874e-17
7.694457240066930e+03 4.288962603653569e-16 1.267138127109752e-17
7.696229158312699e+03 4.268018806654738e-16 1.268815865019755e-17
7.698001484604688e+03 4.184870308167959e-16 1.271665427417400e-17
7.699774219036883e+03 4.388162421553972e-16 1.302799788539316e-17
7.701547361703256e+03 4.222907680639030e-16 1.286050800494905e-17
7.703320912697832e+03 4.169884780298704e-16 1.268242543751817e-17
7.705094872114628e+03 4.187197073017500e-16 1.248546257659565e-17
7.706869240047714e+03 4.382267142088360e-16 1.243713512466753e-17
7.708644016591146e+03 4.093191259637410e-16 1.238406453070668e-17
7.710419201839042e+03 4.091053156674178e-16 1.261667478802198e-17
7.712194795885501e+03 4.087559592098315e-16 1.263314617930329e-17
7.713970798824679e+03 3.854707223663014e-16 1.223610303070490e-17
7.715747210750733e+03 4.006659946632172e-16 1.212060403553059e-17
7.717524031757835e+03 4.162185331657977e-16 1.224951575260113e-17
7.719301261940207e+03 4.025101748386799e-16 1.212619829512851e-17
7.721078901392061e+03 4.205555659632281e-16 1.225852461657654e-17
7.722856950207663e+03 3.936590278710608e-16 1.200620603824007e-17
7.724635408481263e+03 4.123813848203557e-16 1.236180850044417e-17
7.726414276307173e+03 4.214233959869987e-16 1.245074570442390e-17
7.728193553779689e+03 4.436346923148516e-16 1.275451530182618e-17
7.729973240993161e+03 4.178006576116879e-16 1.251755942725549e-17
7.731753338041935e+03 4.283675151789720e-16 1.238688071791012e-17
7.733533845020402e+03 4.262155994400202e-16 1.224690846099016e-17
7.735314762022947e+03 4.276873723926100e-16 1.267603649265900e-17
7.737096089144009e+03 4.337196083484711e-16 1.306704294442728e-17
7.738877826478018e+03 4.325512063339578e-16 1.300587265569675e-17
7.740659974119450e+03 4.429605054240501e-16 1.274568163604228e-17
7.742442532162784e+03 4.195236646388914e-16 1.229360723684174e-17
7.744225500702542e+03 4.301766364516439e-16 1.243024746180441e-17
7.746008879833238e+03 4.317925711487035e-16 1.268221459850917e-17
7.747792669649442e+03 4.255270965132867e-16 1.251669433436078e-17
7.749576870245723e+03 4.111652388870622e-16 1.227647289358760e-17
7.751361481716667e+03 4.035956082339240e-16 1.214071634350028e-17
7.753146504156899e+03 4.153810494183012e-16 1.239234827359400e-17
7.754931937661071e+03 4.193824471802491e-16 1.278814747872165e-17
7.756717782323833e+03 4.183773268752255e-16 1.338079404607557e-17
7.758504038239864e+03 4.231573399807196e-16 1.442243571774668e-17
7.760290705503881e+03 4.079805258515102e-16 1.651970165183120e-17
7.762077784210601e+03 4.272106551932582e-16 1.663251149619755e-17
7.763865274454784e+03 3.678308215819951e-16 1.463339483109701e-17
7.765653176331190e+03 4.344430671237589e-16 1.461563031772191e-17
7.767441489934622e+03 4.056029060246953e-16 1.672183089069485e-17
7.769230215359883e+03 4.589653165935464e-16 2.126201343605826e-17
7.771019352701823e+03 4.008151962665394e-16 1.704425277090273e-17
7.772808902055285e+03 4.217998624445048e-16 1.356295549840533e-17
7.774598863515166e+03 4.052820603880498e-16 1.524362430875861e-17
7.776389237176350e+03 4.154329306228675e-16 1.821396326436649e-17
7.778180023133778e+03 4.551382622888503e-16 2.116352037148102e-17
7.779971221482380e+03 3.818213209596459e-16 2.011015077158766e-17
7.781762832317139e+03 4.575865528439547e-16 1.524985331215614e-17
7.783554855733037e+03 3.974517949174837e-16 1.299330732037004e-17
7.785347291825076e+03 4.333318219366232e-16 1.278232090791324e-17
7.787140140688296e+03 3.934374546712596e-16 1.272583932675138e-17
7.788933402417765e+03 4.211152562810265e-16 1.471120001463415e-17
7.790727077108546e+03 4.085028447240731e-16 1.459141255970802e-17
7.792521164855734e+03 4.248782483510947e-16 1.310631329215697e-17
7.794315665754463e+03 4.199090082099648e-16 1.262355519102868e-17
7.796110579899863e+03 4.200259875410699e-16 1.268509251284774e-17
7.797905907387111e+03 4.360579891858731e-16 1.279044252123784e-17
7.799701648311379e+03 4.087618592586565e-16 1.235138967517285e-17
7.801497802767892e+03 4.250494367685635e-16 1.243343475466598e-17
7.803294370851861e+03 4.025966969375632e-16 1.233573445997186e-17
7.805091352658558e+03 4.478295838467895e-16 1.329248917208564e-17
7.806888748283240e+03 4.242843416946655e-16 1.271425414734696e-17
7.808686557821220e+03 4.265003877679480e-16 1.250910059965333e-17
7.810484781367796e+03 4.190924931048916e-16 1.271340110543483e-17
7.812283419018328e+03 4.299520062820718e-16 1.319895783225752e-17
7.814082470868162e+03 4.155231538138982e-16 1.279009518909030e-17
7.815881937012698e+03 4.023875368038983e-16 1.264025035205761e-17
7.817681817547321e+03 4.181348166661491e-16 1.525547927212710e-17
7.819482112567481e+03 4.655384580925796e-16 2.300504673844057e-17
7.821282822168607e+03 5.026766789139424e-16 3.069890558044645e-17
7.823083946446190e+03 3.094446691424701e-16 2.630956782596485e-17
7.824885485495716e+03 4.502068994507522e-16 1.584074125415226e-17
7.826687439412690e+03 3.790174331257512e-16 1.586721639192770e-17
7.828489808292668e+03 4.519831643032011e-16 2.017372349106160e-17
7.830292592231192e+03 4.101717233943878e-16 1.887734097723665e-17
7.832095791323863e+03 4.318256711609784e-16 1.458074058824322e-17
7.833899405666264e+03 3.943682578916589e-16 1.267272872585838e-17
7.835703435354041e+03 4.149187249812798e-16 1.278697559888988e-17
7.837507880482824e+03 3.900132613562308e-16 1.303160124515972e-17
7.839312741148298e+03 4.114794961770711e-16 1.393176781147568e-17
7.841118017446142e+03 4.212762862955893e-16 1.464509566799935e-17
7.842923709472082e+03 4.142530381860702e-16 1.379348111201265e-17
7.844729817321841e+03 4.279885124676356e-16 1.316783592665905e-17
7.846536341091192e+03 4.047588862097262e-16 1.234538176898291e-17
7.848343280875897e+03 4.122550320256471e-16 1.219598335919118e-17
7.850150636771778e+03 4.223899094182324e-16 1.235474421708992e-17
7.851958408874640e+03 4.265438222532191e-16 1.267558246515014e-17
7.853766597280347e+03 3.908654938106866e-16 1.389564040223002e-17
7.855575202084750e+03 4.421400079648196e-16 1.806821473694214e-17
7.857384223383756e+03 4.157673657467987e-16 1.892349690115184e-17
7.859193661273270e+03 3.970554737486277e-16 1.467813958241618e-17
7.861003515849217e+03 4.135567765832393e-16 1.276596733342964e-17
7.862813787207564e+03 4.290879103031964e-16 1.270885538707805e-17
7.864624475444297e+03 4.161919574684337e-16 1.286758017938555e-17
7.866435580655406e+03 4.388106244582162e-16 1.329770048689002e-17
7.868247102936910e+03 4.113160443556087e-16 1.407810318905314e-17
7.870059042384868e+03 4.168251342637962e-16 1.842903218800847e-17
7.871871399095332e+03 4.608195213030498e-16 2.809570870195502e-17
7.873684173164406e+03 3.662070628987185e-16 2.685409268659757e-17
7.875497364688187e+03 4.072456457758323e-16 1.657173278675012e-17
7.877310973762823e+03 4.011006250780947e-16 1.279239676314613e-17
7.879125000484455e+03 4.046146741550201e-16 1.225718672912105e-17
7.880939444949276e+03 4.028468114008588e-16 1.232088938535018e-17
7.882754307253471e+03 4.042771045292889e-16 1.277706818722765e-17
7.884569587493277e+03 4.365216126012383e-16 1.429401840017081e-17
7.886385285764924e+03 4.483593019244062e-16 1.835575444336711e-17
7.888201402164691e+03 4.246680555466145e-16 1.940772515623913e-17
7.890017936788854e+03 4.051379290489894e-16 1.539650708177395e-17
7.891834889733738e+03 4.138916707256614e-16 1.346135523038552e-17
7.893652261095671e+03 4.219070139867793e-16 1.329587707701940e-17
7.895470050970996e+03 4.194947148073734e-16 1.336886483693807e-17
7.897288259456100e+03 4.307869362285883e-16 1.471846901009761e-17
7.899106886647393e+03 3.609795310981502e-16 2.261777833999617e-17
7.900925932641285e+03 4.932384170453441e-16 3.155844097443009e-17
7.902745397534213e+03 3.985608351137855e-16 3.518443450609750e-17
7.904565281422661e+03 4.400682260202855e-16 2.122746560066395e-17
7.906385584403101e+03 4.144375444076131e-16 1.366158723814367e-17
7.908206306572057e+03 4.050394857761538e-16 1.232117960679751e-17
7.910027448026049e+03 3.922005830385147e-16 1.254930395634292e-17
7.911849008861645e+03 4.133587439476076e-16 1.301252277673553e-17
7.913670989175409e+03 4.182158936364860e-16 1.268643059516592e-17
7.915493389063956e+03 4.264226078113479e-16 1.258013758821497e-17
7.917316208623890e+03 4.080124727803512e-16 1.287414638953788e-17
7.919139447951873e+03 4.130642472988473e-16 1.408435181095287e-17
7.920963107144553e+03 4.241774648270105e-16 1.647007377012422e-17
7.922787186298639e+03 3.904200646565315e-16 1.659404015005823e-17
7.924611685510821e+03 3.987706860949033e-16 1.422013133981373e-17
7.926436604877852e+03 4.133769046352547e-16 1.286970294997334e-17
7.928261944496476e+03 4.032933699648381e-16 1.273047216046366e-17
7.930087704463464e+03 4.123693903838693e-16 1.327965741882980e-17
7.931913884875624e+03 3.495253546763810e-16 1.637606317862333e-17
7.933740485829787e+03 4.873609547851492e-16 2.414220822885092e-17
7.935567507422787e+03 3.232396881676849e-16 2.489628885533105e-17
7.937394949751486e+03 4.252781562282464e-16 1.729819839944189e-17
7.939222812912787e+03 4.084453420745146e-16 1.341657306443297e-17
7.941051097003588e+03 3.973941205296834e-16 1.272723567443241e-17
7.942879802120836e+03 3.943625557204218e-16 1.253640138343730e-17
7.944708928361471e+03 3.891749724230817e-16 1.229911887100269e-17
7.946538475822490e+03 3.767615612900059e-16 1.199005937258472e-17
7.948368444600875e+03 4.146372237271390e-16 1.241479334869956e-17
7.950198834793667e+03 3.756931732312245e-16 1.212386153864677e-17
7.952029646497894e+03 4.126213525271314e-16 1.259204086017563e-17
7.953860879810641e+03 4.216764400147760e-16 1.276873085889166e-17
7.955692534828981e+03 4.058808457621631e-16 1.271598624823284e-17
7.957524611650043e+03 4.158993194143407e-16 1.327179233340184e-17
7.959357110370946e+03 4.325646646669199e-16 1.499822030339088e-17
7.961190031088863e+03 4.323326058256091e-16 1.548009481662306e-17
7.963023373900957e+03 4.241455216953061e-16 1.396438390899537e-17
7.964857138904447e+03 4.303872659222845e-16 1.321671687366601e-17
7.966691326196543e+03 4.285288062118676e-16 1.344812106846281e-17
7.968525935874505e+03 4.168823256776789e-16 1.455132635911048e-17
7.970360968035594e+03 4.494505866328120e-16 1.896350038594121e-17
7.972196422777094e+03 4.037535422759930e-16 2.129567120988547e-17
7.974032300196328e+03 4.122978538034108e-16 1.674908491208054e-17
7.975868600390640e+03 4.389360051436430e-16 1.406545158203748e-17
7.977705323457380e+03 4.294943485248996e-16 1.334016200156357e-17
7.979542469493921e+03 4.175153585229016e-16 1.313707042157250e-17
7.981380038597686e+03 4.318216979569968e-16 1.347219055903057e-17
7.983218030866080e+03 4.194144294082407e-16 1.346001455326345e-17
7.985056446396571e+03 4.183748849756450e-16 1.342787699078596e-17
7.986895285286611e+03 4.248007120536113e-16 1.328147204939266e-17
7.988734547633713e+03 4.179849614776060e-16 1.296107246755666e-17
7.990574233535373e+03 4.234078996334794e-16 1.299530239305200e-17
7.992414343089149e+03 4.036646558454494e-16 1.290519701557134e-17
7.994254876392582e+03 4.197895989888082e-16 1.338729176615115e-17
7.996095833543276e+03 4.210456131351425e-16 1.370131399325772e-17
7.997937214638815e+03 4.052756583436720e-16 1.336382380898083e-17
7.999779019776847e+03 4.059907391011808e-16 1.297404312017319e-17
8.001621249055006e+03 4.235250356571181e-16 1.370482377020149e-17
8.003463902570980e+03 3.990243810534307e-16 1.413281501561375e-17
8.005306980422458e+03 4.272674356840841e-16 1.441281745799555e-17
8.007150482707148e+03 4.043743827680769e-16 1.353933893186249e-17
8.008994409522800e+03 4.343642478214217e-16 1.363221798449062e-17
8.010838760967187e+03 4.552933173257999e-16 1.459923946319976e-17
8.012683537138084e+03 4.299207078534477e-16 1.538354073205454e-17
8.014528738133293e+03 4.161146745970647e-16 1.484205608678745e-17
8.016374364050656e+03 4.427661703149553e-16 1.400392317441440e-17
8.018220414988017e+03 4.181605670481467e-16 1.341488592321547e-17
8.020066891043265e+03 4.358143113911537e-16 1.350319713409842e-17
8.021913792314280e+03 4.363160148911211e-16 1.338763372565748e-17
8.023761118899000e+03 4.074887269603929e-16 1.302498597684767e-17
8.025608870895356e+03 4.327561718432503e-16 1.337207622924474e-17
8.027457048401325e+03 4.313627022944346e-16 1.343831577660428e-17
8.029305651514882e+03 4.185771256247685e-16 1.344019237238712e-17
8.031154680334053e+03 4.438313310538826e-16 1.373193746220494e-17
8.033004134956856e+03 4.211164028726873e-16 1.358085070168758e-17
8.034854015481364e+03 4.330165671966421e-16 1.360330793283890e-17
8.036704322005638e+03 4.213972609537378e-16 1.343370647943410e-17
8.038555054627797e+03 4.220544111753439e-16 1.349871549642169e-17
8.040406213445958e+03 4.260863529109874e-16 1.345442449065052e-17
8.042257798558257e+03 4.170645620021076e-16 1.307284630063392e-17
8.044109810062871e+03 4.217914125346926e-16 1.317286962385449e-17
8.045962248058002e+03 4.074378499462942e-16 1.328798399043925e-17
8.047815112641854e+03 4.196019036984043e-16 1.388457032760525e-17
8.049668403912659e+03 4.011347493131903e-16 1.404182068521700e-17
8.051522121968691e+03 4.286048718991901e-16 1.401944602218729e-17
8.053376266908214e+03 4.213686950144562e-16 1.344742524286389e-17
8.055230838829553e+03 4.233514114708289e-16 1.365305361570063e-17
8.057085837831016e+03 4.538087763976860e-16 1.469667251535885e-17
8.058941264010972e+03 4.461183172689125e-16 1.489144853576856e-17
8.060797117467777e+03 4.359941418951740e-16 1.420546058610698e-17
8.062653398299840e+03 4.358122375079284e-16 1.388213942013334e-17
8.064510106605567e+03 4.247388105307166e-16 1.382629143829412e-17
8.066367242483411e+03 3.921610966961674e-16 1.341942075737536e-17
8.068224806031822e+03 4.215133492427368e-16 1.378369783840477e-17
8.070082797349302e+03 4.146791068525310e-16 1.397001619693610e-17
8.071941216534344e+03 3.735841246453623e-16 1.389584775498970e-17
8.073800063685492e+03 3.725516264479771e-16 1.427558660345676e-17
8.075659338901289e+03 4.054234264220609e-16 1.467961841777987e-17
8.077519042280325e+03 3.960925029299855e-16 1.485192224846947e-17
8.079379173921185e+03 3.991633913968522e-16 1.561444195170324e-17
8.081239733922506e+03 4.294100802692299e-16 1.637732823530557e-17
8.083100722382926e+03 4.298263726765352e-16 1.700443665527065e-17
8.084962139401106e+03 4.270158186681232e-16 1.784284286512880e-17
8.086823985075748e+03 4.174281642024881e-16 1.776342352214989e-17
8.088686259505553e+03 4.266605508109646e-16 1.780637598555065e-17
8.090548962789272e+03 4.143715581563013e-16 1.705867330514569e-17
8.092412095025647e+03 4.306726071219636e-16 1.710196387368655e-17
8.094275656313477e+03 4.000995734361375e-16 1.703654903493879e-17
8.096139646751548e+03 4.494341393354630e-16 1.701715353744027e-17
8.098004066438702e+03 4.326192509429707e-16 1.552176242520628e-17
8.099868915473778e+03 3.931718311078211e-16 1.483141787583624e-17
8.101734193955659e+03 3.873163023709907e-16 1.484584615587193e-17
8.103599901983226e+03 4.420685501421712e-16 1.574302746620032e-17
8.105466039655414e+03 4.426272881336647e-16 1.683666028811584e-17
8.107332607071146e+03 4.003976614968805e-16 1.803207208495848e-17
8.109199604329403e+03 4.009011380271946e-16 1.703323086518355e-17
8.111067031529155e+03 4.342370943316477e-16 1.737889873714895e-17
8.112934888769425e+03 4.356689679432702e-16 1.845824629488518e-17
8.114803176149229e+03 3.919467157356560e-16 1.767772092298950e-17
8.116671893767641e+03 4.692079801904061e-16 1.819173809549978e-17
8.118541041723731e+03 4.026216399769086e-16 1.705897975366028e-17
8.120410620116586e+03 4.394040385583221e-16 1.769499780634846e-17
8.122280629045342e+03 4.054225250804528e-16 1.847113806223865e-17
8.124151068609149e+03 3.988932421305053e-16 1.791701509082102e-17
8.126021938907172e+03 4.577491498191956e-16 1.862377444305854e-17
8.127893240038590e+03 4.083198102386741e-16 1.817767759226116e-17
8.129764972102638e+03 4.442016530693228e-16 1.773924445986344e-17
8.131637135198534e+03 4.482571662216646e-16 1.729374874370166e-17
8.133509729425557e+03 4.369570747849373e-16 1.608314451916897e-17
8.135382754882971e+03 4.376304031801505e-16 1.648228341771024e-17
8.137256211670102e+03 4.380476290462200e-16 1.677823862923704e-17
8.139130099886258e+03 4.187669021267302e-16 1.568549445976723e-17
8.141004419630810e+03 4.156487528753881e-16 1.537629384672801e-17
8.142879171003115e+03 4.288447530824564e-16 1.514774441489546e-17
8.144754354102585e+03 3.889041504892390e-16 1.436589756742749e-17
8.146629969028629e+03 4.201656226220304e-16 1.481974035939288e-17
8.148506015880702e+03 4.167175605201433e-16 1.469450483993845e-17
8.150382494758255e+03 4.186412684195769e-16 1.451473814103044e-17
8.152259405760795e+03 4.206760798956806e-16 1.463023783778650e-17
8.154136748987822e+03 4.250972911072485e-16 1.462728875276770e-17
8.156014524538868e+03 4.325402493469082e-16 1.456045338062749e-17
8.157892732513493e+03 4.058276291599397e-16 1.440169135556536e-17
8.159771373011290e+03 4.255120170121408e-16 1.482821390692985e-17
8.161650446131852e+03 4.213973694474691e-16 1.474776513156420e-17
8.163529951974800e+03 4.162285162145239e-16 1.452685677872813e-17
8.165409890639799e+03 4.422130091978999e-16 1.490105433905322e-17
8.167290262226503e+03 4.624720788947955e-16 1.540352975738742e-17
8.169171066834626e+03 4.282338150032677e-16 1.514195298743631e-17
8.171052304563867e+03 4.523906990160082e-16 1.520643565047568e-17
8.172933975513989e+03 4.653894809138079e-16 1.506847404801844e-17
8.174816079784734e+03 4.433969972149399e-16 1.460253276017339e-17
8.176698617475909e+03 4.329505703241006e-16 1.462342032102520e-17
8.178581588687309e+03 4.124843933927521e-16 1.471761383899567e-17
8.180464993518781e+03 4.159176938748146e-16 1.481054158942356e-17
8.182348832070164e+03 4.131706090281231e-16 1.443922761606431e-17
8.184233104441358e+03 4.319154441813788e-16 1.437555216159701e-17
8.186117810732243e+03 4.237156013123977e-16 1.444506379240037e-17
8.188002951042767e+03 4.199829181604434e-16 1.463320213734623e-17
8.189888525472865e+03 4.121508162721238e-16 1.461168997221053e-17
8.191774534122502e+03 4.082569168217130e-16 1.459689428559610e-17
8.193660977091678e+03 4.204096093383636e-16 1.488452274035359e-17
8.195547854480423e+03 4.603423267736891e-16 1.532006030097971e-17
8.197435166388766e+03 4.059443986790531e-16 1.749638867691029e-17
8.199322912916763e+03 4.056832444394536e-16 1.526075044763025e-17
8.201211094164517e+03 4.003128671850966e-16 1.471487337773380e-17
8.203099710232120e+03 4.324498558359062e-16 1.482755597875990e-17
8.204988761219724e+03 4.125039820166301e-16 1.463693589028811e-17
8.206878247227463e+03 4.373385108653070e-16 1.576531099059529e-17
8.208768168355537e+03 4.492428037901407e-16 1.979363292745581e-17
8.210658524704128e+03 4.523162823065619e-16 2.479497215503961e-17
8.212549316373477e+03 3.978930171443165e-16 2.412762666951681e-17
8.214440543463817e+03 4.239524140737104e-16 2.320584005145576e-17
8.216332206075436e+03 4.369456748657887e-16 2.601505872353061e-17
8.218224304308613e+03 4.200596185038894e-16 2.604385185094612e-17
8.220116838263677e+03 3.877094561854065e-16 2.097198467907744e-17
8.222009808040953e+03 4.145468099513543e-16 1.702213982471795e-17
8.223903213740823e+03 4.331420797209418e-16 1.873906749164008e-17
8.225797055463656e+03 4.662600965400871e-16 2.356459047706846e-17
8.227691333309876e+03 3.908783714624362e-16 2.846088066165755e-17
8.229586047379904e+03 3.853754720454672e-16 2.709543109873809e-17
8.231481197774208e+03 4.348687038534523e-16 1.845638435403031e-17
8.233376784593260e+03 4.316854534864532e-16 1.566377377189180e-17
8.235272807937554e+03 4.237708715703909e-16 1.543197974948866e-17
8.237169267907622e+03 4.066329189561954e-16 1.742596510919357e-17
8.239066164604024e+03 4.564346841237924e-16 2.138187862463454e-17
8.240963498127321e+03 4.093490873902977e-16 2.017648340870116e-17
8.242861268578097e+03 4.228001617397927e-16 1.656700293620257e-17
8.244759476056992e+03 4.390160690413290e-16 1.547755087770110e-17
8.246658120664628e+03 4.206410598440239e-16 1.510030484145810e-17
8.248557202501681e+03 4.147943805887657e-16 1.482574710462735e-17
8.250456721668830e+03 4.348270494741655e-16 1.502917462932159e-17
8.252356678266799e+03 4.279067402802411e-16 1.514935205380257e-17
8.254257072396302e+03 4.268031534013154e-16 1.543861218668135e-17
8.256157904158115e+03 4.347811945110406e-16 1.611712706773207e-17
8.258059173653002e+03 4.109906943415360e-16 1.601909293280202e-17
8.259960880981784e+03 4.401733642285762e-16 1.570315836975600e-17
8.261863026245266e+03 4.200213374848045e-16 1.507813030810818e-17
8.263765609544322e+03 4.169944095215309e-16 1.502641479972358e-17
8.265668630979801e+03 4.139922870273255e-16 1.513386044852008e-17
8.267572090652622e+03 4.373547641405530e-16 1.675540894624278e-17
8.269475988663691e+03 4.449356353268089e-16 2.049407014370687e-17
8.271380325113945e+03 4.329427242467758e-16 3.445042386412071e-17
8.273285100104360e+03 4.305181515782246e-16 5.198991694767655e-17
8.275190313735931e+03 3.298994303924548e-16 4.615032478354222e-17
8.277095966109662e+03 4.854393231924683e-16 2.276079223216250e-17
8.279002057326581e+03 3.956569687958452e-16 1.936045696215892e-17
8.280908587487766e+03 4.570213118917258e-16 2.632259678400949e-17
8.282815556694277e+03 3.528855571587711e-16 2.830888822950601e-17
8.284722965047244e+03 3.976863178086071e-16 1.981653969074979e-17
8.286630812647771e+03 4.468295855402414e-16 1.630269350775719e-17
8.288539099597034e+03 4.199965938850912e-16 1.518017118798086e-17
8.290447825996187e+03 4.170547574438657e-16 1.552040466192862e-17
8.292356991946446e+03 4.056258264113604e-16 1.670878531284939e-17
8.294266597549020e+03 4.133299697943684e-16 1.878869759244347e-17
8.296176642905166e+03 4.118764376314226e-16 1.773072874133122e-17
8.298087128116138e+03 4.368540414346545e-16 1.603877119921430e-17
8.299998053283247e+03 4.169952469113791e-16 1.554035068688509e-17
8.301909418507787e+03 4.138206477842351e-16 1.537839251546954e-17
8.303821223891118e+03 4.192927409786392e-16 1.547153840908116e-17
8.305733469534591e+03 4.233441793407282e-16 1.585164602546466e-17
8.307646155539582e+03 3.942950485611318e-16 1.671629991916374e-17
8.309559282007513e+03 4.278555944885978e-16 2.069910283971246e-17
8.311472849039816e+03 4.214479687396776e-16 2.397489591370183e-17
8.313386856737947e+03 3.806092327410323e-16 2.103983286810881e-17
8.315301305203371e+03 4.092836917629364e-16 1.689510060381502e-17
8.317216194537606e+03 3.985216710273258e-16 1.542622069154263e-17
8.319131524842167e+03 4.349105137237808e-16 1.540997977466481e-17
8.321047296218612e+03 4.316051476942571e-16 1.527773225256262e-17
8.322963508768500e+03 4.094634141995876e-16 1.551576100001367e-17
8.324880162593445e+03 4.491567307618495e-16 1.891506276676624e-17
8.326797257795048e+03 4.627490794734095e-16 3.653152789018834e-17
8.328714794474967e+03 5.142125536440966e-16 5.362757541143126e-17
8.330632772734851e+03 3.739581638178786e-16 3.724748231953511e-17
8.332551192676408e+03 4.328245348964309e-16 2.092468200086390e-17
8.334470054401330e+03 3.980144567557783e-16 1.549635136506417e-17
8.336389358011376e+03 4.177037911745594e-16 1.553959980178254e-17
8.338309103608284e+03 3.993282801452843e-16 1.614361409564064e-17
8.340229291293857e+03 4.153766142052111e-16 1.622503805185266e-17
8.342149921169881e+03 4.282839836011236e-16 1.875001664555241e-17
8.344070993338204e+03 4.739147449772041e-16 2.756145804823857e-17
8.345992507900664e+03 3.785488754197049e-16 2.677684750055858e-17
8.347914464959154e+03 3.998254699558539e-16 1.844463222644043e-17
8.349836864615565e+03 4.007748223792333e-16 1.539673005426058e-17
8.351759706971810e+03 3.926492946683428e-16 1.505574542382606e-17
8.353682992129858e+03 3.869053500546210e-16 1.563323353924360e-17
8.355606720191661e+03 4.116316061719644e-16 1.791587687915037e-17
8.357530891259226e+03 4.161003887955821e-16 2.523871524527867e-17
8.359455505434560e+03 5.538378926586189e-16 4.461719142548291e-17
8.361380562819717e+03 2.298768231854423e-16 5.083055246998398e-17
8.363306063516744e+03 4.347655077964045e-16 2.680162981417920e-17
8.365232007627750e+03 4.105985185741268e-16 1.660179915126738e-17
8.367158395254824e+03 4.183958960905101e-16 1.555314293234240e-17
8.369085226500125e+03 4.027903167306603e-16 1.581961858296648e-17
8.371012501465788e+03 3.883539527519261e-16 1.559865304049231e-17
8.372940220254017e+03 3.879029299568258e-16 1.484853771026986e-17
8.374868382966999e+03 4.460028439823495e-16 1.563710514407408e-17
8.376796989706978e+03 4.162860136897287e-16 1.560479032323517e-17
8.378726040576194e+03 4.030100688216468e-16 1.657684028749159e-17
8.380655535676937e+03 4.224881209056118e-16 2.044057815843053e-17
8.382585475111491e+03 3.667937834495945e-16 2.422889719876928e-17
8.384515858982195e+03 3.880642914611068e-16 2.122674405679335e-17
8.386446687391390e+03 4.174624665657700e-16 1.676963413757629e-17
8.388377960441439e+03 4.061112511514859e-16 1.496041761314571e-17
8.390309678234740e+03 3.890507722941329e-16 1.521857017840633e-17
8.392241840873723e+03 4.072309207435708e-16 1.964395831897218e-17
8.394174448460819e+03 4.660746918620815e-16 3.249825012281118e-17
8.396107501098484e+03 3.704973986522683e-16 4.374374103005034e-17
8.398040998889226e+03 3.603343812439490e-16 2.946128637848658e-17
8.399974941935538e+03 4.326506347632677e-16 1.906004834832767e-17
8.401909330339971e+03 4.349567712392964e-16 1.693793599350040e-17
8.403844164205073e+03 3.957274559520200e-16 1.543304437422930e-17
8.405779443633439e+03 4.038349418036197e-16 1.528630856053811e-17
8.407715168727660e+03 4.205740598673014e-16 1.575157831673192e-17
8.409651339590384e+03 3.916905011138074e-16 1.570811921032000e-17
8.411587956324245e+03 4.314896958454592e-16 1.594613106814144e-17
8.413525019031940e+03 4.357007000352986e-16 1.577702746389729e-17
8.415462527816153e+03 3.954913489423541e-16 1.540875131633885e-17
8.417400482779625e+03 4.182230556690989e-16 1.618527344479244e-17
8.419338884025088e+03 4.079045228555670e-16 1.855444010424197e-17
8.421277731655331e+03 4.257950090924360e-16 1.913636531555293e-17
8.423217025773140e+03 4.248320663687593e-16 1.995664328248752e-17
8.425156766481326e+03 3.864262430254758e-16 2.102595813987264e-17
8.427096953882743e+03 3.652804110757228e-16 1.896834960428497e-17
8.429037588080264e+03 4.038106001513475e-16 1.741840202034576e-17
8.430978669176771e+03 3.971182305826631e-16 1.675219157564608e-17
8.432920197275173e+03 3.970484058633315e-16 1.826950721473220e-17
8.434862172478421e+03 4.265396620806169e-16 2.542247864548980e-17
8.436804594889460e+03 3.734853687160456e-16 3.072857405257838e-17
8.438747464611291e+03 3.741572265729437e-16 2.592317614128016e-17
8.440690781746909e+03 4.015054033556561e-16 1.897394563940627e-17
8.442634546399364e+03 3.749108586556362e-16 1.647957455032914e-17
8.444578758671692e+03 3.702588031216901e-16 1.538963971959813e-17
8.446523418666993e+03 3.508626613989797e-16 1.453222967719807e-17
8.448468526488354e+03 3.688898077869045e-16 1.472697194830752e-17
8.450414082238916e+03 3.945540968263157e-16 1.556069586005757e-17
8.452360086021819e+03 4.141058527211162e-16 1.590895944956056e-17
8.454306537940251e+03 3.753938443614592e-16 1.524871579599754e-17
8.456253438097394e+03 3.776564741406015e-16 1.574045864037632e-17
8.458200786596490e+03 3.913401833798856e-16 1.619174869643520e-17
8.460148583540768e+03 3.963239750842320e-16 1.640051557942937e-17
8.462096829033511e+03 3.902517734979805e-16 1.607209973926802e-17
8.464045523178003e+03 3.756888715603424e-16 1.572423919382206e-17
8.465994666077573e+03 4.042712158794669e-16 1.591748746736142e-17
8.467944257835557e+03 3.880922080205958e-16 1.602921831863177e-17
8.469894298555311e+03 3.798132008901290e-16 1.741039048671918e-17
8.471844788340242e+03 3.986812971528093e-16 1.795213950125044e-17
8.473795727293744e+03 3.951797918701351e-16 1.639775809238613e-17
8.475747115519272e+03 3.740222237978414e-16 1.573855285352498e-17
8.477698953120271e+03 4.312447108235651e-16 1.676154788786384e-17
8.479651240200241e+03 3.999890361304165e-16 1.849225676243214e-17
8.481603976862672e+03 4.106577340570602e-16 2.167879776131639e-17
8.483557163211115e+03 3.816868075723249e-16 2.025744604013063e-17
8.485510799349107e+03 3.750432739211744e-16 1.708090315006225e-17
8.487464885380250e+03 3.898126093744152e-16 1.607644022573843e-17
8.489419421408124e+03 3.740567169553747e-16 1.556401002000610e-17
8.491374407536377e+03 4.185776782099165e-16 1.599355483238023e-17
8.493329843868642e+03 3.554436703936278e-16 1.543498800126092e-17
8.495285730508615e+03 3.801648842982956e-16 1.562496508300689e-17
8.497242067559971e+03 3.656849402128756e-16 1.542056837912359e-17
8.499198855126457e+03 3.803579110426639e-16 1.580079709723907e-17
8.501156093311800e+03 3.161825810253312e-16 1.569307570932384e-17
8.503113782219785e+03 3.514062676617628e-16 1.618672973735429e-17
8.505071921954204e+03 3.557433414382807e-16 1.659455835493785e-17
8.507030512618863e+03 3.720190857283057e-16 1.640050436864544e-17
8.508989554317614e+03 3.800965107958582e-16 1.628770054853237e-17
8.510949047154330e+03 3.686922088600598e-16 1.640527734250500e-17
8.512908991232898e+03 3.733409295348282e-16 1.586602623075327e-17
8.514869386657218e+03 3.839691879157299e-16 1.605330993953148e-17
8.516830233531249e+03 3.820225745357489e-16 1.657073483757960e-17
8.518791531958934e+03 3.926391346645405e-16 1.671941409316181e-17
8.520753282044276e+03 4.013342358069867e-16 1.743377981485537e-17
8.522715483891270e+03 3.769865658982595e-16 1.805990119329157e-17
8.524678137603965e+03 4.098376713323179e-16 1.824403533993757e-17
8.526641243286404e+03 3.781656776058731e-16 1.699397398506486e-17
8.528604801042682e+03 3.638946108887003e-16 1.728254620690380e-17
8.530568810976893e+03 4.036215885043489e-16 1.890309604979578e-17
8.532533273193179e+03 3.549693698304573e-16 1.803894783617569e-17
8.534498187795682e+03 3.457505661837343e-16 1.716083432405051e-17
8.536463554888589e+03 3.375400665769714e-16 1.611157110076844e-17
8.538429374576092e+03 3.159465649302535e-16 1.548841552979522e-17
8.540395646962432e+03 3.357537122342677e-16 1.581267977195168e-17
8.542362372151849e+03 3.050626794149115e-16 1.577897928026593e-17
8.544329550248607e+03 3.038126653892869e-16 1.562954423053864e-17
8.546297181357015e+03 2.798060038634761e-16 1.575332275677787e-17
8.548265265581402e+03 3.027211572465058e-16 1.555288709679468e-17
8.550233803026107e+03 3.317309354143749e-16 1.528255500093622e-17
8.552202793795488e+03 3.594567747858485e-16 1.578719647089245e-17
8.554172237993958e+03 3.589409548018853e-16 1.618347998319357e-17
8.556142135725921e+03 3.799361712533847e-16 1.694951552909572e-17
8.558112487095828e+03 3.979811911558934e-16 1.759985213199984e-17
8.560083292208135e+03 3.902827796340134e-16 1.741897053120886e-17
8.562054551167348e+03 3.647152868360929e-16 1.721050555003587e-17
8.564026264077960e+03 3.947711672837045e-16 1.761022376684456e-17
8.565998431044532e+03 3.988395644241779e-16 1.699708469073997e-17
8.567971052171606e+03 3.901238510047165e-16 1.650464768805958e-17
8.569944127563786e+03 4.015626884638448e-16 1.667036724050377e-17
8.571917657325665e+03 4.086404324749131e-16 1.664857387181085e-17
8.573891641561893e+03 4.049164649651408e-16 1.666301503008856e-17
8.575866080377114e+03 3.746376944653217e-16 1.672687177990572e-17
8.577840973876027e+03 3.966726308584386e-16 1.844218267306405e-17
8.579816322163333e+03 4.208809889088831e-16 1.963952868835587e-17
8.581792125343751e+03 3.996462508275996e-16 1.849492054177353e-17
8.583768383522045e+03 3.669997767825751e-16 1.786704010049778e-17
8.585745096803004e+03 3.830685371452628e-16 1.824286618931933e-17
8.587722265291419e+03 3.969762629508456e-16 1.888842273893294e-17
8.589699889092115e+03 3.814799866105297e-16 1.801858933192692e-17
8.591677968309958e+03 3.900958199702367e-16 2.133250259979060e-17
8.593656503049804e+03 4.027146165999923e-16 2.174161330169905e-17
8.595635493416576e+03 4.329359980866146e-16 2.130991304396186e-17
8.597614939515173e+03 3.761328859475970e-16 1.790547465977909e-17
8.599594841450567e+03 4.041777686393750e-16 1.852365082740652e-17
8.601575199327710e+03 3.941764138471633e-16 1.821119010371523e-17
8.603556013251618e+03 4.000596880743099e-16 1.761656695021784e-17
8.605537283327292e+03 4.151226223110373e-16 1.779431299019276e-17
8.607519009659796e+03 4.042539577226215e-16 1.745305642628323e-17
8.609501192354179e+03 4.089360396241579e-16 1.760063723773089e-17
8.611483831515556e+03 4.073992345463289e-16 1.718644279433318e-17
8.613466927249023e+03 3.675980360354598e-16 1.663337850636225e-17
8.615450479659743e+03 3.861688060359373e-16 1.709206639238760e-17
8.617434488852861e+03 3.580134012273844e-16 1.701076496278295e-17
8.619418954933586e+03 4.025618907256220e-16 1.791563044701055e-17
8.621403878007115e+03 4.479799942150427e-16 1.824688255485506e-17
8.623389258178706e+03 3.738269061934124e-16 1.710480963650142e-17
8.625375095553609e+03 4.254722644774334e-16 1.789265751904814e-17
8.627361390237105e+03 4.024754718844734e-16 1.804558296811345e-17
8.629348142334522e+03 4.061721394186018e-16 1.858440834481474e-17
8.631335351951180e+03 3.908105405475009e-16 1.857589858144561e-17
8.633323019192454e+03 3.726032794698067e-16 1.866489574005977e-17
8.635311144163712e+03 3.981536900361565e-16 1.949248874841782e-17
8.637299726970377e+03 3.981534595415258e-16 0.000000000000000e+00
8.639288767717868e+03 3.981532728500537e-16 0.000000000000000e+00
8.641278266511656e+03 3.981542247656738e-16 0.000000000000000e+00
