3.779194892141100e+03 8.689837067616313e-15 0.000000000000000e+00
3.780065184115540e+03 8.686163810275907e-15 1.086485553290825e-15
3.780935676505181e+03 8.269773898519045e-15 0.000000000000000e+00
3.781806369356183e+03 7.853757265120182e-15 1.032851544338001e-15
3.782677262714704e+03 7.181023505502894e-15 1.001194159431568e-15
3.783548356626924e+03 7.391487876290706e-15 1.004835088193992e-15
3.784419651139019e+03 7.107335094892999e-15 9.883127857132288e-16
3.785291146297192e+03 8.846178732092610e-15 1.010008185075145e-15
3.786162842147643e+03 8.225364421381179e-15 9.964888958018372e-16
3.787034738736595e+03 6.652681830118143e-15 9.550846382220766e-16
3.787906836110267e+03 6.800081095239798e-15 9.446847539621272e-16
3.788779134314905e+03 7.754428943419398e-15 9.584819388632059e-16
3.789651633396749e+03 7.722185452113103e-15 9.544536224360955e-16
3.790524333402066e+03 8.852241275519876e-15 9.487786192850290e-16
3.791397234377118e+03 9.597788858248582e-15 9.568623712896950e-16
3.792270336368193e+03 7.346844442033223e-15 9.095723175769020e-16
3.793143639421575e+03 7.846560629539301e-15 9.153433166000489e-16
3.794017143583572e+03 5.435208466791810e-15 8.717342532879570e-16
3.794890848900490e+03 5.512900003897911e-15 8.698278859993942e-16
3.795764755418658e+03 7.790798902354458e-15 9.416408289566126e-16
3.796638863184404e+03 1.248012347201173e-14 1.052658248785922e-15
3.797513172244078e+03 1.418193407093186e-14 1.101231543695757e-15
3.798387682644033e+03 1.380424618461104e-14 1.099168241835908e-15
3.799262394430629e+03 1.157392740995292e-14 1.020591638879164e-15
3.800137307650250e+03 7.183530799469752e-15 9.476292448204140e-16
3.801012422349278e+03 6.318182600035038e-15 9.092793637113590e-16
3.801887738574115e+03 7.763716145227314e-15 9.297986082941588e-16
3.802763256371164e+03 1.022882355989503e-14 9.687264668690701e-16
3.803638975786851e+03 8.335025564763513e-15 9.014858743274546e-16
3.804514896867598e+03 9.675632347912204e-15 9.115145058352523e-16
3.805391019659853e+03 8.491545503376100e-15 8.780887835375237e-16
3.806267344210060e+03 8.119040673876076e-15 8.707746795051210e-16
3.807143870564687e+03 9.288099277631020e-15 8.857326498839012e-16
3.808020598770202e+03 8.029799101837135e-15 8.625334855366094e-16
3.808897528873092e+03 6.899266842537335e-15 8.418559103313336e-16
3.809774660919846e+03 9.240476343362488e-15 8.930741159987924e-16
3.810651994956976e+03 9.910618584998776e-15 9.290207365183876e-16
3.811529531030988e+03 9.210481047985651e-15 9.433680014200231e-16
3.812407269188418e+03 8.056746511184190e-15 9.401082025965202e-16
3.813285209475793e+03 8.512053322497525e-15 9.631434506783508e-16
3.814163351939670e+03 9.558977189352271e-15 9.765962347527882e-16
3.815041696626602e+03 9.704660914470539e-15 9.713119008885830e-16
3.815920243583155e+03 8.826325318932940e-15 9.379233158949422e-16
3.816798992855915e+03 7.530074045152639e-15 8.992838887177707e-16
3.817677944491468e+03 7.291930392327816e-15 8.668744247258390e-16
3.818557098536419e+03 9.765342251333998e-15 8.931709257903324e-16
3.819436455037373e+03 9.087002234850967e-15 8.731686163222930e-16
3.820316014040963e+03 8.866779518200708e-15 8.696159348524678e-16
3.821195775593811e+03 9.001454694465310e-15 8.716671265780127e-16
3.822075739742571e+03 8.780843013872773e-15 8.649686947874935e-16
3.822955906533889e+03 9.234409605673041e-15 8.706905702436740e-16
3.823836276014439e+03 9.010891995684680e-15 8.683983668379474e-16
3.824716848230890e+03 7.410967413072875e-15 8.497712691210888e-16
3.825597623229935e+03 6.835160343963758e-15 8.468925566372876e-16
3.826478601058266e+03 7.784178260644922e-15 8.722497204060046e-16
3.827359781762598e+03 8.159840565624288e-15 8.845149628951855e-16
3.828241165389643e+03 7.464196351840154e-15 8.580028692509375e-16
3.829122751986139e+03 8.592807616970208e-15 8.657812211834004e-16
3.830004541598818e+03 8.189341623140889e-15 8.318761047498485e-16
3.830886534274441e+03 7.154632337249340e-15 7.988483413198322e-16
3.831768730059762e+03 6.139729619645388e-15 7.659383646080616e-16
3.832651129001561e+03 5.861161894332794e-15 7.652475097413664e-16
3.833533731146619e+03 8.877452815434838e-15 8.239865269991121e-16
3.834416536541726e+03 1.469211665289757e-14 9.513801126820952e-16
3.835299545233697e+03 1.752239110586444e-14 1.020986883372877e-15
3.836182757269338e+03 1.653791587234764e-14 9.922082624437650e-16
3.837066172695485e+03 1.243135716194353e-14 9.109695362380436e-16
3.837949791558968e+03 7.545543188694744e-15 8.088610395015103e-16
3.838833613906643e+03 6.635097205927220e-15 7.834434630426828e-16
3.839717639785363e+03 7.096067437625685e-15 7.752685752535907e-16
3.840601869242004e+03 7.659834552644062e-15 7.897034071327055e-16
3.841486302323440e+03 8.325645734358328e-15 7.768283739267502e-16
3.842370939076570e+03 7.413558307598356e-15 7.560569643979513e-16
3.843255779548289e+03 7.572911489032640e-15 7.492230645856775e-16
3.844140823785520e+03 8.135986460028423e-15 7.634788625328595e-16
3.845026071835176e+03 8.046774773037734e-15 7.521495579625099e-16
3.845911523744202e+03 9.098229537623841e-15 7.803513795406949e-16
3.846797179559536e+03 8.736774997664424e-15 7.769769557873134e-16
3.847683039328141e+03 9.426618380657836e-15 7.874045761022432e-16
3.848569103096978e+03 8.765743551127282e-15 7.910421335447211e-16
3.849455370913032e+03 7.999409548654948e-15 7.946120979030928e-16
3.850341842823289e+03 9.409132967832890e-15 8.297404303814856e-16
3.851228518874744e+03 8.418375231009686e-15 8.336379260178559e-16
3.852115399114415e+03 9.358037175354408e-15 8.432017023285676e-16
3.853002483589318e+03 9.379743936447653e-15 8.241033813664447e-16
3.853889772346491e+03 8.901608826462547e-15 7.868290706585880e-16
3.854777265432970e+03 9.484269407994205e-15 7.869862229434908e-16
3.855664962895817e+03 8.036860428535016e-15 7.603573253803664e-16
3.856552864782088e+03 8.368783862541395e-15 7.715491822739250e-16
3.857440971138868e+03 9.479172360158503e-15 7.962732099966748e-16
3.858329282013235e+03 8.828572513966489e-15 7.943074904457987e-16
3.859217797452294e+03 8.421128274491090e-15 7.774606961758333e-16
3.860106517503146e+03 8.051895902393108e-15 7.721748613034637e-16
3.860995442212917e+03 8.174089939089940e-15 7.666530036454004e-16
3.861884571628729e+03 9.016053061621136e-15 7.870017146390836e-16
3.862773905797731e+03 8.259165858175413e-15 7.557016621053163e-16
3.863663444767067e+03 8.021954907987630e-15 7.552201446473424e-16
3.864553188583907e+03 9.218194004604172e-15 7.688703560701336e-16
3.865443137295416e+03 8.721779939608505e-15 7.782031018002333e-16
3.866333290948787e+03 1.075225488531485e-14 8.467905948294446e-16
3.867223649591207e+03 2.833626178485592e-14 1.136705177831398e-15
3.868114213269888e+03 5.976312116445101e-14 1.723868355053232e-15
3.869004982032046e+03 7.263363867057883e-14 1.959912055612937e-15
3.869895955924902e+03 5.515886209035929e-14 1.628155716221416e-15
3.870787134995704e+03 2.326329960603324e-14 1.028704250674128e-15
3.871678519291692e+03 1.262339557335240e-14 8.265335616874240e-16
3.872570108860136e+03 8.586415223951323e-15 7.169997382961055e-16
3.873461903748298e+03 7.298267885150488e-15 6.883124753367148e-16
3.874353904003469e+03 7.481935239650606e-15 6.710407472330266e-16
3.875246109672933e+03 7.508341073004736e-15 6.673702908475465e-16
3.876138520804001e+03 8.531649025444349e-15 6.789088337408931e-16
3.877031137443982e+03 8.019168496195725e-15 6.689375716249799e-16
3.877923959640209e+03 6.835431791979515e-15 6.399172642176118e-16
3.878816987440009e+03 7.555794202676067e-15 6.558069173889661e-16
3.879710220890739e+03 8.463943633174074e-15 6.847670306274946e-16
3.880603660039749e+03 8.465003675869808e-15 6.875720799737022e-16
3.881497304934415e+03 8.873756489543246e-15 6.920367976373921e-16
3.882391155622111e+03 8.217383148086091e-15 6.667676681243897e-16
3.883285212150236e+03 7.260360015152221e-15 6.405415481945492e-16
3.884179474566182e+03 7.471406479023956e-15 6.443497198422101e-16
3.885073942917371e+03 7.261015692879237e-15 6.311855913978087e-16
3.885968617251224e+03 6.419903691865397e-15 6.239720587897736e-16
3.886863497615170e+03 9.790449984110400e-15 7.047755137095932e-16
3.887758584056663e+03 2.590818438397716e-14 1.013893551953942e-15
3.888653876623152e+03 3.501158921541196e-14 1.214067703563782e-15
3.889549375362112e+03 3.425521101678525e-14 1.200040888785378e-15
3.890445080321014e+03 2.236552499570914e-14 9.685925051340002e-16
3.891340991547356e+03 1.091156003184129e-14 7.637759336304420e-16
3.892237109088628e+03 7.056893924683955e-15 6.759358905234299e-16
3.893133432992351e+03 7.059379520889662e-15 6.667664911438081e-16
3.894029963306039e+03 6.786667252583986e-15 6.621163087218940e-16
3.894926700077233e+03 6.568372128349173e-15 6.683919306595590e-16
3.895823643353469e+03 6.915073061874899e-15 6.755472179739067e-16
3.896720793182310e+03 7.280953106460901e-15 6.835088952868227e-16
3.897618149611315e+03 7.072506531258975e-15 6.664480860344410e-16
3.898515712688067e+03 6.697577274161885e-15 6.472367092502615e-16
3.899413482460146e+03 7.251943392723177e-15 6.382850061129542e-16
3.900311458975161e+03 8.538787657343173e-15 6.512563656763900e-16
3.901209642280712e+03 9.057388698656322e-15 6.580288471005353e-16
3.902108032424429e+03 8.020797007848747e-15 6.378460533127341e-16
3.903006629453933e+03 6.830194663572202e-15 6.115709998442252e-16
3.903905433416879e+03 7.430892095148371e-15 6.134894777069686e-16
3.904804444360913e+03 9.365430126248046e-15 6.454386638351137e-16
3.905703662333697e+03 8.416841132307190e-15 6.202346807647562e-16
3.906603087382915e+03 8.243555367983356e-15 6.250024661689862e-16
3.907502719556244e+03 8.031040180491432e-15 6.340114232409762e-16
3.908402558901392e+03 7.556392930849203e-15 6.450593233170228e-16
3.909302605466058e+03 7.810393826349865e-15 6.503345991057077e-16
3.910202859297970e+03 8.205791549780134e-15 6.530769282008682e-16
3.911103320444850e+03 8.160149893791897e-15 6.406697699376345e-16
3.912003988954449e+03 8.966522683563897e-15 6.449627576217601e-16
3.912904864874510e+03 8.242276160845749e-15 6.289169538280881e-16
3.913805948252804e+03 7.676016116567415e-15 6.111012929150983e-16
3.914707239137100e+03 8.440445482448107e-15 6.315926126178685e-16
3.915608737575189e+03 8.860805640559244e-15 6.517560301225289e-16
3.916510443614861e+03 7.895330294484538e-15 6.565423018865540e-16
3.917412357303931e+03 7.529209015261369e-15 6.630694506488733e-16
3.918314478690210e+03 8.459495733329391e-15 6.730372045350493e-16
3.919216807821535e+03 8.898143760727383e-15 6.850367345884324e-16
3.920119344745739e+03 8.163956013374024e-15 6.669800345216343e-16
3.921022089510681e+03 7.534302227057385e-15 6.485216489801568e-16
3.921925042164216e+03 7.649108773038243e-15 6.688387266458404e-16
3.922828202754226e+03 8.814173100225875e-15 7.056431671525768e-16
3.923731571328591e+03 7.720501083434502e-15 7.072521846672666e-16
3.924635147935203e+03 8.302845662329926e-15 7.325803832293762e-16
3.925538932621977e+03 7.508765354970751e-15 7.451251281328884e-16
3.926442925436822e+03 8.088969920154446e-15 7.564486234803763e-16
3.927347126427675e+03 8.825597870445548e-15 7.612706927290556e-16
3.928251535642469e+03 7.631874615104272e-15 7.304095425129020e-16
3.929156153129160e+03 7.448921424737675e-15 7.013903809835023e-16
3.930060978935706e+03 6.488720500276718e-15 6.760114923018677e-16
3.930966013110084e+03 7.778824365299182e-15 6.920084799268134e-16
3.931871255700273e+03 7.949474862773417e-15 6.703517633032164e-16
3.932776706754274e+03 7.291228776626889e-15 6.482081873794233e-16
3.933682366320086e+03 7.542596541178500e-15 6.339604709777886e-16
3.934588234445734e+03 6.931387891014176e-15 6.228519954664625e-16
3.935494311179238e+03 7.468982932073823e-15 6.243001508414477e-16
3.936400596568645e+03 8.599888327444120e-15 6.349663551893026e-16
3.937307090661998e+03 7.875565199208459e-15 6.065305060127911e-16
3.938213793507367e+03 7.487213380248999e-15 5.875205232439126e-16
3.939120705152815e+03 7.650841658805714e-15 5.838111257375069e-16
3.940027825646434e+03 9.138985516472615e-15 6.107543948661427e-16
3.940935155036315e+03 7.930551785874997e-15 5.989428720241513e-16
3.941842693370560e+03 8.237741221066087e-15 6.011457923139421e-16
3.942750440697293e+03 8.979304413291777e-15 6.150223227185052e-16
3.943658397064633e+03 7.975641192525467e-15 6.065043980993474e-16
3.944566562520728e+03 7.458200264496152e-15 5.935371032443705e-16
3.945474937113721e+03 8.008550506497585e-15 5.861638168048663e-16
3.946383520891780e+03 8.009642741647047e-15 5.743385596827869e-16
3.947292313903069e+03 8.032654624811865e-15 5.639777746850743e-16
3.948201316195779e+03 7.442230896676488e-15 5.469625030810249e-16
3.949110527818098e+03 7.277967668139738e-15 5.375481227633833e-16
3.950019948818237e+03 6.988980698025690e-15 5.365201242963280e-16
3.950929579244407e+03 8.535683390349532e-15 5.614213651027043e-16
3.951839419144842e+03 7.098713307713720e-15 5.279588730285777e-16
3.952749468567774e+03 5.930989874524882e-15 5.045081883632937e-16
3.953659727561460e+03 6.977006591873081e-15 5.155322922452200e-16
3.954570196174153e+03 7.784590929202994e-15 5.328915378724235e-16
3.955480874454134e+03 7.174791307973624e-15 5.224310707018528e-16
3.956391762449678e+03 7.013087930853183e-15 5.257971333576771e-16
3.957302860209086e+03 7.132301127428925e-15 5.262156643998741e-16
3.958214167780657e+03 8.229360546566765e-15 5.491229159385270e-16
3.959125685212715e+03 7.585963911888380e-15 5.371940053523294e-16
3.960037412553585e+03 6.910978395700591e-15 5.393906791909870e-16
3.960949349851599e+03 6.640470201758880e-15 5.448226202425987e-16
3.961861497155117e+03 6.587765774188534e-15 5.581982066913908e-16
3.962773854512493e+03 7.123955078075951e-15 5.684181577066411e-16
3.963686421972104e+03 7.369265118603012e-15 5.683867674297053e-16
3.964599199582329e+03 6.780331719584612e-15 5.472604668319137e-16
3.965512187391569e+03 9.161023864392908e-15 5.784950024401085e-16
3.966425385448220e+03 1.773895565182020e-14 7.378513232909538e-16
3.967338793800710e+03 2.337029807502407e-14 8.498779582899167e-16
3.968252412497457e+03 2.483859191158239e-14 8.922662103417839e-16
3.969166241586910e+03 2.878711372095648e-14 9.485177889240914e-16
3.970080281117508e+03 3.061608065630637e-14 9.686885124363305e-16
3.970994531137723e+03 2.378006253276976e-14 8.291905386202652e-16
3.971908991696018e+03 1.399122853262727e-14 6.550361604126504e-16
3.972823662840888e+03 7.510246181429794e-15 5.244649876401968e-16
3.973738544620815e+03 4.740259833094830e-15 4.672337132359109e-16
3.974653637084318e+03 6.393254427980402e-15 4.900336519072984e-16
3.975568940279903e+03 6.189379689402139e-15 4.887722578675193e-16
3.976484454256107e+03 5.954139729213373e-15 4.886226977380913e-16
3.977400179061467e+03 6.061066046713232e-15 4.900954777336325e-16
3.978316114744528e+03 6.904006221458067e-15 5.022043726221136e-16
3.979232261353862e+03 6.649390621888007e-15 5.068943235766718e-16
3.980148618938032e+03 6.766418682032498e-15 5.174199014113922e-16
3.981065187545632e+03 7.499300282337959e-15 5.250641244008767e-16
3.981981967225248e+03 7.665505271205654e-15 5.223352123461614e-16
3.982898958025497e+03 7.260149131578096e-15 5.108779898423072e-16
3.983816159994986e+03 7.068634698172731e-15 5.127669446176631e-16
3.984733573182354e+03 7.027316007028131e-15 5.143355113621803e-16
3.985651197636234e+03 6.953552133999116e-15 5.229566433063173e-16
3.986569033405283e+03 7.830644457800374e-15 5.399687724809888e-16
3.987487080538158e+03 6.670931725277289e-15 5.167749249016700e-16
3.988405339083541e+03 7.550958234958541e-15 5.188484553599047e-16
3.989323809090107e+03 8.439229978249716e-15 5.243859611478843e-16
3.990242490606562e+03 7.704956295564163e-15 5.328693306702923e-16
3.991161383681605e+03 7.263226109137647e-15 5.375010156000349e-16
3.992080488363963e+03 7.708668656050958e-15 5.284677920742575e-16
3.992999804702357e+03 6.797060014860339e-15 5.189183541129693e-16
3.993919332745539e+03 5.983350775278216e-15 5.043218034441613e-16
3.994839072542250e+03 7.171715337010711e-15 5.264064203863916e-16
3.995759024141264e+03 7.484930307494473e-15 5.225100405892086e-16
3.996679187591351e+03 7.094934652092718e-15 5.067255611655130e-16
3.997599562941293e+03 6.591604402997843e-15 4.971596441304826e-16
3.998520150239896e+03 7.504292705064217e-15 5.172485000154400e-16
3.999440949535960e+03 8.020828963662890e-15 5.320102745064677e-16
4.000361960878313e+03 7.260658727577945e-15 5.168836209361498e-16
4.001283184315778e+03 7.026421862252417e-15 5.275036820868102e-16
4.002204619897206e+03 7.228091491005063e-15 6.622653998179013e-16
4.003126267671442e+03 7.131151495286407e-15 6.750182452251459e-16
4.004048127687359e+03 7.269744620371167e-15 6.644860164421005e-16
4.004970199993824e+03 7.374682363170393e-15 5.780855401603444e-16
4.005892484639734e+03 6.711134267804915e-15 5.783455372556906e-16
4.006814981673980e+03 7.005553754475335e-15 5.771983929138919e-16
4.007737691145477e+03 6.916518157119431e-15 5.657579697451822e-16
4.008660613103140e+03 7.175205610079887e-15 5.498334176993019e-16
4.009583747595911e+03 7.432375009186703e-15 5.451020918084743e-16
4.010507094672722e+03 7.046827778487085e-15 5.411303014342744e-16
4.011430654382538e+03 7.166651229539519e-15 5.445204919929236e-16
4.012354426774318e+03 6.965116821541098e-15 5.291330192693274e-16
4.013278411897046e+03 7.265086051399636e-15 5.319810553704731e-16
4.014202609799707e+03 6.772629726961532e-15 5.341667781262114e-16
4.015127020531297e+03 6.595818583497665e-15 5.455260623240269e-16
4.016051644140836e+03 7.136118240223737e-15 5.746952220773343e-16
4.016976480677339e+03 8.238403791728298e-15 6.106296583368687e-16
4.017901530189846e+03 8.037624560109505e-15 5.970219438944763e-16
4.018826792727395e+03 6.678336893676735e-15 5.530723667151164e-16
4.019752268339052e+03 6.025907695903243e-15 5.111460041785910e-16
4.020677957073874e+03 6.692173726937094e-15 5.153088746762206e-16
4.021603858980950e+03 7.765043399241901e-15 5.369393223567238e-16
4.022529974109362e+03 7.736096299212156e-15 5.377645691332309e-16
4.023456302508220e+03 7.319404137267478e-15 5.463401516230224e-16
4.024382844226629e+03 7.367288419069304e-15 5.513082645318662e-16
4.025309599313720e+03 8.145032610673365e-15 5.612875293897279e-16
4.026236567818622e+03 8.943116364530993e-15 5.619624285629575e-16
4.027163749790490e+03 9.011079836108947e-15 5.639330928711512e-16
4.028091145278473e+03 8.326458240342212e-15 5.676761676074387e-16
4.029018754331749e+03 6.891027658001288e-15 5.756346843034666e-16
4.029946576999491e+03 6.564910413742926e-15 5.816694010612745e-16
4.030874613330901e+03 9.063371829907673e-15 6.045326117380721e-16
4.031802863375171e+03 7.790723655914188e-15 5.541183122958646e-16
4.032731327181527e+03 6.292530112187837e-15 5.179589762622266e-16
4.033660004799189e+03 7.696359028982277e-15 5.267945199607909e-16
4.034588896277392e+03 6.112983468915266e-15 4.871513473764557e-16
4.035518001665393e+03 6.355093204400163e-15 4.925464943196281e-16
4.036447321012443e+03 6.586958700855580e-15 4.929710174722904e-16
4.037376854367822e+03 6.756072295965808e-15 4.982311404431166e-16
4.038306601780806e+03 7.553348224001287e-15 5.029002551652856e-16
4.039236563300695e+03 6.963865043457047e-15 4.845105863044655e-16
4.040166738976789e+03 5.749830765325364e-15 4.561940339854672e-16
4.041097128858411e+03 7.066830152076437e-15 4.788464434877433e-16
4.042027732994884e+03 7.554355887922656e-15 4.868682949131966e-16
4.042958551435553e+03 7.241228908175185e-15 4.958504429551804e-16
4.043889584229761e+03 7.580726866526460e-15 4.992091666916614e-16
4.044820831426880e+03 7.321335984637197e-15 5.010547746017825e-16
4.045752293076276e+03 6.903400079356144e-15 4.843705825049978e-16
4.046683969227341e+03 6.584829745226156e-15 4.812586445606358e-16
4.047615859929463e+03 6.965730400403460e-15 4.832272678298428e-16
4.048547965232060e+03 7.199687271216275e-15 4.860606693219128e-16
4.049480285184541e+03 6.137853608691898e-15 4.672509763284239e-16
4.050412819836346e+03 6.602426067695592e-15 4.722678926653580e-16
4.051345569236909e+03 6.809996395076800e-15 4.815055653611469e-16
4.052278533435690e+03 7.022415194617961e-15 4.889538919727227e-16
4.053211712482153e+03 6.879994618475389e-15 4.833242395324874e-16
4.054145106425766e+03 6.898729582761628e-15 4.878536274608891e-16
4.055078715316028e+03 7.206720606844289e-15 4.901019386656497e-16
4.056012539202429e+03 7.175589002379185e-15 4.880421053476037e-16
4.056946578134486e+03 6.801112436559104e-15 4.733972899732985e-16
4.057880832161714e+03 7.051678912505565e-15 4.753273390036155e-16
4.058815301333655e+03 7.641593013363315e-15 4.846157019089230e-16
4.059749985699845e+03 6.901189893027948e-15 4.724605427013004e-16
4.060684885309847e+03 6.590718275067269e-15 4.635142815020540e-16
4.061620000213221e+03 7.033908104113229e-15 4.805452421119614e-16
4.062555330459555e+03 6.393999010662087e-15 4.684089387604685e-16
4.063490876098429e+03 6.725802230059894e-15 4.846219912304414e-16
4.064426637179454e+03 6.210468913720340e-15 4.850833140186050e-16
4.065362613752236e+03 6.058539785821335e-15 4.804011497057790e-16
4.066298805866405e+03 6.704464187922725e-15 4.734119892658338e-16
4.067235213571592e+03 7.354673516939423e-15 4.784691094141196e-16
4.068171836917450e+03 7.994121578489742e-15 4.900524452755371e-16
4.069108675953632e+03 8.565085592228893e-15 5.108206952735809e-16
4.070045730729813e+03 7.911049374088835e-15 5.065824643169418e-16
4.070983001295675e+03 7.054375598182843e-15 4.848109610374727e-16
4.071920487700903e+03 7.490005967682963e-15 4.734545377181872e-16
4.072858189995212e+03 7.081554137264492e-15 4.594578800860853e-16
4.073796108228309e+03 6.448345446751737e-15 4.509745866542286e-16
4.074734242449930e+03 6.892951825520909e-15 4.586654693751141e-16
4.075672592709806e+03 7.165234308434087e-15 4.729440827652818e-16
4.076611159057695e+03 7.538335924152068e-15 4.851187388608852e-16
4.077549941543351e+03 7.301037910387554e-15 4.806630237354042e-16
4.078488940216555e+03 5.818287773038483e-15 4.514955523725666e-16
4.079428155127084e+03 6.952115226640061e-15 4.581445437819686e-16
4.080367586324742e+03 6.141516442185229e-15 4.347552158032243e-16
4.081307233859329e+03 6.781699673950111e-15 4.470542947857524e-16
4.082247097780673e+03 6.764314065541314e-15 4.493520707688491e-16
4.083187178138596e+03 6.571943851963240e-15 4.438272737337871e-16
4.084127474982946e+03 6.066479891364215e-15 4.329517856130771e-16
4.085067988363572e+03 6.302153670278667e-15 4.342184926370760e-16
4.086008718330344e+03 6.481257629701113e-15 4.364480695883044e-16
4.086949664933133e+03 6.435983495057339e-15 4.378572263508766e-16
4.087890828221834e+03 6.412649721427620e-15 4.332172593151715e-16
4.088832208246338e+03 5.492745302228716e-15 4.183534871479118e-16
4.089773805056565e+03 5.832237863367884e-15 4.213335838636674e-16
4.090715618702433e+03 6.391993144385800e-15 4.326837617661052e-16
4.091657649233871e+03 6.550258456649254e-15 4.442596528732786e-16
4.092599896700835e+03 6.698976766744581e-15 4.453913823479425e-16
4.093542361153272e+03 6.653460664342517e-15 4.450277864875211e-16
4.094485042641159e+03 6.437102667992929e-15 4.425492540195297e-16
4.095427941214468e+03 5.898994818529535e-15 4.257774580791921e-16
4.096371056923199e+03 5.434083408403891e-15 4.142260619228200e-16
4.097314389817347e+03 5.525477127826202e-15 4.147433828215078e-16
4.098257939946933e+03 5.373081446630665e-15 4.188440260209615e-16
4.099201707361976e+03 6.215457866585140e-15 4.338959153315241e-16
4.100145692112524e+03 1.618626547418021e-14 6.218696250237916e-16
4.101089894248615e+03 3.421064731697884e-14 9.437459983800782e-16
4.102034313820317e+03 4.192660116626230e-14 1.077983699463622e-15
4.102978950877697e+03 2.865594855305234e-14 8.326480338820366e-16
4.103923805470846e+03 1.324440879115609e-14 5.561329742100371e-16
4.104868877649849e+03 5.921841944580333e-15 4.293624014258167e-16
4.105814167464824e+03 5.082123415938490e-15 3.985089796479396e-16
4.106759674965879e+03 5.551517090321079e-15 3.983318166638744e-16
4.107705400203153e+03 4.996894509262353e-15 3.939428306516102e-16
4.108651343226778e+03 5.323765405428527e-15 4.040213337163518e-16
4.109597504086917e+03 6.420781558411359e-15 4.267261763930406e-16
4.110543882833728e+03 5.856806156598179e-15 4.144787344128801e-16
4.111490479517386e+03 5.619408510228213e-15 4.142420914321079e-16
4.112437294188084e+03 6.328232416759208e-15 4.330984030297097e-16
4.113384326896014e+03 6.049987371682434e-15 4.307730838824943e-16
4.114331577691396e+03 6.066255116515320e-15 4.192362299750588e-16
4.115279046624443e+03 6.000445695483050e-15 4.083509058032244e-16
4.116226733745396e+03 5.508667277507081e-15 3.967115425596991e-16
4.117174639104494e+03 5.784818368999446e-15 4.038406399714042e-16
4.118122762752001e+03 6.270766477272632e-15 4.105838040069741e-16
4.119071104738178e+03 5.537328577777338e-15 4.001426878096293e-16
4.120019665113314e+03 6.675159378173787e-15 4.127182780787299e-16
4.120968443927690e+03 6.650934122328938e-15 4.182399998508350e-16
4.121917441231621e+03 5.877633589626321e-15 4.109998562316562e-16
4.122866657075410e+03 5.831729904294538e-15 4.151699464698739e-16
4.123816091509395e+03 6.342647190356228e-15 4.157673502287593e-16
4.124765744583903e+03 6.091351164982547e-15 4.076301671025486e-16
4.125715616349294e+03 5.991783472928615e-15 4.005431424577135e-16
4.126665706855919e+03 6.242503485614309e-15 4.016301607164373e-16
4.127616016154162e+03 6.515720543159285e-15 4.009282766664343e-16
4.128566544294400e+03 6.772166323891105e-15 4.034151890400379e-16
4.129517291327027e+03 6.387995717170146e-15 3.965480394807115e-16
4.130468257302459e+03 5.889143627774317e-15 3.847699206956703e-16
4.131419442271105e+03 5.890198372866630e-15 3.848786145097527e-16
4.132370846283407e+03 5.303542133911966e-15 3.763067970531620e-16
4.133322469389796e+03 5.750269341306697e-15 3.956057335487910e-16
4.134274311640737e+03 5.824108367164395e-15 4.025709274174414e-16
4.135226373086686e+03 5.934042267858087e-15 4.056023602496060e-16
4.136178653778130e+03 5.972234628458528e-15 4.002079783531970e-16
4.137131153765547e+03 6.233438084342242e-15 3.960552844893507e-16
4.138083873099449e+03 6.383559481576669e-15 3.987569847452139e-16
4.139036811830339e+03 5.988320355066460e-15 3.934211385017019e-16
4.139989970008747e+03 6.279550287098764e-15 4.106326653299630e-16
4.140943347685203e+03 5.782345772619009e-15 4.058713375971831e-16
4.141896944910261e+03 6.184521889485253e-15 4.104615100318583e-16
4.142850761734470e+03 6.175055784650756e-15 4.027431091985974e-16
4.143804798208413e+03 6.498369420275821e-15 4.070770106769860e-16
4.144759054382659e+03 6.013237554042965e-15 3.978119315582961e-16
4.145713530307814e+03 6.041182783548880e-15 4.024985773901402e-16
4.146668226034476e+03 6.225365344146091e-15 4.076483386496760e-16
4.147623141613260e+03 5.931264864374568e-15 4.024959269861197e-16
4.148578277094801e+03 5.639520538621239e-15 3.922344548814128e-16
4.149533632529732e+03 5.629113744482960e-15 3.836859474583298e-16
4.150489207968714e+03 5.707985515924808e-15 3.825382977263195e-16
4.151445003462402e+03 5.798567890563411e-15 3.923241131106143e-16
4.152401019061480e+03 6.589908471387828e-15 4.122386097850915e-16
4.153357254816625e+03 6.011299609773239e-15 3.979115676508214e-16
4.154313710778545e+03 6.021773139124970e-15 3.958608277312757e-16
4.155270386997942e+03 5.516268609283979e-15 3.734134678125682e-16
4.156227283525546e+03 5.702409638156376e-15 3.792012927851147e-16
4.157184400412083e+03 6.237393698303107e-15 3.862316354879096e-16
4.158141737708307e+03 6.123291856608395e-15 3.887753036442955e-16
4.159099295464965e+03 5.968562830703418e-15 3.844040475781985e-16
4.160057073732835e+03 6.090731220106846e-15 3.885985349087409e-16
4.161015072562690e+03 5.637234329966821e-15 3.841360878426346e-16
4.161973292005328e+03 6.058829994712502e-15 3.858652981993057e-16
4.162931732111549e+03 6.222746777389361e-15 3.893603663801907e-16
4.163890392932171e+03 5.789564598284293e-15 3.792912367527399e-16
4.164849274518017e+03 5.548836558582833e-15 3.674769049782495e-16
4.165808376919934e+03 5.640158220456322e-15 3.675978795614221e-16
4.166767700188767e+03 5.821464159903743e-15 3.690886741331753e-16
4.167727244375375e+03 5.979891262588459e-15 3.765362256375944e-16
4.168687009530639e+03 6.255116229056404e-15 3.854384813076588e-16
4.169646995705439e+03 6.319759981959440e-15 3.895863538564400e-16
4.170607202950679e+03 5.857984872639001e-15 3.818030893705394e-16
4.171567631317260e+03 5.581445469110872e-15 3.738843278641700e-16
4.172528280856111e+03 5.402275265467826e-15 3.594687730320571e-16
4.173489151618158e+03 5.745347840082043e-15 3.679464099053756e-16
4.174450243654352e+03 5.950169778490860e-15 3.753021470654712e-16
4.175411557015642e+03 6.103366818832610e-15 3.746567532145711e-16
4.176373091753003e+03 5.759503816966603e-15 3.662813568349732e-16
4.177334847917407e+03 5.287816907292086e-15 3.611444110894911e-16
4.178296825559853e+03 5.287964122752344e-15 3.627489849511747e-16
4.179259024731338e+03 5.724543340870117e-15 3.693037991058075e-16
4.180221445482883e+03 5.587436620510406e-15 3.638680641535345e-16
4.181184087865505e+03 5.287845533423042e-15 3.558887813613551e-16
4.182146951930253e+03 6.351476987198216e-15 3.676147891747025e-16
4.183110037728169e+03 6.104057658241118e-15 3.604750302838520e-16
4.184073345310321e+03 6.058170445610395e-15 3.556562215474830e-16
4.185036874727776e+03 6.380896506539440e-15 3.618677669232711e-16
4.186000626031628e+03 5.729155132654930e-15 3.484405920842841e-16
4.186964599272967e+03 5.244524582212150e-15 3.479931918593153e-16
4.187928794502901e+03 4.788409768360357e-15 3.425071108467850e-16
4.188893211772558e+03 5.294901012171433e-15 3.537255550921696e-16
4.189857851133062e+03 5.723559789399478e-15 3.622023331229705e-16
4.190822712635564e+03 5.488914970746758e-15 3.543623207542641e-16
4.191787796331214e+03 5.348383460616988e-15 3.464601338194578e-16
4.192753102271187e+03 5.060432921371245e-15 3.363420738897144e-16
4.193718630506654e+03 5.784180493206731e-15 3.477527393718522e-16
4.194684381088816e+03 5.474648348205778e-15 3.405146468722441e-16
4.195650354068866e+03 5.996423360177496e-15 3.517474509670679e-16
4.196616549498028e+03 5.266579450103132e-15 3.420199481537949e-16
4.197582967427520e+03 5.252396117015636e-15 3.390798456880542e-16
4.198549607908590e+03 5.449289666487585e-15 3.422654269337336e-16
4.199516470992478e+03 5.347424312428829e-15 3.420301669970916e-16
4.200483556730457e+03 5.648607988702273e-15 3.473796986006345e-16
4.201450865173791e+03 5.665707476791748e-15 3.475505579936670e-16
4.202418396373773e+03 5.282010868222131e-15 3.398067232960231e-16
4.203386150381694e+03 5.509229557086897e-15 3.413175592038973e-16
4.204354127248872e+03 5.022128786383091e-15 3.314132816738965e-16
4.205322327026622e+03 5.982529832544422e-15 3.481995637700055e-16
4.206290749766274e+03 5.167647568719024e-15 3.287975632186711e-16
4.207259395519181e+03 5.521959381579844e-15 3.319353967657182e-16
4.208228264336691e+03 5.302810356523622e-15 3.255016716538737e-16
4.209197356270181e+03 5.521992744235325e-15 3.307563559212888e-16
4.210166671371022e+03 5.329473417713327e-15 3.280738500490480e-16
4.211136209690618e+03 5.571470777822755e-15 3.323959070883467e-16
4.212105971280360e+03 6.027539860443661e-15 3.489825936769093e-16
4.213075956191674e+03 5.791263340292269e-15 3.608141197413621e-16
4.214046164475979e+03 5.416363583376312e-15 3.682254545788802e-16
4.215016596184724e+03 5.000665112941432e-15 3.664662085180165e-16
4.215987251369351e+03 5.091488848041804e-15 3.646400037014327e-16
4.216958130081332e+03 5.341548174851717e-15 3.581967358061746e-16
4.217929232372132e+03 4.857971585769597e-15 3.378229409053941e-16
4.218900558293249e+03 5.617175888876954e-15 3.406313194001398e-16
4.219872107896170e+03 5.385594223932599e-15 3.331035377648227e-16
4.220843881232418e+03 5.321054464560017e-15 3.322971779577815e-16
4.221815878353502e+03 5.365278524726267e-15 3.288094851963552e-16
4.222788099310969e+03 5.387059461355555e-15 3.288267379413630e-16
4.223760544156356e+03 5.333154706484438e-15 3.291810584242302e-16
4.224733212941227e+03 5.382228933128607e-15 3.294171376071393e-16
4.225706105717150e+03 5.633774804386597e-15 3.325708633381370e-16
4.226679222535703e+03 4.813562755794351e-15 3.227163246677572e-16
4.227652563448486e+03 5.842910745985731e-15 3.512986075548774e-16
4.228626128507097e+03 5.773231549618994e-15 3.553716255273805e-16
4.229599917763163e+03 5.636862547394131e-15 3.469550363555307e-16
4.230573931268303e+03 5.631430599919165e-15 3.394070015182362e-16
4.231548169074167e+03 5.319935600640510e-15 3.321631313586923e-16
4.232522631232402e+03 5.095083783257402e-15 3.321044557631899e-16
4.233497317794679e+03 4.999448104605130e-15 3.337448868374137e-16
4.234472228812665e+03 5.249406159613581e-15 3.383549190769282e-16
4.235447364338062e+03 5.704721512009839e-15 3.456804481930585e-16
4.236422724422559e+03 5.764933785198789e-15 3.389994442053516e-16
4.237398309117876e+03 5.613043040190233e-15 3.329418676348532e-16
4.238374118475733e+03 5.243217710466581e-15 3.287773189384002e-16
4.239350152547870e+03 5.279180376302150e-15 3.377581168788443e-16
4.240326411386031e+03 5.606098189947240e-15 3.575752260016154e-16
4.241302895041983e+03 5.109296429530563e-15 3.487061572817224e-16
4.242279603567490e+03 5.465803349726377e-15 3.405823786975822e-16
4.243256537014344e+03 5.078444943563029e-15 3.260974110352211e-16
4.244233695434332e+03 4.582069380014222e-15 3.080832371077111e-16
4.245211078879272e+03 5.176805960852997e-15 3.185516886773699e-16
4.246188687400980e+03 5.586535294095492e-15 3.298657614198277e-16
4.247166521051281e+03 5.217420746131557e-15 3.322377458456026e-16
4.248144579882030e+03 5.493682383563185e-15 3.466064999598156e-16
4.249122863945072e+03 5.595378036965879e-15 3.464484867034730e-16
4.250101373292285e+03 5.008130544291887e-15 3.254110534877682e-16
4.251080107975538e+03 5.825407801992894e-15 3.332079502999845e-16
4.252059068046734e+03 5.442164288388154e-15 3.241368435003345e-16
4.253038253557765e+03 5.304255428499246e-15 3.218483405503931e-16
4.254017664560555e+03 5.031244348219431e-15 3.184172259910646e-16
4.254997301107025e+03 5.687576456287421e-15 3.223725331292228e-16
4.255977163249123e+03 5.094841623183900e-15 3.097335159183960e-16
4.256957251038789e+03 5.091219715242427e-15 3.091349437751381e-16
4.257937564527997e+03 5.804267083569763e-15 3.188638715962067e-16
4.258918103768711e+03 5.091612015722046e-15 3.140868219960550e-16
4.259898868812931e+03 4.862656119466079e-15 3.121589566101186e-16
4.260879859712644e+03 4.894588511900457e-15 3.089798395548119e-16
4.261861076519873e+03 4.780446758565532e-15 3.038159899835285e-16
4.262842519286629e+03 5.090225534440608e-15 3.106719003377632e-16
4.263824188064958e+03 4.963884744449813e-15 3.084428520882809e-16
4.264806082906901e+03 4.604193335064262e-15 3.001548680307454e-16
4.265788203864515e+03 4.393461513801199e-15 2.985478769106308e-16
4.266770550989878e+03 4.807635561180174e-15 3.041126722168065e-16
4.267753124335064e+03 5.344522877736658e-15 3.113297537814082e-16
4.268735923952179e+03 5.531594840010826e-15 3.095401106748520e-16
4.269718949893318e+03 5.461341841647124e-15 3.099991095301443e-16
4.270702202210614e+03 5.151899107409767e-15 3.061520264786926e-16
4.271685680956183e+03 4.819980506547310e-15 3.043036880732049e-16
4.272669386182181e+03 5.321136493073479e-15 3.152097674579801e-16
4.273653317940753e+03 5.501896768607339e-15 3.209026770033219e-16
4.274637476284075e+03 4.409929039766094e-15 2.994194779966093e-16
4.275621861264318e+03 4.950922614012398e-15 3.066811289362446e-16
4.276606472933679e+03 4.893263529626866e-15 3.039220237685050e-16
4.277591311344356e+03 4.939560606665190e-15 3.073963252992039e-16
4.278576376548570e+03 5.049787635060877e-15 3.091811993600121e-16
4.279561668598542e+03 5.277595469703369e-15 3.175794034500436e-16
4.280547187546518e+03 5.387482875435305e-15 3.216256060240137e-16
4.281532933444742e+03 5.038729485807644e-15 3.232209930466275e-16
4.282518906345484e+03 4.696921980177497e-15 3.116493990795518e-16
4.283505106301016e+03 4.701749081025644e-15 3.052095053454969e-16
4.284491533363621e+03 4.615090883423479e-15 2.972977208730184e-16
4.285478187585607e+03 5.194399795058817e-15 3.074532738344501e-16
4.286465069019278e+03 4.447580486494513e-15 2.935754965437921e-16
4.287452177716963e+03 4.855424031896093e-15 2.975785322999620e-16
4.288439513730991e+03 5.058085023559071e-15 2.989017906870919e-16
4.289427077113719e+03 4.903231026592610e-15 2.967704703918715e-16
4.290414867917496e+03 4.821254724253084e-15 2.962760423157954e-16
4.291402886194703e+03 4.784447231706530e-15 2.947499391120371e-16
4.292391131997716e+03 4.599998727240158e-15 2.963428417857794e-16
4.293379605378937e+03 4.451642654239029e-15 2.968131356857603e-16
4.294368306390768e+03 4.577240967284155e-15 3.049536589198470e-16
4.295357235085637e+03 4.804199123696532e-15 3.141831260844005e-16
4.296346391515966e+03 4.991939494338851e-15 3.192739171431605e-16
4.297335775734208e+03 4.969262184455873e-15 3.069273837010960e-16
4.298325387792812e+03 4.905851635800200e-15 2.965504194551658e-16
4.299315227744254e+03 4.810937118905828e-15 2.961937923267381e-16
4.300305295641005e+03 4.971334399505268e-15 3.025457550999858e-16
4.301295591535567e+03 4.679617203549942e-15 3.132107336387764e-16
4.302286115480434e+03 4.606605167787891e-15 3.147667566350614e-16
4.303276867528133e+03 4.742229944782763e-15 3.077917297701713e-16
4.304267847731189e+03 4.640217240203454e-15 2.930646682267355e-16
4.305259056142138e+03 4.463544133084180e-15 2.831641992929635e-16
4.306250492813539e+03 4.770162294109508e-15 2.881963249043914e-16
4.307242157797950e+03 5.020833895162258e-15 2.909183018146648e-16
4.308234051147959e+03 4.176409602934778e-15 2.802613495683512e-16
4.309226172916143e+03 4.371356142411956e-15 2.794853110729710e-16
4.310218523155113e+03 5.009347246690787e-15 2.908523625102891e-16
4.311211101917475e+03 4.947880679888144e-15 2.922994385100807e-16
4.312203909255862e+03 5.079368019716244e-15 2.959608120412282e-16
4.313196945222904e+03 4.719088052357549e-15 2.919307285697938e-16
4.314190209871258e+03 4.642921560910397e-15 2.941345460662447e-16
4.315183703253578e+03 4.356151851346915e-15 2.938072382945185e-16
4.316177425422547e+03 4.216967549560384e-15 2.914452209156534e-16
4.317171376430840e+03 4.919882337493264e-15 2.969665869420066e-16
4.318165556331168e+03 5.260215876297041e-15 2.967429021795577e-16
4.319159965176230e+03 4.435137657288456e-15 2.819317338263153e-16
4.320154603018758e+03 4.461052903540057e-15 2.824512054589056e-16
4.321149469911478e+03 5.001665552919372e-15 2.943489436956361e-16
4.322144565907145e+03 5.137406783559923e-15 2.962434795197439e-16
4.323139891058510e+03 3.696034915810343e-15 3.516022117331054e-16
4.324135445418353e+03 4.056022785808468e-15 3.509188497523026e-16
4.325131229039453e+03 4.953936275434688e-15 3.647972589390848e-16
4.326127241974600e+03 4.826074602482772e-15 2.882418091327131e-16
4.327123484276611e+03 4.396358759749155e-15 2.873138263305692e-16
4.328119955998296e+03 4.218482930669010e-15 2.835158971626345e-16
4.329116657192497e+03 4.198826599211322e-15 2.802760501412177e-16
4.330113587912049e+03 4.188504275132605e-15 2.779471405913906e-16
4.331110748209817e+03 4.300067789499042e-15 2.774565445496019e-16
4.332108138138661e+03 4.342373722877439e-15 2.773952450857334e-16
4.333105757751469e+03 3.818694785706166e-15 2.678287599853199e-16
4.334103607101127e+03 4.223310141163670e-15 2.777780143442475e-16
4.335101686240546e+03 3.851863825859249e-15 2.769737480911443e-16
4.336099995222638e+03 4.388501972753711e-15 2.889693077439133e-16
4.337098534100338e+03 3.821873284972306e-15 2.899512046196057e-16
4.338097302926580e+03 7.104535112042199e-15 3.803546714945370e-16
4.339096301754326e+03 2.785508339837711e-14 6.467084209177715e-16
4.340095530636533e+03 5.023792967328205e-14 1.080210621267030e-15
4.341094989626190e+03 5.096017830163353e-14 1.108651280497244e-15
4.342094678776276e+03 3.068040041580444e-14 7.099865857460299e-16
4.343094598139803e+03 1.094549468561941e-14 4.303757151746006e-16
4.344094747769782e+03 5.019121041281418e-15 3.146973080045524e-16
4.345095127719234e+03 3.818653608642164e-15 2.749703369225774e-16
4.346095738041209e+03 3.982080554337963e-15 2.739971913549774e-16
4.347096578788748e+03 3.531125620876500e-15 2.646696607428696e-16
4.348097650014923e+03 3.952029071199490e-15 2.743031915562907e-16
4.349098951772802e+03 4.593859624844918e-15 2.822085679569307e-16
4.350100484115483e+03 4.936430774113814e-15 2.868545092966010e-16
4.351102247096054e+03 4.798184778215573e-15 2.894321414100985e-16
4.352104240767640e+03 4.330679477274091e-15 2.824122504322422e-16
4.353106465183355e+03 4.235657102323933e-15 2.795850931838426e-16
4.354108920396343e+03 4.235160998962726e-15 2.763284157109997e-16
4.355111606459748e+03 4.071011277146834e-15 2.734361172488143e-16
4.356114523426738e+03 4.349634487195296e-15 2.775710885230751e-16
4.357117671350477e+03 4.769536454954760e-15 2.896047509759894e-16
4.358121050284162e+03 4.116131382153052e-15 2.862383967334290e-16
4.359124660280982e+03 4.012315684659736e-15 2.837048741647356e-16
4.360128501394154e+03 4.830106174684039e-15 2.936389001159257e-16
4.361132573676894e+03 6.263327794644212e-15 3.169506371783454e-16
4.362136877182445e+03 1.244368853842285e-14 4.172242224874052e-16
4.363141411964045e+03 1.523641966955947e-14 4.722333322428921e-16
4.364146178074962e+03 1.391739166858469e-14 4.463419113706085e-16
4.365151175568464e+03 9.119242281996977e-15 3.533761182125864e-16
4.366156404497831e+03 5.793250384410488e-15 2.995373034686716e-16
4.367161864916368e+03 4.945824889732852e-15 2.744938550054559e-16
4.368167556877373e+03 4.479469261848615e-15 2.638921674478852e-16
4.369173480434177e+03 4.299340165244829e-15 2.590754637518306e-16
4.370179635640103e+03 4.148213506113198e-15 2.586520334186056e-16
4.371186022548506e+03 4.314913255934993e-15 2.614257892156490e-16
4.372192641212735e+03 4.733057580378039e-15 2.687656415076832e-16
4.373199491686169e+03 4.359352173296503e-15 2.664243802955850e-16
4.374206574022181e+03 4.314813472782760e-15 2.678000359454701e-16
4.375213888274173e+03 4.500278014900507e-15 2.674504346257746e-16
4.376221434495545e+03 3.952876075548597e-15 2.572827219254428e-16
4.377229212739723e+03 3.981521274653839e-15 2.535056824958099e-16
4.378237223060131e+03 4.499348769591736e-15 2.603828915879927e-16
4.379245465510222e+03 4.364387302194254e-15 2.594788268631634e-16
4.380253940143441e+03 4.167696731377974e-15 2.568438294650735e-16
4.381262647013266e+03 4.031238926163692e-15 2.595079923946755e-16
4.382271586173170e+03 3.795793599338887e-15 2.606235645269080e-16
4.383280757676654e+03 4.124226476316429e-15 2.675535024573273e-16
4.384290161577213e+03 3.947373660819867e-15 2.665560581987730e-16
4.385299797928376e+03 3.998490513561615e-15 2.648018923080156e-16
4.386309666783668e+03 4.499394872682433e-15 2.718920074607485e-16
4.387319768196624e+03 4.570499287420109e-15 2.738362698408663e-16
4.388330102220811e+03 4.925606648270272e-15 2.770239438496025e-16
4.389340668909784e+03 4.382464553837170e-15 2.690241105552845e-16
4.390351468317133e+03 4.120563818436810e-15 2.623850067130790e-16
4.391362500496440e+03 4.537133200824641e-15 2.652470322782469e-16
4.392373765501318e+03 4.292888861679914e-15 2.652000059579592e-16
4.393385263385374e+03 4.117622235889112e-15 2.650741540290705e-16
4.394396994202247e+03 4.221996345430425e-15 2.676444247238158e-16
4.395408958005566e+03 4.344240567965784e-15 2.699170398046640e-16
4.396421154848996e+03 4.730322522126304e-15 2.774361005381887e-16
4.397433584786192e+03 4.091311957386372e-15 2.697091198164994e-16
4.398446247870843e+03 4.191165734447989e-15 2.733463686811063e-16
4.399459144156627e+03 3.956761582205505e-15 2.697831472283674e-16
4.400472273697260e+03 4.287602866887227e-15 2.690615086083553e-16
4.401485636546445e+03 4.084685174309329e-15 2.618312048294272e-16
4.402499232757918e+03 4.468800057696489e-15 2.626419151813782e-16
4.403513062385412e+03 4.258621487731903e-15 2.559069819615246e-16
4.404527125482688e+03 4.051635132219519e-15 2.528535889612012e-16
4.405541422103504e+03 3.926815890868165e-15 2.581600548538953e-16
4.406555952301635e+03 4.228102896289451e-15 2.650824724771886e-16
4.407570716130879e+03 4.495337992367424e-15 2.668690389280791e-16
4.408585713645029e+03 4.431805340405610e-15 2.598153289559589e-16
4.409600944897905e+03 4.398234959005319e-15 2.531411599655024e-16
4.410616409943326e+03 4.171969842600925e-15 2.497808937570072e-16
4.411632108835142e+03 4.501289995967423e-15 2.555166915502989e-16
4.412648041627194e+03 4.229888977198342e-15 2.555302408177784e-16
4.413664208373355e+03 4.090310358227368e-15 2.569951718517782e-16
4.414680609127491e+03 4.162649248356730e-15 2.604401626717645e-16
4.415697243943501e+03 3.797398439248869e-15 2.487760237705785e-16
4.416714112875276e+03 4.226281420748432e-15 2.511324338725690e-16
4.417731215976739e+03 4.295437344441534e-15 2.517570834341807e-16
4.418748553301805e+03 3.799627281219005e-15 2.448501818820605e-16
4.419766124904424e+03 3.804691489233434e-15 2.443948246122173e-16
4.420783930838536e+03 4.114069779391245e-15 2.474364114720686e-16
4.421801971158113e+03 4.242585432257699e-15 2.501174868813792e-16
4.422820245917122e+03 4.158029425600184e-15 2.495744679329473e-16
4.423838755169560e+03 4.036252753266195e-15 2.505172317893059e-16
4.424857498969422e+03 4.149863602866459e-15 2.544639358835972e-16
4.425876477370715e+03 3.721262060107585e-15 2.495288123022057e-16
4.426895690427476e+03 3.945309285671699e-15 2.512290031275111e-16
4.427915138193734e+03 4.068185721103563e-15 2.455826360538907e-16
4.428934820723544e+03 3.897653815427523e-15 2.468778358723099e-16
4.429954738070964e+03 3.540268459375289e-15 2.491866974327774e-16
4.430974890290076e+03 4.167507640046491e-15 2.626039308242073e-16
4.431995277434958e+03 4.178614160779108e-15 2.616893889245609e-16
4.433015899559719e+03 4.126634117527250e-15 2.527538000037294e-16
4.434036756718463e+03 4.306377512307208e-15 2.476857080596834e-16
4.435057848965324e+03 4.392374124172654e-15 2.441084604552532e-16
4.436079176354429e+03 4.226726785408722e-15 2.411283247874303e-16
4.437100738939938e+03 4.003729505721898e-15 2.370524209724979e-16
4.438122536776005e+03 4.054831876254371e-15 2.400410600855761e-16
4.439144569916812e+03 4.007805220206485e-15 2.429475770670036e-16
4.440166838416536e+03 4.060290969663002e-15 2.427427110866156e-16
4.441189342329389e+03 4.133081743732815e-15 2.399888352998932e-16
4.442212081709571e+03 3.968687034470106e-15 2.351987273060856e-16
4.443235056611317e+03 3.884474397016414e-15 2.371989242747921e-16
4.444258267088856e+03 3.899191242044548e-15 2.389234928436229e-16
4.445281713196446e+03 4.373144866788038e-15 2.475400966551170e-16
4.446305394988343e+03 4.199898360155858e-15 2.437653928351592e-16
4.447329312518819e+03 4.211665184255848e-15 2.396009861593943e-16
4.448353465842169e+03 3.953246596093449e-15 2.359739378271245e-16
4.449377855012684e+03 3.914225957168320e-15 2.375404633532434e-16
4.450402480084686e+03 4.285165334998381e-15 2.425393740258929e-16
4.451427341112487e+03 4.083050385424280e-15 2.431892399404401e-16
4.452452438150438e+03 3.929498057126671e-15 2.401774415095821e-16
4.453477771252875e+03 3.899905459899206e-15 2.318250598780044e-16
4.454503340474173e+03 3.905250941629106e-15 2.339359658465053e-16
4.455529145868696e+03 3.904006098424650e-15 2.361498489041384e-16
4.456555187490840e+03 4.261211520219754e-15 2.358653350340614e-16
4.457581465394996e+03 3.702966141771249e-15 2.238454715686277e-16
4.458607979635584e+03 3.862163704191601e-15 2.264145887142939e-16
4.459634730267022e+03 3.740447622019991e-15 2.247443477961681e-16
4.460661717343754e+03 3.599642960850888e-15 2.256383991258367e-16
4.461688940920222e+03 3.633503637806071e-15 2.253771016173508e-16
4.462716401050898e+03 3.482928011913652e-15 2.737513269908706e-16
4.463744097790246e+03 3.434281608913440e-15 2.736063519054580e-16
4.464772031192764e+03 3.704749182131412e-15 2.288621962213948e-16
4.465800201312943e+03 3.918140769528305e-15 2.391140407081199e-16
4.466828608205304e+03 4.027652650156817e-15 2.480347453517413e-16
4.467857251924367e+03 3.962808640278031e-15 2.467773017914360e-16
4.468886132524666e+03 3.661257761449553e-15 2.348338981694629e-16
4.469915250060761e+03 4.660224612031848e-15 2.449025069177370e-16
4.470944604587204e+03 6.790555004372492e-15 2.862984236927085e-16
4.471974196158579e+03 6.886206751300695e-15 2.960843196857471e-16
4.473004024829466e+03 5.746002448768846e-15 2.754734240293969e-16
4.474034090654476e+03 4.431097379846415e-15 2.550736969278446e-16
4.475064393688211e+03 4.038921098394849e-15 2.414682090141414e-16
4.476094933985305e+03 3.960966432154945e-15 2.342342673644950e-16
4.477125711600390e+03 3.897903546725259e-15 2.319437459021070e-16
4.478156726588122e+03 3.749490413178253e-15 2.314759951640546e-16
4.479187979003159e+03 3.852632615775291e-15 2.359581756109795e-16
4.480219468900184e+03 3.806368384160720e-15 2.369300671470813e-16
4.481251196333877e+03 3.317558452757289e-15 2.304030233256424e-16
4.482283161358947e+03 3.763417746209472e-15 2.350046913876222e-16
4.483315364030101e+03 3.966013607998358e-15 2.389899038347255e-16
4.484347804402072e+03 3.826208065181705e-15 2.362419162946224e-16
4.485380482529592e+03 3.619229354549072e-15 2.354298007877695e-16
4.486413398467421e+03 3.750692716578954e-15 2.315713642429258e-16
4.487446552270318e+03 3.964919285858296e-15 2.292670737809615e-16
4.488479943993055e+03 3.476250603483870e-15 2.223702717541672e-16
4.489513573690430e+03 4.127711479210285e-15 2.320619689682333e-16
4.490547441417239e+03 3.776992616514306e-15 2.292368310308987e-16
4.491581547228302e+03 3.597268607761414e-15 2.292391094254088e-16
4.492615891178439e+03 3.887151440220383e-15 2.363616701274988e-16
4.493650473322499e+03 3.916741781614302e-15 2.341201754660111e-16
4.494685293715325e+03 3.743973756909046e-15 2.312686977487252e-16
4.495720352411791e+03 3.611155878615966e-15 2.282949196048868e-16
4.496755649466766e+03 3.701098289071394e-15 2.321074412388917e-16
4.497791184935149e+03 3.914985996018286e-15 2.343961795160845e-16
4.498826958871836e+03 4.054497499674560e-15 2.367788073894176e-16
4.499862971331749e+03 3.639306742722424e-15 2.286844676280291e-16
4.500899222369808e+03 3.528110493099614e-15 2.271498552155116e-16
4.501935712040964e+03 3.031346801906479e-15 2.171348302269287e-16
4.502972440400160e+03 3.560915605239238e-15 2.237300230439005e-16
4.504009407502373e+03 4.071463502370870e-15 2.304771865511545e-16
4.505046613402572e+03 3.757269300944686e-15 2.229015930144560e-16
4.506084058155758e+03 3.701122893557677e-15 2.204473466849721e-16
4.507121741816926e+03 3.864310404930987e-15 2.203707634854473e-16
4.508159664441102e+03 3.589804056755791e-15 2.183790687722568e-16
4.509197826083311e+03 3.380037224824268e-15 2.159617995511497e-16
4.510236226798592e+03 3.718218790236350e-15 2.215849684732885e-16
4.511274866642008e+03 4.062281655460288e-15 2.256099771821476e-16
4.512313745668615e+03 3.943205484348747e-15 2.216539184726552e-16
4.513352863933506e+03 3.763087282179472e-15 2.178416249200201e-16
4.514392221491765e+03 4.042269303974604e-15 2.235913736671617e-16
4.515431818398504e+03 3.596302605364913e-15 2.152932639363927e-16
4.516471654708834e+03 3.846349131522494e-15 2.190832944012890e-16
4.517511730477895e+03 3.952909501220316e-15 2.209614812664595e-16
4.518552045760823e+03 3.641989419438150e-15 2.168970062132946e-16
4.519592600612780e+03 3.554314365209735e-15 2.168369235002173e-16
4.520633395088929e+03 3.629296550929508e-15 2.212400550118728e-16
4.521674429244460e+03 3.713271499616948e-15 2.229721322738431e-16
4.522715703134560e+03 3.614005782016001e-15 2.184021631186929e-16
4.523757216814442e+03 3.444713984503741e-15 2.109041640666454e-16
4.524798970339320e+03 3.510409748763139e-15 2.103452088759570e-16
4.525840963764434e+03 3.548780358794854e-15 2.162846720074579e-16
4.526883197145023e+03 3.496629906586792e-15 2.194878180534114e-16
4.527925670536350e+03 3.722518884002672e-15 2.196073793367959e-16
4.528968383993681e+03 3.606481959228832e-15 2.134507453945581e-16
4.530011337572305e+03 3.612367032676296e-15 2.172199219268409e-16
4.531054531327517e+03 3.767062734553017e-15 2.209603694598601e-16
4.532097965314620e+03 3.889323053865097e-15 2.195939418942160e-16
4.533141639588944e+03 3.633637268075703e-15 2.123051519791502e-16
4.534185554205816e+03 3.589426143550149e-15 2.149647404038731e-16
4.535229709220592e+03 3.415718597741013e-15 2.145877203250860e-16
4.536274104688622e+03 3.871360270188423e-15 2.198456759439154e-16
4.537318740665289e+03 3.599296742911177e-15 2.136885826604183e-16
4.538363617205970e+03 3.563035383100847e-15 2.102767855056437e-16
4.539408734366070e+03 3.645267242564373e-15 2.067290534167382e-16
4.540454092200993e+03 3.378433937508554e-15 2.060186820188525e-16
4.541499690766172e+03 3.379063327943380e-15 2.090153752650986e-16
4.542545530117033e+03 3.643810799892498e-15 2.110491676906622e-16
4.543591610309035e+03 3.414324222691677e-15 2.060676553128243e-16
4.544637931397632e+03 3.347825405815852e-15 2.020468341189913e-16
4.545684493438308e+03 3.733046140385486e-15 2.104432004448433e-16
4.546731296486540e+03 3.693271140291931e-15 2.119533162956917e-16
4.547778340597837e+03 3.741766961060660e-15 2.129582644255589e-16
4.548825625827706e+03 3.537479268968555e-15 2.121516915883890e-16
4.549873152231680e+03 3.793900161538924e-15 2.159361430176064e-16
4.550920919865293e+03 3.865917892040078e-15 2.359620251703369e-16
4.551968928784094e+03 3.481621282460175e-15 2.098725945732083e-16
4.553017179043655e+03 3.929680745750150e-15 2.144130059934295e-16
4.554065670699544e+03 3.300171059846645e-15 2.009059544022872e-16
4.555114403807361e+03 3.121643837010973e-15 1.954725268900534e-16
4.556163378422699e+03 3.288358575982015e-15 1.939026994318428e-16
4.557212594601181e+03 3.429257725587204e-15 1.960089183808542e-16
4.558262052398430e+03 3.582606052381063e-15 2.019876885254716e-16
4.559311751870093e+03 3.583691400257457e-15 2.077518912435930e-16
4.560361693071817e+03 3.503300835908748e-15 2.100501732085600e-16
4.561411876059276e+03 3.419174144957993e-15 2.086006092417285e-16
4.562462300888142e+03 3.626024376534848e-15 2.086477241869551e-16
4.563512967614117e+03 3.334381677723342e-15 2.021854283976412e-16
4.564563876292895e+03 3.510139825521437e-15 2.038043507755961e-16
4.565615026980206e+03 3.538322308091406e-15 2.022423769206333e-16
4.566666419731769e+03 3.408322747736738e-15 1.977093919744594e-16
4.567718054603340e+03 3.577135965845091e-15 1.962568029497820e-16
4.568769931650662e+03 3.293883646588527e-15 1.930845061459030e-16
4.569822050929518e+03 3.442277808113811e-15 1.959208399832400e-16
4.570874412495684e+03 3.704173159540098e-15 2.035102259727857e-16
4.571927016404951e+03 3.678081106647717e-15 2.030500129044967e-16
4.572979862713135e+03 3.518722959191073e-15 2.016254462484797e-16
4.574032951476049e+03 3.429458570180796e-15 1.969582057784654e-16
4.575086282749535e+03 3.376617754748105e-15 1.943398561322201e-16
4.576139856589431e+03 3.304667483839172e-15 1.930257936716676e-16
4.577193673051604e+03 3.390024036720144e-15 1.942892291574368e-16
4.578247732191920e+03 3.542306401410918e-15 1.986178831276611e-16
4.579302034066271e+03 3.345486752298671e-15 1.972978087839746e-16
4.580356578730545e+03 3.264249468902517e-15 1.926813922616069e-16
4.581411366240665e+03 3.230753757250834e-15 1.895180621196112e-16
4.582466396652545e+03 3.242558062970587e-15 1.948710958287455e-16
4.583521670022128e+03 3.630750605941346e-15 2.065114114630053e-16
4.584577186405358e+03 3.146067182531046e-15 1.963408249972189e-16
4.585632945858204e+03 3.433142296113893e-15 1.981967741172010e-16
4.586688948436633e+03 3.760065470469258e-15 2.031514204360992e-16
4.587745194196643e+03 3.347428867456968e-15 1.967875540125715e-16
4.588801683194224e+03 3.338175455987137e-15 1.973913377444636e-16
4.589858415485402e+03 3.069254452610809e-15 1.949562699248355e-16
4.590915391126192e+03 3.340656157353609e-15 2.017621669439978e-16
4.591972610172645e+03 3.594647065968705e-15 2.030880206511747e-16
4.593030072680802e+03 3.175354522017869e-15 1.970351595317246e-16
4.594087778706741e+03 3.343785049192163e-15 1.964290604384092e-16
4.595145728306534e+03 3.626258653311344e-15 1.948714472744958e-16
4.596203921536266e+03 3.125957402720314e-15 1.901220400268909e-16
4.597262358452054e+03 3.554625005014202e-15 1.977259119152505e-16
4.598321039110005e+03 3.483203699879421e-15 1.975394133889637e-16
4.599379963566257e+03 3.329408682522060e-15 1.947992371469782e-16
4.600439131876946e+03 3.416987306998629e-15 1.986555183601234e-16
4.601498544098235e+03 3.362614567053187e-15 1.995876475477409e-16
4.602558200286286e+03 3.467717273276054e-15 2.019695491976159e-16
4.603618100497288e+03 3.345528622942715e-15 1.971766479295078e-16
4.604678244787428e+03 3.270409533034606e-15 1.962361971440326e-16
4.605738633212922e+03 3.251036683671720e-15 1.914222842795827e-16
4.606799265829983e+03 3.041845546871618e-15 1.860530859786586e-16
4.607860142694852e+03 3.260578150312884e-15 1.892645415053361e-16
4.608921263863768e+03 3.443349764592951e-15 1.944022329836427e-16
4.609982629392998e+03 3.324056099678768e-15 1.974880918985919e-16
4.611044239338807e+03 3.558539554873709e-15 2.016167141468299e-16
4.612106093757489e+03 3.565373435073045e-15 1.977685274510047e-16
4.613168192705334e+03 3.079993682974156e-15 1.897041003903778e-16
4.614230536238661e+03 3.396321559891904e-15 1.929487199925158e-16
4.615293124413792e+03 3.213987381348195e-15 1.936688908628615e-16
4.616355957287057e+03 3.324862557842311e-15 2.043011175358605e-16
4.617419034914818e+03 3.236290282177230e-15 2.085267029172216e-16
4.618482357353427e+03 2.972888755958922e-15 1.967251219907279e-16
4.619545924659272e+03 2.879081950700659e-15 1.848306690422277e-16
4.620609736888730e+03 3.470246410859318e-15 1.873464581877197e-16
4.621673794098215e+03 3.046571001732097e-15 1.784131245557064e-16
4.622738096344131e+03 3.228970876404463e-15 1.821371179397851e-16
4.623802643682917e+03 2.952284706862236e-15 1.830396992611047e-16
4.624867436171005e+03 3.518977117135542e-15 1.921000489301385e-16
4.625932473864857e+03 3.422102435257887e-15 1.931810124558500e-16
4.626997756820933e+03 3.465502086214385e-15 1.907661006682566e-16
4.628063285095721e+03 3.363426587182131e-15 1.854912358427948e-16
4.629129058745705e+03 3.143617686084774e-15 1.813369801477720e-16
4.630195077827401e+03 3.393120933112304e-15 1.832504330361253e-16
4.631261342397319e+03 3.353990428719004e-15 1.841533486327459e-16
4.632327852511999e+03 3.119853645808291e-15 1.797244826047463e-16
4.633394608227980e+03 3.284945415434966e-15 1.824615678760156e-16
4.634461609601827e+03 3.161601594758541e-15 1.833833716841633e-16
4.635528856690108e+03 3.341156612407537e-15 1.860601709266339e-16
4.636596349549402e+03 3.266770997934967e-15 1.815773593091177e-16
4.637664088236316e+03 3.227215132891514e-15 1.814116444942206e-16
4.638732072807451e+03 3.678198175285638e-15 1.914918532973967e-16
4.639800303319441e+03 2.773945454419904e-15 1.800095080488905e-16
4.640868779828911e+03 3.023034333050054e-15 1.843188674904473e-16
4.641937502392520e+03 3.214578173135532e-15 1.879594816784966e-16
4.643006471066924e+03 3.241680140795281e-15 1.906108013072585e-16
4.644075685908806e+03 3.334711783828143e-15 1.958173935270970e-16
4.645145146974844e+03 3.097425727154111e-15 1.937209937449644e-16
4.646214854321752e+03 3.104045152796352e-15 1.888536595550267e-16
4.647284808006233e+03 3.258923158317639e-15 1.839949104022145e-16
4.648355008085025e+03 3.116549681987471e-15 1.802760838118555e-16
4.649425454614861e+03 2.962483240279947e-15 1.787758753940142e-16
4.650496147652502e+03 3.127251974955082e-15 1.829934622781678e-16
4.651567087254707e+03 3.242362280698371e-15 1.856874324538815e-16
4.652638273478266e+03 3.120903990274703e-15 1.834950659050619e-16
4.653709706379961e+03 3.128817158830894e-15 1.833076636347535e-16
4.654781386016610e+03 3.046188922185715e-15 1.836325531311283e-16
4.655853312445020e+03 3.320265259357081e-15 1.873156269612017e-16
4.656925485722036e+03 3.158262753811442e-15 1.833417115259954e-16
4.657997905904497e+03 3.191477497625981e-15 1.847555751170123e-16
4.659070573049258e+03 3.169881258319606e-15 1.888619084709768e-16
4.660143487213199e+03 3.691228178119383e-15 1.972069431101827e-16
4.661216648453195e+03 3.352938605608398e-15 1.896604500380787e-16
4.662290056826155e+03 3.042361152717425e-15 1.845774621955528e-16
4.663363712388980e+03 3.207507543719367e-15 1.859923618193125e-16
4.664437615198603e+03 3.083097320716037e-15 1.836887462820893e-16
4.665511765311952e+03 2.950582068084127e-15 1.818414700779096e-16
4.666586162785988e+03 3.192514334522505e-15 1.836025833463246e-16
4.667660807677663e+03 2.964125718659327e-15 1.796129993402729e-16
4.668735700043964e+03 2.899435672550501e-15 1.777226732962819e-16
4.669810839941872e+03 3.277874369974484e-15 1.812126467154134e-16
4.670886227428397e+03 3.209563121757637e-15 1.824422081895845e-16
4.671961862560548e+03 3.349923113195218e-15 1.880230609554883e-16
4.673037745395362e+03 3.409726511790614e-15 1.909605007606021e-16
4.674113875989874e+03 2.928063717663108e-15 1.825588874295280e-16
4.675190254401145e+03 3.334996130787700e-15 1.856105528151492e-16
4.676266880686237e+03 2.956678014115327e-15 1.748454895659692e-16
4.677343754902240e+03 3.103410521170744e-15 1.752569982656203e-16
4.678420877106240e+03 2.881622544867301e-15 1.725424732476738e-16
4.679498247355354e+03 3.218214089917678e-15 1.781852333758646e-16
4.680575865706698e+03 3.184296748891990e-15 1.790543216599878e-16
4.681653732217401e+03 3.245549332747605e-15 1.834291057970375e-16
4.682731846944622e+03 3.222291015692903e-15 1.834442455228201e-16
4.683810209945510e+03 3.687406948143954e-15 1.898643691587582e-16
4.684888821277248e+03 5.313900333172677e-15 2.153377139027205e-16
4.685967680997015e+03 6.070637148282081e-15 2.297970497793380e-16
4.687046789162019e+03 5.474181109906030e-15 2.224985840618028e-16
4.688126145829466e+03 3.803008708834432e-15 1.898505884532153e-16
4.689205751056590e+03 2.900229126167119e-15 1.756755908291895e-16
4.690285604900621e+03 3.406210314719918e-15 1.784757590986315e-16
4.691365707418822e+03 3.469400529933603e-15 1.839752292670380e-16
4.692446058668449e+03 3.072058697299155e-15 1.864277861302765e-16
4.693526658706791e+03 3.078521553423653e-15 1.885411105938859e-16
4.694607507591130e+03 3.359253054134377e-15 1.840313593761154e-16
4.695688605378781e+03 3.236310381596005e-15 1.708976879022388e-16
4.696769952127056e+03 3.005780238132747e-15 1.666125023871835e-16
4.697851547893292e+03 2.831957448028097e-15 1.632913604190327e-16
4.698933392734828e+03 2.997881238343687e-15 1.662488567977586e-16
4.700015486709030e+03 2.951798700272945e-15 1.659524123647464e-16
4.701097829873266e+03 3.024075466176118e-15 1.666107099598252e-16
4.702180422284915e+03 3.200456963380129e-15 1.677733685849419e-16
4.703263264001384e+03 3.131933089858196e-15 1.690472717551565e-16
4.704346355080077e+03 2.836590700985345e-15 1.689143508990166e-16
4.705429695578426e+03 2.851816991511756e-15 1.695038874899257e-16
4.706513285553859e+03 2.811441913997665e-15 1.673654192247540e-16
4.707597125063838e+03 2.764740047148448e-15 1.635905544592336e-16
4.708681214165815e+03 2.752385835307830e-15 1.652124934918337e-16
4.709765552917279e+03 3.144232928100758e-15 1.707211556087161e-16
4.710850141375709e+03 3.634714072206239e-15 1.796725706925802e-16
4.711934979598621e+03 3.861923479832929e-15 1.830219432908908e-16
4.713020067643520e+03 3.819448471321824e-15 1.860493010249901e-16
4.714105405567946e+03 3.370917953856666e-15 1.759256050807578e-16
4.715190993429435e+03 3.050544186776977e-15 1.702766591673404e-16
4.716276831285552e+03 3.138540531928238e-15 1.698292285507311e-16
4.717362919193857e+03 3.031763874059890e-15 1.703368073049627e-16
4.718449257211944e+03 2.980598840431441e-15 1.659373062311223e-16
4.719535845397399e+03 2.908844776394059e-15 1.664497953333221e-16
4.720622683807843e+03 3.352725437548031e-15 1.761148367542212e-16
4.721709772500891e+03 2.697704272912079e-15 1.652442379220594e-16
4.722797111534177e+03 2.985864435325545e-15 1.708427278173908e-16
4.723884700965361e+03 2.704001400839067e-15 1.681048400864539e-16
4.724972540852094e+03 2.752063005028481e-15 1.715560621511792e-16
4.726060631252062e+03 2.980454134211895e-15 1.734075589105770e-16
4.727148972222946e+03 2.990727392030462e-15 1.675531286845268e-16
4.728237563822459e+03 2.812500174904651e-15 1.619875149234372e-16
4.729326406108305e+03 2.998889792797306e-15 1.623261569809895e-16
4.730415499138226e+03 2.823327615340937e-15 1.618556981055654e-16
4.731504842969952e+03 2.651032325730394e-15 1.614517211986874e-16
4.732594437661251e+03 2.879741027000634e-15 1.674741539247021e-16
4.733684283269879e+03 2.984438807300237e-15 1.690312227810362e-16
4.734774379853632e+03 2.952338874270131e-15 1.679109087658020e-16
4.735864727470294e+03 2.923811105159870e-15 1.677692823202109e-16
4.736955326177685e+03 2.833623735946496e-15 1.676563849451483e-16
4.738046176033617e+03 2.975466740862920e-15 1.678186219049756e-16
4.739137277095937e+03 3.151412528779013e-15 1.657043324247048e-16
4.740228629422481e+03 3.344269028776468e-15 1.688090286964502e-16
4.741320233071125e+03 3.506997054628380e-15 1.717932031614163e-16
4.742412088099732e+03 3.355995087556609e-15 1.701658076901265e-16
4.743504194566201e+03 2.995388386129045e-15 1.646954325494889e-16
4.744596552528426e+03 3.093826551073598e-15 1.657451828252985e-16
4.745689162044334e+03 2.751143072735980e-15 1.597286313830061e-16
4.746782023171844e+03 2.608065561481958e-15 1.585130146075962e-16
4.747875135968899e+03 2.712361530039216e-15 1.616149538816059e-16
4.748968500493461e+03 3.238800495996872e-15 1.677423168647562e-16
4.750062116803490e+03 2.855737667384664e-15 1.580353370579072e-16
4.751155984956979e+03 2.992637772651451e-15 1.586795532916317e-16
4.752250105011914e+03 2.956458674023558e-15 1.569179199567013e-16
4.753344477026315e+03 2.787492880705071e-15 1.549030575444168e-16
4.754439101058191e+03 2.935900695344199e-15 1.564285891565952e-16
4.755533977165591e+03 2.788798271900310e-15 1.538778189876438e-16
4.756629105406552e+03 2.600450976014942e-15 1.526285770672594e-16
4.757724485839149e+03 2.729655815212765e-15 1.550709393571771e-16
4.758820118521447e+03 2.866059781864966e-15 1.583158870275871e-16
4.759916003511544e+03 2.873421654178151e-15 1.585018967326143e-16
4.761012140867534e+03 2.887552132247490e-15 1.581821240239056e-16
4.762108530647543e+03 2.852352868938207e-15 1.579327014754871e-16
4.763205172909690e+03 2.622543994631541e-15 1.541432066726119e-16
4.764302067712129e+03 2.605582349396252e-15 1.525522171896574e-16
4.765399215113004e+03 2.448836631558288e-15 1.470386998074650e-16
4.766496615170498e+03 2.512524528548690e-15 1.493123162837382e-16
4.767594267942785e+03 2.728287255090699e-15 1.557023528740027e-16
4.768692173488060e+03 2.602258448670852e-15 1.523467733096319e-16
4.769790331864541e+03 2.744755839240664e-15 1.562600975733377e-16
4.770888743130441e+03 3.030934224154568e-15 1.621702452139709e-16
4.771987407344008e+03 2.982464096571994e-15 1.625347819384455e-16
4.773086324563481e+03 2.679150348291392e-15 1.565211457139559e-16
4.774185494847134e+03 2.764188513573071e-15 1.557417535715744e-16
4.775284918253233e+03 2.711672794853526e-15 1.524294982314144e-16
4.776384594840079e+03 2.597218616710775e-15 1.503469357267738e-16
4.777484524665967e+03 2.667722279144645e-15 1.498406312925836e-16
4.778584707789222e+03 2.691104091008214e-15 1.520389893416139e-16
4.779685144268165e+03 2.917502790496541e-15 1.580270856190500e-16
4.780785834161151e+03 2.724131030004466e-15 1.576764165903927e-16
4.781886777526527e+03 2.519870802564296e-15 1.576013030447314e-16
4.782987974422674e+03 2.628145697363472e-15 1.573458248995007e-16
4.784089424907966e+03 2.693750308041030e-15 1.569732207324101e-16
4.785191129040811e+03 2.846704239128081e-15 1.565903385512642e-16
4.786293086879610e+03 2.601923434534186e-15 1.519872046826923e-16
4.787395298482797e+03 2.361394521515956e-15 1.506908674727640e-16
4.788497763908807e+03 3.025474421590467e-15 1.634138799921802e-16
4.789600483216086e+03 2.867802218339301e-15 1.645635171639010e-16
4.790703456463108e+03 2.647273180680737e-15 1.641236026249971e-16
4.791806683708342e+03 2.737015789256366e-15 1.611057249116066e-16
4.792910165010290e+03 2.583857985081095e-15 1.562121624835890e-16
4.794013900427448e+03 2.545299373013451e-15 1.550388565549763e-16
4.795117890018345e+03 2.939565759799392e-15 1.640285308221920e-16
4.796222133841502e+03 2.637269566902061e-15 1.620516638660697e-16
4.797326631955476e+03 2.775034875263044e-15 1.726810053768064e-16
4.798431384418816e+03 2.555778314688695e-15 1.531376952773559e-16
4.799536391290106e+03 2.432699161885869e-15 1.540624967099536e-16
4.800641652627920e+03 2.368265632434344e-15 1.573555043888937e-16
4.801747168490871e+03 2.830633091434481e-15 1.695901225358596e-16
4.802852938937560e+03 2.743324866620376e-15 1.679959528490489e-16
4.803958964026623e+03 2.736815568977130e-15 1.627912069752383e-16
4.805065243816693e+03 2.519217610127155e-15 1.577018689044393e-16
4.806171778366432e+03 2.429200036232147e-15 1.577798574584963e-16
4.807278567734497e+03 2.580248461237073e-15 1.621705570929989e-16
4.808385611979580e+03 2.641071967964783e-15 1.623720410343075e-16
4.809492911160366e+03 2.639510565510446e-15 1.608300061871740e-16
4.810600465335571e+03 2.696099678605808e-15 1.608412991913955e-16
4.811708274563913e+03 2.686381558984809e-15 1.595261557553098e-16
4.812816338904122e+03 2.586422675770197e-15 1.614204248820015e-16
4.813924658414954e+03 2.554175259554785e-15 1.623187219801073e-16
4.815033233155164e+03 2.657987237338329e-15 1.608430904741105e-16
4.816142063183535e+03 2.780762723876031e-15 1.594767828377863e-16
4.817251148558847e+03 2.538667338256538e-15 1.580008372305799e-16
4.818360489339914e+03 2.498185692708269e-15 1.614323284483952e-16
4.819470085585540e+03 2.760068376049268e-15 1.613650840435293e-16
4.820579937354565e+03 2.648959993978513e-15 1.571063144558581e-16
4.821690044705824e+03 2.819434636572071e-15 1.581900759708189e-16
4.822800407698182e+03 2.930922884680638e-15 1.587640382634463e-16
4.823911026390500e+03 2.402642653664897e-15 1.518493946338074e-16
4.825021900841672e+03 2.662245830150436e-15 1.571186199840966e-16
4.826133031110584e+03 2.491251161416798e-15 1.539695325441038e-16
4.827244417256158e+03 2.695547324783624e-15 1.523311871697017e-16
4.828356059337310e+03 2.744802695426089e-15 1.511459678703498e-16
4.829467957412986e+03 2.529432293274556e-15 1.481514660467087e-16
4.830580111542128e+03 2.421514667933261e-15 1.478146536294635e-16
4.831692521783713e+03 2.656542343686087e-15 1.486474386007843e-16
4.832805188196708e+03 2.472558866732901e-15 1.470313081688974e-16
4.833918110840116e+03 2.661704279920653e-15 1.479813073540903e-16
4.835031289772939e+03 2.664416359997849e-15 1.461910662030975e-16
4.836144725054190e+03 2.532075472925454e-15 1.434660780075068e-16
4.837258416742913e+03 2.493160947766205e-15 1.416158306371059e-16
4.838372364898145e+03 2.521399707766597e-15 1.411735115110190e-16
4.839486569578956e+03 2.461320749748234e-15 1.420249895240621e-16
4.840601030844409e+03 2.653595406180209e-15 1.455169750984671e-16
4.841715748753604e+03 2.720238505047275e-15 1.494379183672671e-16
4.842830723365631e+03 2.389444936506746e-15 1.445609038897746e-16
4.843945954739615e+03 2.503051374367791e-15 1.441514313495614e-16
4.845061442934672e+03 2.415307457460877e-15 1.425825156854090e-16
4.846177188009959e+03 2.369054927481715e-15 1.405928337216649e-16
4.847293190024618e+03 2.396921271546431e-15 1.412021721073650e-16
4.848409449037828e+03 2.550462219554911e-15 1.440839420147300e-16
4.849525965108764e+03 2.502173692588715e-15 1.420368277329343e-16
4.850642738296632e+03 2.326797715172713e-15 1.376715623183476e-16
4.851759768660631e+03 2.486756760805698e-15 1.402048236604455e-16
4.852877056259997e+03 2.323871983604265e-15 1.386969968762978e-16
4.853994601153955e+03 2.225634132503879e-15 1.376583250287018e-16
4.855112403401767e+03 2.247706978159097e-15 1.446036852490510e-16
4.856230463062693e+03 2.373929295044063e-15 1.499979378081622e-16
4.857348780196007e+03 2.202129000230631e-15 1.367817884993694e-16
4.858467354861010e+03 2.863646399249584e-15 1.656486210242814e-16
4.859586187116997e+03 1.929283117418543e-14 3.567276902740079e-16
4.860705277023299e+03 5.931715674106540e-14 9.541448192766499e-16
4.861824624639239e+03 7.656527915726775e-14 1.380261422436458e-15
4.862944230024174e+03 4.758169007830947e-14 8.571080822302162e-16
4.864064093237451e+03 1.594556707313897e-14 3.295996208626092e-16
4.865184214338457e+03 4.155914837001469e-15 1.745576637690990e-16
4.866304593386571e+03 2.337499315225544e-15 1.387765666942420e-16
4.867425230441201e+03 2.126108566912114e-15 1.336069751527492e-16
4.868546125561753e+03 2.112372610630962e-15 1.346158091753648e-16
4.869667278807666e+03 2.177641715148856e-15 1.345464657255495e-16
4.870788690238373e+03 2.371199549646439e-15 1.339190253771579e-16
4.871910359913340e+03 2.150679232822396e-15 1.332814575350956e-16
4.873032287892027e+03 2.419286474510375e-15 1.389369335568738e-16
4.874154474233927e+03 2.982455327640606e-15 1.564604015715555e-16
4.875276918998526e+03 2.402674241188507e-15 1.753248648043955e-16
4.876399622245346e+03 2.230739934723274e-15 1.662321290660895e-16
4.877522584033906e+03 2.336651931494469e-15 1.318786689810100e-16
4.878645804423742e+03 2.334066568344686e-15 1.321703989884963e-16
4.879769283474412e+03 2.299547378134712e-15 1.314052863225840e-16
4.880893021245474e+03 2.411354224832431e-15 1.342315580369336e-16
4.882017017796517e+03 2.698729232734852e-15 1.375414230744522e-16
4.883141273187125e+03 2.223928471444554e-15 1.286880011309919e-16
4.884265787476915e+03 2.304822185632649e-15 1.309015965813867e-16
4.885390560725494e+03 2.423385560545898e-15 1.347788890755304e-16
4.886515592992510e+03 2.210750560663198e-15 1.323639762115739e-16
4.887640884337600e+03 2.571571534482276e-15 1.364511333862273e-16
4.888766434820436e+03 2.482786826429718e-15 1.342807679410871e-16
4.889892244500684e+03 2.459844243163082e-15 1.338525083772885e-16
4.891018313438042e+03 2.478945754708005e-15 1.344163784096606e-16
4.892144641692204e+03 2.497203095932659e-15 1.356174573829159e-16
4.893271229322896e+03 2.710904664388874e-15 1.377248563583407e-16
4.894398076389838e+03 2.280663743332057e-15 1.303856049802132e-16
4.895525182952787e+03 2.572457473693452e-15 1.339863429506623e-16
4.896652549071488e+03 2.449338327911581e-15 1.322805754486248e-16
4.897780174805726e+03 2.442840678353463e-15 1.320215019974240e-16
4.898908060215274e+03 2.432994692767968e-15 1.317194675877551e-16
4.900036205359941e+03 2.234892243460687e-15 1.298494823229085e-16
4.901164610299531e+03 2.329273278728591e-15 1.343124583835682e-16
4.902293275093883e+03 2.521741718827490e-15 1.408270005549176e-16
4.903422199802829e+03 2.469064224796519e-15 1.411202900686947e-16
4.904551384486221e+03 2.395937593917297e-15 1.349330902059263e-16
4.905680829203935e+03 2.538817582534163e-15 1.364749293155043e-16
4.906810534015845e+03 2.559685520884997e-15 1.366799029739776e-16
4.907940498981857e+03 2.468729622004951e-15 1.350302045792832e-16
4.909070724161869e+03 2.342687167793959e-15 1.325611316502699e-16
4.910201209615815e+03 2.261319502581283e-15 1.321607167974583e-16
4.911331955403622e+03 2.303052145355866e-15 1.332998348715852e-16
4.912462961585253e+03 2.285688610004383e-15 1.309093047827475e-16
4.913594228220660e+03 2.393495303601412e-15 1.302829374726221e-16
4.914725755369832e+03 2.355112587541693e-15 1.293856975742966e-16
4.915857543092752e+03 2.429981913239803e-15 1.307835733455539e-16
4.916989591449437e+03 2.208812715195819e-15 1.274796633718127e-16
4.918121900499897e+03 2.261127069896822e-15 1.270942329699196e-16
4.919254470304174e+03 2.268306930038818e-15 1.260671357944011e-16
4.920387300922308e+03 2.383221684589394e-15 1.312767904345068e-16
4.921520392414370e+03 3.065261154043566e-15 1.460154235055540e-16
4.922653744840423e+03 2.662317843503777e-15 1.433800756902979e-16
4.923787358260569e+03 2.678019697009136e-15 1.429043606693601e-16
4.924921232734905e+03 2.183154063444522e-15 1.300848435182889e-16
4.926055368323543e+03 2.261904159353146e-15 1.251826523851988e-16
4.927189765086624e+03 2.078221929505761e-15 1.225619485704931e-16
4.928324423084282e+03 2.151813794096142e-15 1.245239360992006e-16
4.929459342376685e+03 2.141806376339293e-15 1.288985864554115e-16
4.930594523023997e+03 2.205365462830888e-15 1.327111591105936e-16
4.931729965086412e+03 2.332210784831207e-15 1.343007542374039e-16
4.932865668624121e+03 2.432189879825641e-15 1.374420556138773e-16
4.934001633697349e+03 2.283540908698051e-15 1.364465305374646e-16
4.935137860366312e+03 2.472554630645731e-15 1.363012581091822e-16
4.936274348691260e+03 2.440351707176066e-15 1.317213353269223e-16
4.937411098732443e+03 2.205546101736578e-15 1.237569872094322e-16
4.938548110550138e+03 2.335330861726958e-15 1.246049758679860e-16
4.939685384204617e+03 2.453982748259897e-15 1.286795910490639e-16
4.940822919756189e+03 2.354753536643108e-15 1.277152667142866e-16
4.941960717265154e+03 2.341563408815227e-15 1.275164546812652e-16
4.943098776791847e+03 2.394911331508509e-15 1.277856986698633e-16
4.944237098396596e+03 2.400310382805535e-15 1.296056282324709e-16
4.945375682139766e+03 2.283811209084994e-15 1.274639007058416e-16
4.946514528081716e+03 2.208864454186885e-15 1.252398271741824e-16
4.947653636282822e+03 2.256726063406946e-15 1.274358075934836e-16
4.948793006803490e+03 2.261508426833498e-15 1.325802820887038e-16
4.949932639704116e+03 2.247554223825314e-15 1.351294226537675e-16
4.951072535045134e+03 2.248706833405000e-15 1.358550735474150e-16
4.952212692886969e+03 2.331638676895905e-15 1.340525440222474e-16
4.953353113290081e+03 2.324513386721822e-15 1.313338897442211e-16
4.954493796314925e+03 2.305932002776957e-15 1.293952747826695e-16
4.955634742021988e+03 2.176253290261723e-15 1.467576741578821e-16
4.956775950471751e+03 1.327375014192459e-14 2.449050685519036e-16
4.957917421724732e+03 6.302683328786087e-14 1.025849715443038e-15
4.959059155841439e+03 1.168558035463645e-13 2.029052134938872e-15
4.960201152882415e+03 9.603661005068467e-14 1.507989045199089e-15
4.961343412908199e+03 3.653556136190288e-14 5.785971438684218e-16
4.962485935979362e+03 8.361059532320801e-15 2.470914941412833e-16
4.963628722156469e+03 3.190248404099386e-15 1.513511285603130e-16
4.964771771500119e+03 2.243006172314142e-15 1.300605012061444e-16
4.965915084070906e+03 1.996836137008425e-15 1.274915982091940e-16
4.967058659929458e+03 2.177143858399657e-15 1.335579577308465e-16
4.968202499136395e+03 1.975860931566076e-15 1.285225180703281e-16
4.969346601752373e+03 2.102322062840414e-15 1.261552399350167e-16
4.970490967838045e+03 2.069347374786348e-15 1.237304912430704e-16
4.971635597454081e+03 2.319357046667160e-15 1.295202530052461e-16
4.972780490661176e+03 2.203941304479886e-15 1.280746855965817e-16
4.973925647520022e+03 2.182971415167122e-15 1.286611343811059e-16
4.975071068091344e+03 2.083967394284826e-15 1.271011185903998e-16
4.976216752435862e+03 2.146634832659566e-15 1.219003607380874e-16
4.977362700614327e+03 2.207968598236448e-15 1.206852160465366e-16
4.978508912687487e+03 2.123286473766868e-15 1.187984645365388e-16
4.979655388716124e+03 2.250504350729383e-15 1.233508257740342e-16
4.980802128761013e+03 2.073272292986484e-15 1.266240978713312e-16
4.981949132882961e+03 2.031529144940399e-15 1.283145612808884e-16
4.983096401142771e+03 2.326191092938398e-15 1.298148113163304e-16
4.984243933601284e+03 2.647154460013867e-15 1.306778381357456e-16
4.985391730319326e+03 2.493244919543443e-15 1.270099270749069e-16
4.986539791357764e+03 2.477065230300077e-15 1.278453248316365e-16
4.987688116777457e+03 2.567364443736072e-15 1.303184029462994e-16
4.988836706639300e+03 2.326064741517998e-15 1.273403571255378e-16
4.989985561004177e+03 2.146348517807332e-15 1.226967398146799e-16
4.991134679933009e+03 2.057309160569301e-15 1.181731033884890e-16
4.992284063486715e+03 2.145413493732727e-15 1.174007699748966e-16
4.993433711726240e+03 2.206021494715094e-15 1.203693862197963e-16
4.994583624712535e+03 2.194782635162686e-15 1.215681634691647e-16
4.995733802506560e+03 2.104995732451030e-15 1.222372380478349e-16
4.996884245169307e+03 1.995519261248654e-15 1.227406751296468e-16
4.998034952761763e+03 2.102069963583610e-15 1.256447795657868e-16
4.999185925344945e+03 2.164656177897299e-15 1.275779779185593e-16
5.000337162979867e+03 2.139993630290701e-15 1.242879238494925e-16
5.001488665727577e+03 2.112884813467623e-15 1.239783086847606e-16
5.002640433649116e+03 2.087973030732319e-15 1.259999034691984e-16
5.003792466805560e+03 2.815585590523784e-15 1.941222342213010e-16
5.004944765257978e+03 5.924026790900291e-14 6.949150169563519e-16
5.006097329067475e+03 2.218226527979274e-13 3.385427806169381e-15
5.007250158295147e+03 3.358468528808876e-13 5.573733831012344e-15
5.008403253002128e+03 2.385118495561269e-13 3.203775763559533e-15
5.009556613249541e+03 7.159212552542375e-14 8.872120979269006e-16
5.010710239098549e+03 1.349140754648272e-14 2.905943404907092e-16
5.011864130610304e+03 3.298039681878273e-15 1.571754615780296e-16
5.013018287845995e+03 2.027771378769276e-15 1.261943218010908e-16
5.014172710866803e+03 2.360685846565950e-15 1.286976407439658e-16
5.015327399733947e+03 2.773827023383859e-15 1.334205863511792e-16
5.016482354508639e+03 3.166118926739513e-15 1.371368632211950e-16
5.017637575252112e+03 2.677778162642960e-15 1.274242835216172e-16
5.018793062025623e+03 2.049265008693569e-15 1.161296878306768e-16
5.019948814890424e+03 2.012800192028483e-15 1.159606136371776e-16
5.021104833907802e+03 2.047964058258405e-15 1.181014059638183e-16
5.022261119139039e+03 2.020357882425706e-15 1.172240621356546e-16
5.023417670645449e+03 2.128167078834642e-15 1.182713797220906e-16
5.024574488488343e+03 2.150323710574818e-15 1.169410106053167e-16
5.025731572729063e+03 2.139426195354354e-15 1.143520693156852e-16
5.026888923428945e+03 2.156160530237211e-15 1.137418808054095e-16
5.028046540649363e+03 1.935469003918678e-15 1.108002191608532e-16
5.029204424451682e+03 2.166929128349641e-15 1.166026227589141e-16
5.030362574897301e+03 2.040817036479756e-15 1.149757683572414e-16
5.031520992047615e+03 2.097220528229478e-15 1.134751291864918e-16
5.032679675964051e+03 2.135110692479651e-15 1.141413172777210e-16
5.033838626708032e+03 2.142279727819626e-15 1.147505275070996e-16
5.034997844341015e+03 2.360913228312030e-15 1.197296781701349e-16
5.036157328924449e+03 1.970985518108395e-15 1.137317613094390e-16
5.037317080519820e+03 1.976345258466059e-15 1.107567097679796e-16
5.038477099188610e+03 2.121476483901742e-15 1.119766367685117e-16
5.039637384992319e+03 2.115630378574524e-15 1.131891673722664e-16
5.040797937992474e+03 2.088124363576879e-15 1.139912629459404e-16
5.041958758250595e+03 1.915128806941722e-15 1.151381838621237e-16
5.043119845828238e+03 2.056932143631027e-15 1.211544998126383e-16
5.044281200786954e+03 2.071103733626062e-15 1.219706819950269e-16
5.045442823188326e+03 2.062505675950097e-15 1.193630507662544e-16
5.046604713093931e+03 2.142658772800651e-15 1.208366603834706e-16
5.047766870565382e+03 2.195002088553820e-15 1.215405499460291e-16
5.048929295664287e+03 1.959928818052943e-15 1.152263477752179e-16
5.050091988452284e+03 2.056344826089725e-15 1.150052790837666e-16
5.051254948991009e+03 1.864076770441701e-15 1.105880339627847e-16
5.052418177342131e+03 1.956056051443044e-15 1.109558845600888e-16
5.053581673567312e+03 2.222494918117131e-15 1.144938642420986e-16
5.054745437728252e+03 1.987506391301609e-15 1.114191147328999e-16
5.055909469886640e+03 1.904447872148266e-15 1.077353130984676e-16
5.057073770104204e+03 2.010910348213079e-15 1.085154769061964e-16
5.058238338442661e+03 1.905091268771757e-15 1.108565695045099e-16
5.059403174963769e+03 2.079422189018247e-15 1.187935924645557e-16
5.060568279729274e+03 2.036111808042703e-15 1.254749706112187e-16
5.061733652800958e+03 2.097698851918577e-15 1.267896933148145e-16
5.062899294240600e+03 2.087135828168295e-15 1.270594335134129e-16
5.064065204110010e+03 1.931922622029176e-15 1.219010812959463e-16
5.065231382471000e+03 1.956255175025590e-15 1.190667895408313e-16
5.066397829385392e+03 1.930575673377014e-15 1.161030856906267e-16
5.067564544915041e+03 1.854572548986688e-15 1.128940444271897e-16
5.068731529121794e+03 2.038506122110309e-15 1.135146750365592e-16
5.069898782067536e+03 1.997737474442037e-15 1.115815672352881e-16
5.071066303814141e+03 1.810916776507152e-15 1.086219118011567e-16
5.072234094423521e+03 1.911826954156673e-15 1.089736201970722e-16
5.073402153957581e+03 2.008112726352111e-15 1.393733002088909e-16
5.074570482478260e+03 2.121847967829805e-15 1.411812906980445e-16
5.075739080047491e+03 2.203660369785396e-15 1.149581797300948e-16
5.076907946727243e+03 2.092703119296486e-15 1.158634916302241e-16
5.078077082579478e+03 2.124802918755574e-15 1.172623187303160e-16
5.079246487666192e+03 2.295761965832506e-15 1.203405465459014e-16
5.080416162049375e+03 2.103635618767867e-15 1.156108371340300e-16
5.081586105791054e+03 2.034356146674773e-15 1.141076752060379e-16
5.082756318953246e+03 2.259560788704230e-15 1.161975445873291e-16
5.083926801598006e+03 2.305571984131781e-15 1.163224596802055e-16
5.085097553787380e+03 2.249419300719829e-15 1.137563213403767e-16
5.086268575583453e+03 1.985655743880240e-15 1.109195985054137e-16
5.087439867048304e+03 1.970585801459154e-15 1.105399156330291e-16
5.088611428244029e+03 2.026959809944879e-15 1.097402995377956e-16
5.089783259232753e+03 1.919927185077830e-15 1.084371911811148e-16
5.090955360076597e+03 2.162218566551953e-15 1.140588691862465e-16
5.092127730837712e+03 2.089273734473863e-15 1.355172327912027e-16
5.093300371578248e+03 2.188445677243624e-15 1.362292194680175e-16
5.094473282360386e+03 1.956346826200461e-15 1.144558076525858e-16
5.095646463246303e+03 1.846510824473374e-15 1.080431368085945e-16
5.096819914298209e+03 1.856285130625047e-15 1.051775406385133e-16
5.097993635578310e+03 1.928980762304323e-15 1.059505787244597e-16
5.099167627148847e+03 1.957948993288178e-15 1.066082318353337e-16
5.100341889072050e+03 1.807669080577335e-15 1.041158114827850e-16
5.101516421410191e+03 1.779459481370828e-15 1.037849884120073e-16
5.102691224225531e+03 1.938617338927123e-15 1.080461061079932e-16
5.103866297580366e+03 1.893235763073783e-15 1.089021080416644e-16
5.105041641536989e+03 1.903037772490949e-15 1.085878132363229e-16
5.106217256157724e+03 1.968299788263174e-15 1.097878450085284e-16
5.107393141504892e+03 1.825327630287538e-15 1.058649735023002e-16
5.108569297640845e+03 1.909258871552054e-15 1.074319695877790e-16
5.109745724627940e+03 1.823450591602153e-15 1.060166245639424e-16
5.110922422528542e+03 1.681285730307548e-15 1.044312751431856e-16
5.112099391405050e+03 2.004954039400459e-15 1.082977652394923e-16
5.113276631319856e+03 2.019266097192639e-15 1.081384514826103e-16
5.114454142335385e+03 1.906321328349840e-15 1.045762872886106e-16
5.115631924514058e+03 1.888844673383480e-15 1.040235269573987e-16
5.116809977918328e+03 1.719174050092668e-15 1.007836350715292e-16
5.117988302610646e+03 1.994953633615780e-15 1.049778640210034e-16
5.119166898653497e+03 1.811587923112259e-15 1.012985564526582e-16
5.120345766109355e+03 1.690300431148363e-15 9.994939783001144e-17
5.121524905040736e+03 1.791213220176977e-15 1.009259237814142e-16
5.122704315510146e+03 1.797928666306657e-15 1.017816156990126e-16
5.123883997580124e+03 1.923410636937105e-15 1.045179102279211e-16
5.125063951313207e+03 1.803804531143386e-15 1.034508703270792e-16
5.126244176771967e+03 1.956612556684381e-15 1.069481489889280e-16
5.127424674018965e+03 1.863326850397738e-15 1.049548669117014e-16
5.128605443116800e+03 1.751788842616637e-15 1.030543115338702e-16
5.129786484128068e+03 1.890350667995561e-15 1.041370677683571e-16
5.130967797115394e+03 1.771487883473311e-15 1.029902136794875e-16
5.132149382141407e+03 1.952696854635870e-15 1.080676839597392e-16
5.133331239268746e+03 1.861459969276006e-15 1.070627916003189e-16
5.134513368560079e+03 1.770495726530157e-15 1.039381992982875e-16
5.135695770078086e+03 1.749632855537410e-15 1.017330309031218e-16
5.136878443885450e+03 1.765458076714589e-15 1.012385266013026e-16
5.138061390044871e+03 1.768046070390615e-15 1.036254539445357e-16
5.139244608619078e+03 1.716970364091036e-15 1.029973194511379e-16
5.140428099670796e+03 1.854770814777360e-15 1.033031276411167e-16
5.141611863262779e+03 1.776413375759922e-15 1.016768422724597e-16
5.142795899457780e+03 1.737980611867922e-15 1.023002408611263e-16
5.143980208318587e+03 1.615620003340993e-15 1.019745434900595e-16
5.145164789907980e+03 1.703414451777417e-15 1.021731938509913e-16
5.146349644288773e+03 1.976055989908769e-15 1.040049106513173e-16
5.147534771523777e+03 1.854407537188681e-15 1.014753415281111e-16
5.148720171675835e+03 1.659331715777613e-15 9.619257878135425e-17
5.149905844807788e+03 1.566996481585690e-15 9.568234956904159e-17
5.151091790982507e+03 1.881839783201316e-15 1.022440831715566e-16
5.152278010262861e+03 1.698209286149060e-15 9.918237128851927e-17
5.153464502711752e+03 1.788797280093005e-15 1.019406225371058e-16
5.154651268392076e+03 1.718825996121542e-15 1.019336413121673e-16
5.155838307366765e+03 1.734946753264065e-15 1.021473938537288e-16
5.157025619698742e+03 1.894368637184770e-15 1.049145557806611e-16
5.158213205450971e+03 1.916946105383593e-15 1.038674266160602e-16
5.159401064686409e+03 1.837807704587119e-15 1.021008311495224e-16
5.160589197468031e+03 1.839392228465661e-15 1.003090171920793e-16
5.161777603858841e+03 1.760655941390856e-15 9.723564917830054e-17
5.162966283921835e+03 1.713814199143287e-15 9.666718375510032e-17
5.164155237720048e+03 1.773164003138058e-15 9.753213169175730e-17
5.165344465316506e+03 1.653184780321831e-15 1.152481731923411e-16
5.166533966774270e+03 1.708074193716645e-15 1.008616096652778e-16
5.167723742156399e+03 1.601485999709103e-15 9.658864190203820e-17
5.168913791525980e+03 1.670768465342350e-15 9.635387053795558e-17
5.170104114946100e+03 1.513662321164019e-15 9.412515854436366e-17
5.171294712479879e+03 1.535257069710919e-15 9.571485225319457e-17
5.172485584190431e+03 1.722510272964782e-15 9.914569110883550e-17
5.173676730140905e+03 1.762513469523111e-15 1.023942378888023e-16
5.174868150394443e+03 1.661379419745765e-15 1.076263460748474e-16
5.176059845014224e+03 1.656192253374977e-15 1.106021371732605e-16
5.177251814063421e+03 1.510433280670798e-15 1.095846071445101e-16
5.178444057605239e+03 1.625267748687172e-15 1.052581262128887e-16
5.179636575702882e+03 1.871512279167138e-15 1.060501077372622e-16
5.180829368419586e+03 1.735426998830335e-15 1.041864851792956e-16
5.182022435818584e+03 1.723659253650358e-15 1.031620275191220e-16
5.183215777963127e+03 1.673227515885241e-15 9.807637184546872e-17
5.184409394916498e+03 1.592072731651996e-15 9.581982644414546e-17
5.185603286741967e+03 1.647035900687038e-15 9.722591537894283e-17
5.186797453502846e+03 1.624037597574954e-15 9.987894178850501e-17
5.187991895262438e+03 1.849800768500452e-15 1.021286542135888e-16
5.189186612084079e+03 1.521366233020097e-15 9.443521707556152e-17
5.190381604031103e+03 1.701123347777124e-15 9.692271377300486e-17
5.191576871166878e+03 1.613833048597311e-15 9.626745329481327e-17
5.192772413554765e+03 1.749603111758987e-15 9.994840430242006e-17
5.193968231258162e+03 1.516778733177595e-15 9.318129194128443e-17
5.195164324340457e+03 1.538165841524190e-15 9.320374714496090e-17
5.196360692865079e+03 1.715806983869599e-15 9.817299419503030e-17
5.197557336895446e+03 1.749568973543451e-15 1.008308479455294e-16
5.198754256495013e+03 1.703172669794222e-15 1.002691425358625e-16
5.199951451727229e+03 1.721831405590535e-15 9.896142055996761e-17
5.201148922655580e+03 1.862216977075573e-15 1.029941368541424e-16
5.202346669343545e+03 1.718136537178672e-15 1.015167412132975e-16
5.203544691854634e+03 1.703793497005454e-15 1.014277389602262e-16
5.204742990252363e+03 1.817405060297844e-15 1.004233217329936e-16
5.205941564600258e+03 1.845578865158728e-15 9.934796881942179e-17
5.207140414961877e+03 1.433477754338568e-15 9.184744837737495e-17
5.208339541400771e+03 1.526482416479803e-15 9.575214145115220e-17
5.209538943980528e+03 1.628714871893350e-15 1.007777209710386e-16
5.210738622764727e+03 1.733889593315559e-15 1.000924916231446e-16
5.211938577816984e+03 1.734619127362997e-15 9.610519718174874e-17
5.213138809200912e+03 1.832014484554083e-15 9.677060176109793e-17
5.214339316980153e+03 1.523207127010796e-15 9.363786121202459e-17
5.215540101218349e+03 1.500886348845932e-15 9.505808485851119e-17
5.216741161979174e+03 1.618403935845676e-15 9.712726241623822e-17
5.217942499326294e+03 1.609062903901281e-15 9.581530126210284e-17
5.219144113323416e+03 1.742560048885297e-15 9.726782442622541e-17
5.220346004034237e+03 1.727664394940156e-15 9.651262000832667e-17
5.221548171522491e+03 1.619487876953093e-15 9.445065646823754e-17
5.222750615851905e+03 1.746565208800783e-15 9.504486972786271e-17
5.223953337086241e+03 1.621156016628124e-15 9.329622928622868e-17
5.225156335289257e+03 1.505167697564267e-15 9.098518847336855e-17
5.226359610524744e+03 1.458753874278177e-15 9.111411021083748e-17
5.227563162856489e+03 1.561311659710196e-15 9.455272160517961e-17
5.228766992348312e+03 1.580055045071212e-15 9.426245252407287e-17
5.229971099064031e+03 1.667250148290054e-15 9.472864531993684e-17
5.231175483067494e+03 1.708183499898441e-15 9.502029562019558e-17
5.232380144422553e+03 1.587423193272369e-15 9.293742134101744e-17
5.233585083193071e+03 1.537536452101727e-15 9.261969924321680e-17
5.234790299442945e+03 1.584037419445748e-15 9.463217855077141e-17
5.235995793236062e+03 1.622957808448288e-15 9.548266611029643e-17
5.237201564636349e+03 1.593963176561438e-15 9.398949925620403e-17
5.238407613707722e+03 1.801874168213192e-15 9.654867083797034e-17
5.239613940514135e+03 1.608700219215304e-15 9.294849340952732e-17
5.240820545119537e+03 1.666450233778250e-15 9.334085817590074e-17
5.242027427587912e+03 1.693393952138178e-15 9.498007092736232e-17
5.243234587983235e+03 1.657164610487627e-15 9.450121256569200e-17
5.244442026369520e+03 1.526299848258667e-15 9.243690718578577e-17
5.245649742810774e+03 1.531015753253344e-15 9.145093663057784e-17
5.246857737371039e+03 1.576649493102932e-15 9.235898956744812e-17
5.248066010114351e+03 1.721065444659897e-15 9.653147940511989e-17
5.249274561104783e+03 1.671948307908384e-15 9.486846970477369e-17
5.250483390406399e+03 1.470142251348179e-15 9.178196887634639e-17
5.251692498083301e+03 1.452490630803420e-15 9.169245852098686e-17
5.252901884199585e+03 1.589597040746547e-15 9.379499804574941e-17
5.254111548819381e+03 1.454688073918882e-15 9.198332312380921e-17
5.255321492006819e+03 1.522141820012758e-15 9.400472850099014e-17
5.256531713826043e+03 1.755333541431559e-15 1.005752942148269e-16
5.257742214341230e+03 1.703466582681854e-15 9.891771504071137e-17
5.258952993616547e+03 1.735011037436511e-15 9.503686934808591e-17
5.260164051716202e+03 1.676172466036362e-15 9.273923970823308e-17
5.261375388704390e+03 1.662032837684540e-15 9.213209254253040e-17
5.262587004645347e+03 1.712495446912322e-15 9.414650897740424e-17
5.263798899603302e+03 1.550611500812456e-15 9.289515998498931e-17
5.265011073642517e+03 1.586445997260133e-15 9.265000025513598e-17
5.266223526827250e+03 1.611833762921654e-15 9.262393533187215e-17
5.267436259221796e+03 1.631382363961772e-15 9.314361356857541e-17
5.268649270890442e+03 1.704968872039931e-15 9.348584240683119e-17
5.269862561897508e+03 1.611951631171944e-15 9.136001847819588e-17
5.271076132307317e+03 1.584442094385397e-15 9.088566179050900e-17
5.272289982184217e+03 1.670440881951407e-15 9.298165382836425e-17
5.273504111592554e+03 1.662968530664830e-15 9.197217608774347e-17
5.274718520596715e+03 1.491774967956736e-15 8.977897974800286e-17
5.275933209261072e+03 1.580687450104643e-15 8.996686704773838e-17
5.277148177650040e+03 1.493660767866975e-15 8.962721039740199e-17
5.278363425828028e+03 1.525166446873157e-15 8.997613821377546e-17
5.279578953859463e+03 1.678358819623032e-15 9.309943262448082e-17
5.280794761808800e+03 1.615998595293960e-15 9.459134167348964e-17
5.282010849740492e+03 1.574487415086569e-15 9.557316077450779e-17
5.283227217719023e+03 1.648044271699753e-15 9.617758031567106e-17
5.284443865808875e+03 1.557111435254273e-15 9.344895665151382e-17
5.285660794074562e+03 1.622236288393707e-15 9.254297128615709e-17
5.286878002580595e+03 1.628570503249487e-15 9.324506695145571e-17
5.288095491391520e+03 1.627709005941771e-15 9.361911732363877e-17
5.289313260571876e+03 1.470979313022401e-15 9.193176259203931e-17
5.290531310186238e+03 1.386452244067582e-15 9.024044176737118e-17
5.291749640299175e+03 1.653492235339713e-15 9.444060965425676e-17
5.292968250975293e+03 1.619902185332503e-15 9.536030086642046e-17
5.294187142279192e+03 1.435634264040427e-15 9.368283705275646e-17
5.295406314275504e+03 1.601030289154220e-15 9.369380930150896e-17
5.296625767028859e+03 1.732794251615004e-15 9.310481857081929e-17
5.297845500603923e+03 1.560562193167414e-15 9.114908607139038e-17
5.299065515065353e+03 1.617453411150572e-15 9.184486130508827e-17
5.300285810477844e+03 1.471208497343883e-15 9.034990533663055e-17
5.301506386906090e+03 1.430950368750657e-15 9.128844503911803e-17
5.302727244414798e+03 1.500647805841114e-15 9.270472430433771e-17
5.303948383068703e+03 1.666355709518584e-15 9.496987721928018e-17
5.305169802932554e+03 1.570809986469972e-15 9.158197888319072e-17
5.306391504071104e+03 1.672141361870243e-15 9.192135054617989e-17
5.307613486549120e+03 1.592925911930424e-15 9.051555170681944e-17
5.308835750431403e+03 1.573902314372165e-15 9.169711062934966e-17
5.310058295782744e+03 1.577273220017834e-15 9.183718738689896e-17
5.311281122667971e+03 1.484237840481958e-15 9.167306998166000e-17
5.312504231151908e+03 1.547533319170246e-15 9.201820914119616e-17
5.313727621299413e+03 1.699449042718125e-15 9.353879052108870e-17
5.314951293175338e+03 1.544457209110677e-15 8.971700500178243e-17
5.316175246844571e+03 1.677154728269314e-15 9.221109115101909e-17
5.317399482371996e+03 1.587922261195799e-15 9.207867576488004e-17
5.318623999822531e+03 1.526749975426392e-15 9.316225864028989e-17
5.319848799261086e+03 1.593301182958671e-15 9.296642182425598e-17
5.321073880752610e+03 1.575635668001197e-15 9.153521278375321e-17
5.322299244362048e+03 1.621570944152995e-15 9.168415874409259e-17
5.323524890154373e+03 1.594183165080193e-15 9.334532860325068e-17
5.324750818194560e+03 1.555125637095891e-15 9.210343449773622e-17
5.325977028547618e+03 1.459168079060339e-15 9.036504327504279e-17
5.327203521278546e+03 1.464857602489861e-15 9.260036432792678e-17
5.328430296452384e+03 1.523114226491703e-15 9.285798964610473e-17
5.329657354134169e+03 1.537065503359086e-15 9.243046421418717e-17
5.330884694388952e+03 1.618289603822307e-15 9.551804192072472e-17
5.332112317281816e+03 1.623540359132714e-15 9.917722658409090e-17
5.333340222877838e+03 1.619453418288059e-15 1.002099912815346e-16
5.334568411242131e+03 1.409353595016683e-15 9.005968872452844e-17
5.335796882439802e+03 1.414774201583158e-15 8.742347033184601e-17
5.337025636535994e+03 1.632034496002345e-15 8.946013113137439e-17
5.338254673595844e+03 1.504338245129559e-15 8.760617649421865e-17
5.339483993684523e+03 1.527980408457586e-15 8.708975280820886e-17
5.340713596867199e+03 1.542005695739047e-15 8.707553260042886e-17
5.341943483209076e+03 1.582163883160025e-15 8.703096839976170e-17
5.343173652775348e+03 1.396813482603972e-15 8.388557868080860e-17
5.344404105631251e+03 1.482083741097773e-15 8.548138657408248e-17
5.345634841842008e+03 1.500406785084847e-15 8.577833663943536e-17
5.346865861472886e+03 1.513464554075912e-15 8.544770074203009e-17
5.348097164589140e+03 1.373940926630553e-15 8.389293944894313e-17
5.349328751256063e+03 1.534131559373060e-15 8.707729283874578e-17
5.350560621538941e+03 1.512870872017256e-15 8.803949480906649e-17
5.351792775503099e+03 1.512505589218927e-15 8.914086209619716e-17
5.353025213213858e+03 1.464376712365414e-15 8.920274942437760e-17
5.354257934736555e+03 1.538533726459744e-15 8.972677428511595e-17
5.355490940136560e+03 1.495668462328725e-15 8.794235410668285e-17
5.356724229479233e+03 1.441909539319788e-15 8.606989155025467e-17
5.357957802829974e+03 1.523769551557933e-15 8.655886245645770e-17
5.359191660254174e+03 1.673946449400676e-15 8.909766807365458e-17
5.360425801817262e+03 1.472462170282299e-15 8.650239718153597e-17
5.361660227584660e+03 1.440346142948915e-15 8.527952812076509e-17
5.362894937621828e+03 1.446658085460873e-15 8.451591046956441e-17
5.364129931994216e+03 1.523916415379270e-15 8.599625029647072e-17
5.365365210767314e+03 1.536824461555437e-15 8.837009529794016e-17
5.366600774006605e+03 1.584625297861781e-15 9.232893698412725e-17
5.367836621777608e+03 1.553446350684751e-15 9.033189610684877e-17
5.369072754145835e+03 1.447097906830112e-15 8.755227861560974e-17
5.370309171176837e+03 1.371529430546171e-15 8.473583961076943e-17
5.371545872936153e+03 1.289553842484352e-15 8.417554635349364e-17
5.372782859489365e+03 1.338797900102182e-15 8.350207084122662e-17
5.374020130902047e+03 1.512315394447428e-15 8.450331829367706e-17
5.375257687239807e+03 1.440751085999460e-15 8.415560958378934e-17
5.376495528568254e+03 1.560825236560790e-15 8.648766976696627e-17
5.377733654953012e+03 1.297034548587997e-15 8.544284134764652e-17
5.378972066459735e+03 1.467264404311886e-15 8.672198508457441e-17
5.380210763154073e+03 1.436181950013313e-15 8.324790655192062e-17
5.381449745101711e+03 1.375885657929988e-15 8.275143631437280e-17
5.382689012368325e+03 1.228725533142538e-15 8.343350367225527e-17
5.383928565019634e+03 1.489085900470544e-15 8.783760520560314e-17
5.385168403121346e+03 1.299801779784497e-15 8.354736460556876e-17
5.386408526739206e+03 1.498148410790937e-15 8.358916936803334e-17
5.387648935938953e+03 1.534204629129913e-15 8.605974081435903e-17
5.388889630786365e+03 1.460670914820656e-15 8.592717458350826e-17
5.390130611347210e+03 1.523684025783551e-15 8.750053062597012e-17
5.391371877687296e+03 1.504542788068576e-15 8.554602742304840e-17
5.392613429872420e+03 1.419195578983131e-15 8.242053293708939e-17
5.393855267968421e+03 1.384479547410111e-15 8.273690832176753e-17
5.395097392041128e+03 1.467408692765868e-15 8.497908110836313e-17
5.396339802156408e+03 1.396998821376639e-15 8.424565740307848e-17
5.397582498380122e+03 1.294061127975284e-15 8.151482662645759e-17
5.398825480778168e+03 1.435504072448645e-15 8.349279096794201e-17
5.400068749416435e+03 1.429774100995898e-15 8.284619495694467e-17
5.401312304360851e+03 1.470260508563130e-15 8.340775392918076e-17
5.402556145677339e+03 1.463533695802940e-15 8.296492272589593e-17
5.403800273431857e+03 1.302722318676140e-15 8.115844214362263e-17
5.405044687690359e+03 1.356581340897039e-15 8.269622318837257e-17
5.406289388518820e+03 1.325950415176342e-15 8.242025839492379e-17
5.407534375983241e+03 1.444859026407587e-15 8.260799704218590e-17
5.408779650149623e+03 1.467021846918623e-15 8.482088780298651e-17
5.410025211083997e+03 1.393204178482432e-15 8.614751438725502e-17
5.411271058852391e+03 1.539511642873431e-15 8.967521421301849e-17
5.412517193520869e+03 1.574331123138910e-15 8.915822322793252e-17
5.413763615155492e+03 1.465936538162160e-15 8.590950227669414e-17
5.415010323822350e+03 1.402707337159425e-15 8.511167341967302e-17
5.416257319587535e+03 1.424290714905738e-15 8.582895418842014e-17
5.417504602517171e+03 1.438209613788381e-15 8.676202864569984e-17
5.418752172677377e+03 1.384834935727118e-15 8.599344286814295e-17
5.420000030134309e+03 1.352639932714702e-15 8.374822710126734e-17
5.421248174954115e+03 1.409495756562585e-15 8.291915675684088e-17
5.422496607202984e+03 1.321776323721854e-15 8.340843925412796e-17
5.423745326947093e+03 1.451161200614246e-15 8.825303602053811e-17
5.424994334252659e+03 1.507021462702685e-15 8.952490671402280e-17
5.426243629185894e+03 1.456474882866491e-15 8.757221133719756e-17
5.427493211813045e+03 1.436124038194132e-15 8.744480510271353e-17
5.428743082200355e+03 1.376404962862607e-15 8.678573351738555e-17
5.429993240414088e+03 1.502605571132748e-15 8.864022979654828e-17
5.431243686520538e+03 1.459735579299357e-15 8.523621505974252e-17
5.432494420585991e+03 1.467774400897321e-15 8.363558187467756e-17
5.433745442676768e+03 1.392322888810456e-15 8.384367037158985e-17
5.434996752859188e+03 1.319760103224959e-15 8.568569292211765e-17
5.436248351199605e+03 1.392539344602959e-15 1.117400525874763e-16
5.437500237764367e+03 1.585303158410688e-15 1.443692853716558e-16
5.438752412619859e+03 1.617083520719513e-15 1.507322700504803e-16
5.440004875832456e+03 1.242517081862680e-15 1.242548303020654e-16
5.441257627468576e+03 1.460690172623365e-15 8.909756484045788e-17
5.442510667594627e+03 1.339427362359533e-15 8.389511291846516e-17
5.443763996277056e+03 1.304340704046780e-15 8.472242801879775e-17
5.445017613582301e+03 1.291359050492681e-15 8.858659083107814e-17
5.446271519576839e+03 1.337888607243410e-15 8.773839778584360e-17
5.447525714327138e+03 1.359021127894807e-15 8.377365524824564e-17
5.448780197899709e+03 1.404214328963510e-15 8.355004759901441e-17
5.450034970361048e+03 1.380146080891248e-15 8.302097213868427e-17
5.451290031777697e+03 1.375222247038818e-15 8.300977378364993e-17
5.452545382216189e+03 1.438012402666179e-15 8.267120739796721e-17
5.453801021743077e+03 1.417346272452865e-15 8.189373489063517e-17
5.455056950424947e+03 1.450299873717998e-15 8.146643974987089e-17
5.456313168328372e+03 1.286684797889464e-15 8.013111296313513e-17
5.457569675519970e+03 1.483467484184094e-15 8.438792746374954e-17
5.458826472066346e+03 1.317197964377101e-15 8.418966784567196e-17
5.460083558034148e+03 1.439982105372885e-15 8.614432769897697e-17
5.461340933490012e+03 1.346214499545773e-15 8.418464031392155e-17
5.462598598500614e+03 1.325332228459838e-15 8.318471768106601e-17
5.463856553132624e+03 1.537925629887077e-15 8.367326485348879e-17
5.465114797452748e+03 1.292278825482130e-15 7.883399644524704e-17
5.466373331527687e+03 1.405899860409650e-15 8.084239627955450e-17
5.467632155424176e+03 1.384670156111505e-15 8.243394445720628e-17
5.468891269208947e+03 1.231190419706111e-15 8.111884209413866e-17
5.470150672948767e+03 1.300302584405404e-15 8.376719528151935e-17
5.471410366710399e+03 1.394829776992320e-15 8.467888899512404e-17
5.472670350560641e+03 1.374293209161149e-15 8.399133409877132e-17
5.473930624566284e+03 1.257702263748979e-15 8.099046791376123e-17
5.475191188794157e+03 1.327430676624566e-15 8.029512886361704e-17
5.476452043311091e+03 1.354056748397019e-15 8.105278215719212e-17
5.477713188183928e+03 1.324296864548355e-15 8.321897993137229e-17
5.478974623479538e+03 1.273309302879986e-15 8.320462253666588e-17
5.480236349264807e+03 1.273366801099120e-15 8.139044047065575e-17
5.481498365606624e+03 1.310181797655585e-15 8.029966410638107e-17
5.482760672571896e+03 1.385850714563740e-15 8.248316237841566e-17
5.484023270227560e+03 1.406617661791261e-15 8.369773180138943e-17
5.485286158640544e+03 1.332056440748762e-15 8.269422193263125e-17
5.486549337877819e+03 1.350965006299477e-15 8.258095951808035e-17
5.487812808006346e+03 1.209364569102321e-15 7.997175571081435e-17
5.489076569093122e+03 1.357849903295824e-15 8.227597761082405e-17
5.490340621205141e+03 1.437281941163391e-15 8.524102197195662e-17
5.491604964409434e+03 1.213524502029135e-15 8.328551337524603e-17
5.492869598773021e+03 1.256168205887333e-15 8.197218945222260e-17
5.494134524362964e+03 1.409303944224993e-15 8.209233235667505e-17
5.495399741246318e+03 1.321120184172497e-15 8.112696201359099e-17
5.496665249490175e+03 1.308771821025742e-15 8.170321588172268e-17
5.497931049161617e+03 1.249024922847264e-15 8.044723095086722e-17
5.499197140327768e+03 1.241481923197450e-15 7.823112761492012e-17
5.500463523055746e+03 1.369509868328070e-15 7.994637935166990e-17
5.501730197412700e+03 1.165527305808071e-15 7.705693972928142e-17
5.502997163465782e+03 1.503695086316678e-15 8.306423747050702e-17
5.504264421282171e+03 1.242001232343423e-15 7.957478871546416e-17
5.505531970929053e+03 1.311102074044164e-15 7.960856699762478e-17
5.506799812473628e+03 1.291577810836528e-15 7.973683449867874e-17
5.508067945983124e+03 1.311313558611206e-15 8.025115824515222e-17
5.509336371524766e+03 1.346204357632237e-15 8.083685175314584e-17
5.510605089165815e+03 1.304332841466626e-15 8.114121880961659e-17
5.511874098973528e+03 1.232278383189534e-15 7.952442711786116e-17
5.513143401015196e+03 1.245203653156690e-15 7.892546019543740e-17
5.514412995358106e+03 1.319120336282559e-15 7.840575475720386e-17
5.515682882069581e+03 1.228714233212307e-15 7.745559315123459e-17
5.516953061216937e+03 1.300121147975491e-15 8.031578473623848e-17
5.518223532867532e+03 1.354952381301735e-15 8.300082364361722e-17
5.519494297088711e+03 1.413771108298825e-15 8.470554537455032e-17
5.520765353947861e+03 1.282769539071137e-15 8.278583531084990e-17
5.522036703512361e+03 1.215083173960528e-15 8.123286474457817e-17
5.523308345849627e+03 1.268136647550460e-15 7.973268260994251e-17
5.524580281027069e+03 1.199161247662089e-15 7.895444154909858e-17
5.525852509112136e+03 1.255445356786721e-15 8.157940306950145e-17
5.527125030172268e+03 1.189063080758111e-15 7.960835804320304e-17
5.528397844274946e+03 1.187743900449273e-15 7.684376767280303e-17
5.529670951487645e+03 1.211789646924313e-15 7.744681315942753e-17
5.530944351877859e+03 1.249064541582133e-15 7.942529960790774e-17
5.532218045513115e+03 1.288243523188050e-15 7.853714340841208e-17
5.533492032460930e+03 1.313835583756371e-15 7.765464862166968e-17
5.534766312788862e+03 1.241610695665484e-15 7.658354584901896e-17
5.536040886564459e+03 1.437212521545864e-15 8.171988036220727e-17
5.537315753855311e+03 1.421999365292248e-15 8.778094231155448e-17
5.538590914728998e+03 1.377823024302342e-15 8.449640317834648e-17
5.539866369253138e+03 1.365453645787394e-15 8.750635431097046e-17
5.541142117495346e+03 1.313288996314487e-15 8.663662207163591e-17
5.542418159523269e+03 1.274446767573104e-15 8.250692703134282e-17
5.543694495404551e+03 1.250332343030718e-15 7.902729323555120e-17
5.544971125206874e+03 1.294717297882182e-15 7.952859887255396e-17
5.546248048997912e+03 1.169495636502335e-15 7.825548566298969e-17
5.547525266845377e+03 1.124986789840167e-15 7.569396075831696e-17
5.548802778816976e+03 1.225999309671843e-15 7.624753729044888e-17
5.550080584980450e+03 1.284959037564118e-15 8.146197957958205e-17
5.551358685403539e+03 1.253723560553517e-15 1.231783639946211e-16
5.552637080154015e+03 2.258136793209937e-15 3.042926732529554e-16
5.553915769299653e+03 3.835639278692364e-16 5.822756240950623e-16
5.555194752908243e+03 1.348274364582089e-15 3.970758284225126e-16
5.556474031047605e+03 2.206317376138347e-15 2.439379659490899e-16
5.557753603785553e+03 1.779873037928925e-15 1.365610523882859e-16
5.559033471189943e+03 1.444939351613811e-15 1.009097603628323e-16
5.560313633328618e+03 1.344418799658155e-15 8.355835707890291e-17
5.561594090269464e+03 1.281632950120788e-15 7.890223875274694e-17
5.562874842080358e+03 1.264718670958290e-15 7.842967289264902e-17
5.564155888829215e+03 1.274865583415131e-15 8.203471461241403e-17
5.565437230583942e+03 1.212102045752597e-15 8.320384987975294e-17
5.566718867412489e+03 1.360001059063470e-15 8.407341295699380e-17
5.568000799382793e+03 1.152295040979809e-15 8.282614235811662e-17
5.569283026562835e+03 1.149740472553354e-15 8.047755378562814e-17
5.570565549020583e+03 1.325215448259103e-15 8.141671433048008e-17
5.571848366824048e+03 1.302761033677099e-15 7.745493278777606e-17
5.573131480041230e+03 1.094919167925874e-15 7.372437158045014e-17
5.574414888740174e+03 1.312449983787656e-15 7.610220845463573e-17
5.575698592988911e+03 1.248857967610204e-15 7.739678119274658e-17
5.576982592855512e+03 1.164768192378400e-15 7.566154377860432e-17
5.578266888408044e+03 1.251265551509158e-15 7.551002289584249e-17
5.579551479714609e+03 1.253057929311474e-15 7.666417900507166e-17
5.580836366843305e+03 1.271241021569230e-15 7.827141640314935e-17
5.582121549862267e+03 1.284058346926738e-15 7.871593502876067e-17
5.583407028839625e+03 1.141167778110906e-15 7.557933888529500e-17
5.584692803843532e+03 1.211167288547297e-15 7.665240642874766e-17
5.585978874942167e+03 1.371602676971420e-15 8.049815541285736e-17
5.587265242203707e+03 1.285063559160138e-15 7.873222330341309e-17
5.588551905696364e+03 1.172694327388932e-15 7.589714463434301e-17
5.589838865488345e+03 1.204595293052898e-15 7.516755832778262e-17
5.591126121647893e+03 1.251046565439496e-15 7.531341194951140e-17
5.592413674243247e+03 1.250576186830966e-15 7.660542986748263e-17
5.593701523342685e+03 1.255956004439239e-15 7.948003110886690e-17
5.594989669014471e+03 1.116821560970632e-15 7.694877685437668e-17
5.596278111326917e+03 1.124685627161964e-15 7.424951976120815e-17
5.597566850348323e+03 1.209359198311363e-15 7.407861100799763e-17
5.598855886147026e+03 1.241110661792461e-15 7.639409800428078e-17
5.600145218791359e+03 1.184266194751399e-15 7.578101489693654e-17
5.601434848349692e+03 1.146960829425753e-15 7.457713583746512e-17
5.602724774890390e+03 1.064954500431233e-15 7.228163350304276e-17
5.604014998481854e+03 1.235756417306704e-15 7.644510553162401e-17
5.605305519192479e+03 1.251875860695572e-15 7.947450612740516e-17
5.606596337090697e+03 1.373068975273424e-15 8.027372479332905e-17
5.607887452244944e+03 1.147610211235326e-15 7.499131570604644e-17
5.609178864723664e+03 1.168189456240753e-15 7.308184646507547e-17
5.610470574595339e+03 1.246291086600079e-15 7.558307960108065e-17
5.611762581928443e+03 1.243354367406989e-15 7.766088933581186e-17
5.613054886791489e+03 1.259080430925402e-15 7.949283543708376e-17
5.614347489252980e+03 1.235949078438413e-15 7.652509931681200e-17
5.615640389381463e+03 1.152085859922159e-15 7.353591329687390e-17
5.616933587245474e+03 1.196186364194967e-15 7.390308438797246e-17
5.618227082913586e+03 1.239461339653614e-15 7.485712360924912e-17
5.619520876454370e+03 1.064195470467834e-15 7.396052394240217e-17
5.620814967936432e+03 1.126132916620533e-15 7.507469412773294e-17
5.622109357428373e+03 1.155825577331498e-15 7.546231965769060e-17
5.623404044998830e+03 1.202602109483172e-15 7.584600930417320e-17
5.624699030716436e+03 1.207822129930786e-15 7.504261240184574e-17
5.625994314649860e+03 1.105546845436815e-15 7.262080338915118e-17
5.627289896867766e+03 1.232811015760699e-15 7.494887700610343e-17
5.628585777438856e+03 1.193542624355632e-15 7.542139092749275e-17
5.629881956431824e+03 1.268071730219446e-15 7.633618866377168e-17
5.631178433915406e+03 1.249775368478229e-15 7.500724030916017e-17
5.632475209958329e+03 1.138847526145841e-15 7.461547556902150e-17
5.633772284629346e+03 1.104154873475624e-15 7.543113491673649e-17
5.635069657997237e+03 1.213430902322120e-15 7.714629644112991e-17
5.636367330130774e+03 1.306518164707004e-15 7.851004851109743e-17
5.637665301098773e+03 1.107613874653552e-15 7.556579516684219e-17
5.638963570970036e+03 1.228393946955385e-15 7.847824854684253e-17
5.640262139813411e+03 1.174203638755253e-15 7.760731424642320e-17
5.641561007697731e+03 1.113118619493971e-15 7.724190045528850e-17
5.642860174691876e+03 1.206909080152650e-15 7.708935089374635e-17
5.644159640864712e+03 1.104029466071426e-15 7.578624230180038e-17
5.645459406285150e+03 1.263548168947510e-15 7.763261808426876e-17
5.646759471022089e+03 1.138291741090107e-15 7.824331880164530e-17
5.648059835144468e+03 1.019425689751072e-15 8.028773953187021e-17
5.649360498721221e+03 1.229558305789435e-15 8.236075109420328e-17
5.650661461821318e+03 1.155479928679613e-15 7.786665384990451e-17
5.651962724513724e+03 1.090381249315045e-15 7.455431017534236e-17
5.653264286867443e+03 1.203105277720040e-15 7.530073345914029e-17
5.654566148951469e+03 1.281532649817492e-15 7.931853445292296e-17
5.655868310834838e+03 1.183580619734095e-15 7.741095088132117e-17
5.657170772586577e+03 1.157995092958451e-15 7.826328865662236e-17
5.658473534275754e+03 1.209686756467075e-15 8.170383665530240e-17
5.659776595971428e+03 1.195257985523853e-15 8.736518727889525e-17
5.661079957742697e+03 1.100066322873900e-15 9.645997825253265e-17
5.662383619658659e+03 1.213731435108205e-15 9.169029021403983e-17
5.663687581788427e+03 1.015864553274169e-15 8.739516124156850e-17
5.664991844201148e+03 1.102581863169264e-15 8.756984070621623e-17
5.666296406965958e+03 1.173971198295488e-15 8.853133134183073e-17
5.667601270152039e+03 1.143432993060873e-15 8.540931501904516e-17
5.668906433828559e+03 1.103357651604028e-15 8.064416490367378e-17
5.670211898064729e+03 1.206341942584857e-15 7.955403423187755e-17
5.671517662929753e+03 1.008551270330434e-15 7.542119774597087e-17
5.672823728492871e+03 1.096810771264101e-15 7.775030699134834e-17
5.674130094823319e+03 1.108297910245594e-15 7.997162233307248e-17
5.675436761990371e+03 1.188544222809403e-15 8.294268498868901e-17
5.676743730063292e+03 1.169292118114048e-15 8.435279117889628e-17
5.678050999111389e+03 1.144537380835495e-15 8.410870375616422e-17
5.679358569203961e+03 1.165829898532256e-15 8.016743595062266e-17
5.680666440410344e+03 1.076570660851201e-15 7.335196956588445e-17
5.681974612799869e+03 1.179030424998719e-15 7.417861971382701e-17
5.683283086441907e+03 1.043032887846977e-15 7.370074110785297e-17
5.684591861405817e+03 1.221365494785559e-15 7.718394665587816e-17
5.685900937761005e+03 1.119705569346697e-15 7.741109416188456e-17
5.687210315576867e+03 1.182058074789875e-15 7.824713146178226e-17
5.688519994922821e+03 1.248945463674510e-15 7.879868370086280e-17
5.689829975868317e+03 1.131033307558167e-15 7.665689222612737e-17
5.691140258482796e+03 1.208345597501043e-15 7.952232522424761e-17
5.692450842835739e+03 1.052216654981207e-15 8.386252880730017e-17
5.693761728996623e+03 1.189867894233659e-15 8.805355269846738e-17
5.695072917034960e+03 1.119267341090317e-15 8.490638705364965e-17
5.696384407020254e+03 1.178209733865929e-15 7.937782672421633e-17
5.697696199022052e+03 1.103211147997671e-15 7.456224178535217e-17
5.699008293109895e+03 1.162523427978435e-15 7.550082244547199e-17
5.700320689353357e+03 1.236561797493011e-15 7.650483175369681e-17
5.701633387822009e+03 1.052198946953689e-15 7.361945568552712e-17
5.702946388585461e+03 1.088757148960169e-15 7.377689959878637e-17
5.704259691713317e+03 1.218031030210283e-15 7.630617546886638e-17
5.705573297275215e+03 1.114222583158439e-15 7.656018523896235e-17
5.706887205340792e+03 1.042042004139544e-15 7.929974469070730e-17
5.708201415979722e+03 1.103885273504137e-15 8.045708149325321e-17
5.709515929261670e+03 1.050714266357518e-15 7.653022080972551e-17
5.710830745256341e+03 1.123433662851796e-15 7.418260913918034e-17
5.712145864033442e+03 1.094868753832629e-15 7.337381007259371e-17
5.713461285662692e+03 9.996599922363070e-16 7.319139282398268e-17
5.714777010213846e+03 1.127661956498278e-15 7.564665347519715e-17
5.716093037756648e+03 1.093021890312908e-15 7.524495565746837e-17
5.717409368360887e+03 9.982249791184444e-16 7.225495111898428e-17
5.718726002096339e+03 1.214048403808817e-15 7.674629827430116e-17
5.720042939032826e+03 9.796348918857661e-16 7.337604230445315e-17
5.721360179240157e+03 1.120893516768295e-15 7.513148573520896e-17
5.722677722788183e+03 1.004519848178540e-15 7.332066093811402e-17
5.723995569746745e+03 1.081945428178458e-15 7.442304449191545e-17
5.725313720185728e+03 1.079191062033690e-15 7.572638585385016e-17
5.726632174175006e+03 1.070785585683652e-15 7.571508058510322e-17
5.727950931784494e+03 1.061485304054401e-15 7.593207934122405e-17
5.729269993084100e+03 1.061664272446400e-15 7.750446510965348e-17
5.730589358143771e+03 1.247822979394876e-15 8.175717422352808e-17
5.731909027033446e+03 1.126315812216342e-15 7.980116311027738e-17
5.733228999823104e+03 1.130736009202030e-15 7.963024616272520e-17
5.734549276582719e+03 1.069830331872081e-15 7.803536547024339e-17
5.735869857382300e+03 1.115739141498164e-15 7.742725572073671e-17
5.737190742291858e+03 1.095284074601158e-15 7.905925681443195e-17
5.738511931381419e+03 1.038280696972730e-15 7.638831999149883e-17
5.739833424721044e+03 1.153079742919664e-15 7.970049913094293e-17
5.741155222380784e+03 1.136223488243645e-15 8.223325727011375e-17
5.742477324430730e+03 1.087668897309666e-15 8.425487686563537e-17
5.743799730940969e+03 9.708684442612503e-16 8.439705634751804e-17
5.745122441981624e+03 1.172772285388393e-15 8.978476031541835e-17
5.746445457622815e+03 1.168781698435935e-15 8.916089460883517e-17
5.747768777934694e+03 1.088248032219868e-15 8.580452262070124e-17
5.749092402987414e+03 1.064473840659597e-15 8.328146862043583e-17
5.750416332851161e+03 1.115445784525023e-15 8.129711488066669e-17
5.751740567596121e+03 1.050013883675970e-15 7.965254716766393e-17
5.753065107292511e+03 1.129743930471341e-15 8.182108142797955e-17
5.754389952010547e+03 9.850347993437717e-16 8.300290804409647e-17
5.755715101820482e+03 1.088953179251244e-15 9.138331811414638e-17
5.757040556792563e+03 1.068807517679486e-15 8.953820649773708e-17
5.758366316997075e+03 1.037632916821080e-15 8.676170203897682e-17
5.759692382504299e+03 1.017183540788999e-15 8.080657321606172e-17
5.761018753384551e+03 9.595640814833179e-16 8.049885600544594e-17
5.762345429708143e+03 1.110594125311399e-15 8.498048424373292e-17
5.763672411545424e+03 1.050701863753361e-15 8.715395875255878e-17
5.764999698966742e+03 1.024392470766565e-15 9.179321154243766e-17
5.766327292042476e+03 1.151097946714987e-15 9.442899237138853e-17
5.767655190843009e+03 1.013106719550106e-15 9.164751815399385e-17
5.768983395438740e+03 1.035697766988302e-15 8.907492645651085e-17
5.770311905900098e+03 1.040259566154819e-15 8.725183647015900e-17
5.771640722297510e+03 9.815144254524690e-16 8.596650247889442e-17
5.772969844701441e+03 1.029070069776292e-15 8.267752708792270e-17
5.774299273182345e+03 1.113621806582420e-15 8.227555285506372e-17
5.775629007810722e+03 1.099118011462692e-15 8.165862028953005e-17
5.776959048657058e+03 1.128749340599596e-15 8.160750845940344e-17
5.778289395791884e+03 1.046756156870807e-15 8.038852895519642e-17
5.779620049285723e+03 9.956885223454141e-16 8.103002318371244e-17
5.780951009209134e+03 1.013691820821819e-15 8.211529666713903e-17
5.782282275632674e+03 1.098929416374894e-15 8.208789791141844e-17
5.783613848626936e+03 1.082512153812178e-15 8.053241417560734e-17
5.784945728262505e+03 9.055531854598967e-16 7.866345857072838e-17
5.786277914610012e+03 1.021620027617570e-15 8.205658822018835e-17
5.787610407740072e+03 1.207081716093062e-15 8.512671716365084e-17
5.788943207723347e+03 1.132528626699949e-15 8.496006110989586e-17
5.790276314630488e+03 1.005138732748179e-15 8.069074237220797e-17
5.791609728532186e+03 1.173517648743784e-15 8.192324356197909e-17
5.792943449499133e+03 1.113297420951857e-15 8.029344230392692e-17
5.794277477602034e+03 1.063709159126959e-15 8.001708517407701e-17
5.795611812911631e+03 1.099009918200513e-15 7.957160246361863e-17
5.796946455498657e+03 9.732319528516023e-16 7.783073549088602e-17
5.798281405433884e+03 1.096407489035088e-15 8.006482498936970e-17
5.799616662788079e+03 1.092961029470028e-15 8.022258639623884e-17
5.800952227632048e+03 1.030441914652112e-15 8.018340398946337e-17
5.802288100036588e+03 1.021759430701547e-15 8.044153974490579e-17
5.803624280072539e+03 9.831061490887278e-16 7.879169569800787e-17
5.804960767810732e+03 1.054543671539782e-15 7.985975420244459e-17
5.806297563322036e+03 1.174715954246764e-15 8.075588377168836e-17
5.807634666677318e+03 1.002773055347662e-15 7.743350687605121e-17
5.808972077947479e+03 1.018623017515791e-15 7.661756971401060e-17
5.810309797203417e+03 1.046577525357694e-15 7.783108307111824e-17
5.811647824516066e+03 1.023893587231144e-15 7.778392112085153e-17
5.812986159956358e+03 1.092593872956719e-15 7.737290739101610e-17
5.814324803595260e+03 1.040846008522576e-15 7.488067173855406e-17
5.815663755503735e+03 9.567451634790851e-16 7.462103208446681e-17
5.817003015752784e+03 1.039407377829185e-15 7.451358640902652e-17
5.818342584413406e+03 1.035826383640073e-15 7.411974900994242e-17
5.819682461556621e+03 9.664727211534791e-16 7.341776962422828e-17
5.821022647253477e+03 1.056106684427255e-15 7.578783056688468e-17
5.822363141575018e+03 1.004212641260668e-15 7.685725799413119e-17
5.823703944592327e+03 1.120636183647044e-15 7.857141517932462e-17
5.825045056376483e+03 1.035425965346586e-15 7.672530318357185e-17
5.826386476998598e+03 1.021916203364921e-15 7.423382481070257e-17
5.827728206529784e+03 1.012880634253798e-15 7.232159492093848e-17
5.829070245041188e+03 9.819866735137944e-16 7.127581108561066e-17
5.830412592603953e+03 1.021447864813671e-15 7.184483739027628e-17
5.831755249289261e+03 1.086017174884247e-15 7.181945064663219e-17
5.833098215168285e+03 1.043824410646437e-15 7.175308489292548e-17
5.834441490312241e+03 1.018605600968281e-15 7.151332754223992e-17
5.835785074792335e+03 1.072138123633878e-15 7.220809411510092e-17
5.837128968679815e+03 1.039948823462561e-15 7.311179512459400e-17
5.838473172045921e+03 1.107902902189877e-15 7.577030463185605e-17
5.839817684961934e+03 1.031328699900718e-15 7.792934853471652e-17
5.841162507499124e+03 9.568653439728015e-16 7.590943370136590e-17
5.842507639728808e+03 1.111172487644162e-15 7.852049238681784e-17
5.843853081722288e+03 1.015301878271760e-15 7.541371521155366e-17
5.845198833550912e+03 1.011900208287659e-15 7.603701748008648e-17
5.846544895286018e+03 1.037932712458602e-15 7.394133431440483e-17
5.847891266998984e+03 9.915425580034154e-16 7.143065456102617e-17
5.849237948761190e+03 1.023120303103316e-15 6.996991860563529e-17
5.850584940644025e+03 1.013144526213523e-15 6.766893979408402e-17
5.851932242718921e+03 1.003191806646637e-15 6.642326981761217e-17
5.853279855057298e+03 9.790771254847527e-16 6.453350838591353e-17
5.854627777730615e+03 9.098382486445002e-16 6.429204840502036e-17
5.855976010810328e+03 1.021922550111679e-15 6.638202939048260e-17
5.857324554367930e+03 1.015523714490834e-15 6.690968453585687e-17
5.858673408474907e+03 1.046424994656945e-15 6.785044628062364e-17
5.860022573202786e+03 9.310893537495520e-16 6.685966793268398e-17
5.861372048623086e+03 1.023092679824135e-15 7.183570721261386e-17
5.862721834807367e+03 1.064818784633968e-15 8.564189415956286e-17
5.864071931827182e+03 8.808404702287501e-16 1.029793792703562e-16
5.865422339754125e+03 9.191658883790621e-16 1.058496639610545e-16
5.866773058659777e+03 9.295694528161622e-16 8.823372581216943e-17
5.868124088615768e+03 1.009950600400541e-15 7.832106024215389e-17
5.869475429693714e+03 1.062724593624925e-15 9.002671434391329e-17
5.870827081965273e+03 9.813055623293419e-16 1.128767585117953e-16
5.872179045502099e+03 1.003821239254822e-15 1.035274033731047e-16
5.873531320375882e+03 1.673255763178471e-15 9.118331495036952e-17
5.874883906658314e+03 3.535807151751994e-15 1.052474992497135e-16
5.876236804421098e+03 4.692886231646758e-15 1.177823759837749e-16
5.877590013735978e+03 3.680061843281961e-15 1.027789879263011e-16
5.878943534674688e+03 1.813262152152083e-15 8.935954575229069e-17
5.880297367309000e+03 1.129036897198906e-15 7.857531507965119e-17
5.881651511710684e+03 1.044147335746778e-15 7.282464443655448e-17
5.883005967951545e+03 9.204912010217846e-16 6.808514366531240e-17
5.884360736103384e+03 9.833600633907420e-16 6.815633641849771e-17
5.885715816238040e+03 1.031806455509664e-15 6.893880500833542e-17
5.887071208427348e+03 1.034556332492637e-15 6.819517136365448e-17
5.888426912743180e+03 9.397246618513924e-16 6.633932336987974e-17
5.889782929257403e+03 9.420234109035246e-16 6.609131016292732e-17
5.891139258041924e+03 9.872716201236432e-16 6.618336581381696e-17
5.892495899168641e+03 9.672889365884964e-16 6.570700404795608e-17
5.893852852709493e+03 1.006855462207924e-15 6.564487485186515e-17
5.895210118736414e+03 9.622037093178034e-16 6.515668769858192e-17
5.896567697321376e+03 8.397915229652084e-16 6.285793269004874e-17
5.897925588536345e+03 1.015942855933688e-15 6.274527980109752e-17
5.899283792453327e+03 1.025827966372678e-15 6.274458651699553e-17
5.900642309144327e+03 8.535945879074278e-16 6.171672582228391e-17
5.902001138681364e+03 9.811884069140720e-16 6.079736560231928e-17
5.903360281136495e+03 9.803571714472524e-16 5.922233948187482e-17
5.904719736581770e+03 9.824182885840130e-16 6.012486945215579e-17
5.906079505089276e+03 1.044513640158955e-15 6.202522165140211e-17
5.907439586731095e+03 1.015609365167785e-15 6.357489257974355e-17
5.908799981579349e+03 9.526096718965713e-16 6.246507799386426e-17
5.910160689706154e+03 1.030620157030685e-15 6.152796723863681e-17
5.911521711183663e+03 1.025885317701991e-15 6.172248523764133e-17
5.912883046084025e+03 9.272926951831546e-16 6.126987181749504e-17
5.914244694479430e+03 1.036062979188073e-15 6.033735962701469e-17
5.915606656442058e+03 9.128516478287327e-16 5.765381922184549e-17
5.916968932044130e+03 9.792698812227506e-16 5.849738254446640e-17
5.918331521357863e+03 9.593567599039188e-16 5.873033280274493e-17
5.919694424455509e+03 1.092491437043299e-15 6.050885234024227e-17
5.921057641409318e+03 9.110070092716969e-16 5.905431511385101e-17
5.922421172291577e+03 9.120148672263636e-16 5.766258458294863e-17
5.923785017174568e+03 9.017417764389454e-16 5.639419847056584e-17
5.925149176130612e+03 8.670961294047774e-16 5.731408108335983e-17
5.926513649232030e+03 9.309705757688709e-16 6.179292475769482e-17
5.927878436551159e+03 9.427316179304583e-16 6.683582784389065e-17
5.929243538160364e+03 8.733492095693685e-16 6.684094699895044e-17
5.930608954132026e+03 7.784176010883750e-16 6.047100686801489e-17
5.931974684538535e+03 8.458635975464763e-16 5.630070534634539e-17
5.933340729452293e+03 9.780275873889109e-16 5.552332568181250e-17
5.934707088945738e+03 1.029035396197757e-15 5.685485353008915e-17
5.936073763091301e+03 9.700978286700025e-16 5.760656105106379e-17
5.937440751961455e+03 9.334530667956538e-16 5.804698029286342e-17
5.938808055628663e+03 9.422248703945838e-16 5.842916288047792e-17
5.940175674165431e+03 9.749756763578831e-16 5.863722668169990e-17
5.941543607644255e+03 9.802110341439698e-16 5.785539224963597e-17
5.942911856137675e+03 9.534579472944257e-16 5.844034525759838e-17
5.944280419718222e+03 9.432819924276637e-16 6.022424487625036e-17
5.945649298458469e+03 1.004511240594932e-15 6.075070250426032e-17
5.947018492430978e+03 1.065662786263908e-15 6.170916871447402e-17
5.948388001708356e+03 9.238257139330523e-16 5.894785801082100e-17
5.949757826363199e+03 9.847945537041912e-16 5.864289514501330e-17
5.951127966468149e+03 9.139082619770032e-16 5.823395923940184e-17
5.952498422095834e+03 1.007879882716800e-15 5.880831155078385e-17
5.953869193318928e+03 9.823194401470274e-16 6.105193570455159e-17
5.955240280210097e+03 9.683635187356066e-16 6.068860297770567e-17
5.956611682842044e+03 9.341303882616111e-16 5.803102522853754e-17
5.957983401287476e+03 9.194630127908891e-16 5.469181797774046e-17
5.959355435619112e+03 9.552598275552584e-16 5.425225746473555e-17
5.960727785909708e+03 9.548219744575889e-16 5.481376660532980e-17
5.962100452232014e+03 9.223718007948820e-16 5.713923265095296e-17
5.963473434658817e+03 9.331860450850682e-16 5.885678593614383e-17
5.964846733262902e+03 9.143016901312684e-16 5.877480601126322e-17
5.966220348117092e+03 9.962342297614353e-16 5.852177560974019e-17
5.967594279294200e+03 7.996287236534402e-16 5.500315603322579e-17
5.968968526867084e+03 9.415098056288557e-16 5.658773957001052e-17
5.970343090908593e+03 9.389119980182161e-16 5.608854236012073e-17
5.971717971491616e+03 9.300062489877698e-16 5.551324955595918e-17
5.973093168689037e+03 9.782624657555522e-16 5.582101092213138e-17
5.974468682573780e+03 9.333480928465050e-16 5.435886979483938e-17
5.975844513218760e+03 8.438304564315277e-16 5.238884399883706e-17
5.977220660696935e+03 8.975761944816797e-16 5.235848216413934e-17
5.978597125081254e+03 9.407250368785394e-16 5.340155922560381e-17
5.979973906444709e+03 9.098577779656285e-16 5.423274191975970e-17
5.981351004860283e+03 9.806828711513100e-16 5.544548647097334e-17
5.982728420401000e+03 9.665209768681181e-16 5.484485906647845e-17
5.984106153139885e+03 9.480781337235790e-16 5.418536177489210e-17
5.985484203149975e+03 9.380887983554584e-16 5.318441671386364e-17
5.986862570504346e+03 8.649651571065795e-16 5.243500549421385e-17
5.988241255276066e+03 8.544455190595608e-16 5.035955121772875e-17
5.989620257538245e+03 9.163632616428762e-16 5.173952393627277e-17
5.990999577363980e+03 9.136072992048712e-16 5.350399905406337e-17
5.992379214826417e+03 8.643859667201994e-16 5.306239453402094e-17
5.993759169998691e+03 8.466860247601780e-16 5.257527255446925e-17
5.995139442953976e+03 8.929175577905601e-16 5.196827731190802e-17
5.996520033765441e+03 9.976757481899776e-16 5.282870732901002e-17
5.997900942506294e+03 8.705929255494481e-16 5.030968194533691e-17
5.999282169249742e+03 9.296536128546292e-16 5.016159488143569e-17
6.000663714069024e+03 9.605351085550053e-16 5.074008549815407e-17
6.002045577037377e+03 9.345716797005031e-16 5.066679039475495e-17
6.003427758228079e+03 9.258950276736405e-16 5.029576152048008e-17
6.004810257714399e+03 8.912328279792395e-16 5.027805761029374e-17
6.006193075569648e+03 8.878751299409390e-16 5.032002117148848e-17
6.007576211867131e+03 9.115050631480169e-16 5.082714213177688e-17
6.008959666680190e+03 9.116966675977547e-16 5.141201206863010e-17
6.010343440082170e+03 8.860004991405156e-16 5.078089811645273e-17
6.011727532146429e+03 8.950306221957799e-16 4.974290124750744e-17
6.013111942946365e+03 9.376541824329255e-16 4.982134826395334e-17
6.014496672555365e+03 8.439231657557707e-16 4.904353625547632e-17
6.015881721046858e+03 8.523165069659567e-16 4.915204058159950e-17
6.017267088494264e+03 9.649189234132318e-16 5.170564760317076e-17
6.018652774971050e+03 7.849609420068724e-16 4.848405140817137e-17
6.020038780550668e+03 8.908937780725344e-16 4.950415929079554e-17
6.021425105306615e+03 9.716679009905165e-16 5.191613516675301e-17
6.022811749312383e+03 9.288249330575622e-16 5.018938713331754e-17
6.024198712641500e+03 8.963677497649676e-16 4.930438277717642e-17
6.025585995367489e+03 8.551424180247703e-16 4.729852781862804e-17
6.026973597563917e+03 8.247041591633308e-16 4.591296413786299e-17
6.028361519304339e+03 8.713004143834136e-16 4.645417683293272e-17
6.029749760662354e+03 9.023852850941881e-16 4.677892170748315e-17
6.031138321711553e+03 8.954618606132041e-16 4.734078534398980e-17
6.032527202525568e+03 8.989439230447714e-16 4.764515093501645e-17
6.033916403178024e+03 8.621873611829687e-16 4.641669964827215e-17
6.035305923742588e+03 9.671333082957964e-16 4.931968745637851e-17
6.036695764292917e+03 8.312197780126079e-16 4.943133420923360e-17
6.038085924902713e+03 8.356034309717755e-16 4.901202865092511e-17
6.039476405645668e+03 8.743930131739467e-16 4.844379752754840e-17
6.040867206595516e+03 9.145354198151830e-16 4.889451393492027e-17
6.042258327825989e+03 8.477569217362370e-16 4.823149661332268e-17
6.043649769410838e+03 8.926188608169401e-16 4.886459684339800e-17
6.045041531423847e+03 9.212243607543987e-16 4.930525276409722e-17
6.046433613938794e+03 8.521216008791903e-16 4.713178331276370e-17
6.047826017029499e+03 9.120964946119236e-16 4.628719500395481e-17
6.049218740769771e+03 8.215554547120615e-16 4.618263152744506e-17
6.050611785233466e+03 9.321237503852140e-16 4.788712009076756e-17
6.052005150494428e+03 8.302504526905509e-16 4.514661546901665e-17
6.053398836626544e+03 8.759477120206963e-16 4.494813433135330e-17
6.054792843703694e+03 9.187859873702594e-16 4.488576035368195e-17
6.056187171799798e+03 8.842648713253474e-16 4.564338205401715e-17
6.057581820988772e+03 9.073455662207877e-16 4.618385220071514e-17
6.058976791344568e+03 8.256572944903131e-16 4.546740717548005e-17
6.060372082941137e+03 7.860198589625357e-16 4.390210792982430e-17
6.061767695852465e+03 8.485226898466256e-16 4.411243569280605e-17
6.063163630152537e+03 8.599046842554674e-16 4.439110635329779e-17
6.064559885915372e+03 8.253625551183601e-16 4.392349433676619e-17
6.065956463214990e+03 8.684767674962046e-16 4.400474991309160e-17
6.067353362125446e+03 8.414866847939488e-16 4.428388609809654e-17
6.068750582720799e+03 8.536697499105063e-16 4.547108106517226e-17
6.070148125075118e+03 8.703190423087032e-16 4.503829497202972e-17
6.071545989262512e+03 8.812768262320467e-16 4.455359926206888e-17
6.072944175357085e+03 9.023209358581247e-16 4.471581933252800e-17
6.074342683432978e+03 8.439647729243824e-16 4.352951830194205e-17
6.075741513564325e+03 8.916538594198665e-16 4.436274250509505e-17
6.077140665825305e+03 8.778671541565070e-16 4.457318473174789e-17
6.078540140290087e+03 7.790740105428432e-16 4.403469769775350e-17
6.079939937032880e+03 8.138480089022981e-16 4.505242703887719e-17
6.081340056127890e+03 8.903897272674865e-16 4.549361073835569e-17
6.082740497649361e+03 8.646779566032883e-16 4.473514815856598e-17
6.084141261671530e+03 8.360023225956496e-16 4.396059429947196e-17
6.085542348268677e+03 7.823106794947821e-16 4.486647362931347e-17
6.086943757515075e+03 8.678094699259319e-16 4.706727624227293e-17
6.088345489485037e+03 8.068179577483298e-16 4.615386222539401e-17
6.089747544252868e+03 8.476590577592515e-16 4.528648659195420e-17
6.091149921892917e+03 8.988080921635953e-16 4.586332416907469e-17
6.092552622479523e+03 8.512263380936652e-16 4.638617027892906e-17
6.093955646087070e+03 7.922913461261148e-16 4.525371606971021e-17
6.095358992789937e+03 8.473631599569350e-16 4.466210124895509e-17
6.096762662662522e+03 8.923913927063872e-16 4.454182263769715e-17
6.098166655779261e+03 8.471247722127103e-16 4.406750301490912e-17
6.099570972214577e+03 8.440546625806052e-16 4.447769582633042e-17
6.100975612042938e+03 8.866131561551159e-16 4.571637871802737e-17
6.102380575338805e+03 8.371863247769690e-16 4.511303786637751e-17
6.103785862176680e+03 8.858922110972757e-16 4.563881781717898e-17
6.105191472631059e+03 8.249771795558582e-16 4.507244234239214e-17
6.106597406776476e+03 8.369866514294622e-16 4.421434398501118e-17
6.108003664687460e+03 8.536905097233184e-16 4.469883464369478e-17
6.109410246438583e+03 8.795943993116038e-16 4.719132131702865e-17
6.110817152104408e+03 8.218552105592862e-16 4.530163823648408e-17
6.112224381759540e+03 8.196099360775435e-16 4.532502812538918e-17
6.113631935478576e+03 8.100438896072089e-16 4.505706011546943e-17
6.115039813336155e+03 8.017372070635359e-16 4.524982642834518e-17
6.116448015406910e+03 8.277027420842784e-16 4.657826047385335e-17
6.117856541765515e+03 8.290961615061239e-16 4.714025253611695e-17
6.119265392486634e+03 8.072315040862646e-16 4.631719911891743e-17
6.120674567644978e+03 8.182755481434177e-16 4.564929531348610e-17
6.122084067315252e+03 8.488191526033211e-16 4.525552637299718e-17
6.123493891572182e+03 8.548750036148449e-16 4.541141481961884e-17
6.124904040490520e+03 8.326146978596423e-16 4.510472086915209e-17
6.126314514145037e+03 7.713359040704156e-16 4.771668463097476e-17
6.127725312610509e+03 8.293977952253456e-16 5.035593713592472e-17
6.129136435961728e+03 8.041871934566811e-16 4.795506829584896e-17
6.130547884273525e+03 8.434411028825510e-16 4.657924835157814e-17
6.131959657620719e+03 7.752002089092222e-16 4.495886247677712e-17
6.133371756078172e+03 7.621933948967933e-16 4.675618671100419e-17
6.134784179720744e+03 7.837399188077638e-16 5.004703922556316e-17
6.136196928623329e+03 8.214122888038144e-16 5.020142262143635e-17
6.137610002860819e+03 8.894369670515054e-16 4.810347138397889e-17
6.139023402508145e+03 8.538268128582528e-16 4.614587111650641e-17
6.140437127640233e+03 8.052298878820329e-16 4.617811163174916e-17
6.141851178332046e+03 7.980337727785621e-16 4.822573958337026e-17
6.143265554658548e+03 7.589079678465292e-16 4.818151932589991e-17
6.144680256694737e+03 7.472919058013255e-16 4.725828637890538e-17
6.146095284515609e+03 8.346446331467868e-16 4.711110673874351e-17
6.147510638196197e+03 8.077224231162120e-16 4.475128299379003e-17
6.148926317811531e+03 7.711743520813074e-16 4.341325644156927e-17
6.150342323436681e+03 8.247227646043259e-16 4.561671920943594e-17
6.151758655146710e+03 8.355390702974421e-16 4.739302794289990e-17
6.153175313016723e+03 8.359048004414251e-16 4.881229939055221e-17
6.154592297121822e+03 8.003534985818876e-16 4.800858247922628e-17
6.156009607537129e+03 7.811376666262795e-16 4.631418906197172e-17
6.157427244337801e+03 8.291610074836223e-16 4.657880328221516e-17
6.158845207598987e+03 7.821599740532805e-16 4.779364507822033e-17
6.160263497395877e+03 7.420009560685176e-16 4.834202715454789e-17
6.161682113803659e+03 8.244367986006385e-16 4.809221517364447e-17
6.163101056897555e+03 7.682851408115853e-16 4.495395896676784e-17
6.164520326752783e+03 7.599809446131804e-16 4.459023202309608e-17
6.165939923444607e+03 7.613723263301146e-16 4.567263276281096e-17
6.167359847048279e+03 7.664562646122654e-16 4.497572428170166e-17
6.168780097639094e+03 7.420326153719557e-16 4.354743893373346e-17
6.170200675292338e+03 8.183264497884830e-16 4.274817567759166e-17
6.171621580083343e+03 8.348121855736611e-16 4.350603036095365e-17
6.173042812087432e+03 8.249095268368941e-16 4.334893021087851e-17
6.174464371379969e+03 7.685841891591029e-16 4.249035917124288e-17
6.175886258036311e+03 7.440100805441731e-16 4.355673294150114e-17
6.177308472131856e+03 8.248151827093320e-16 4.533411517363248e-17
6.178731013742000e+03 7.935282211860382e-16 4.400199012995526e-17
6.180153882942172e+03 8.368689686052235e-16 4.330156504280583e-17
6.181577079807809e+03 8.796568892577536e-16 5.567697724573968e-17
6.183000604414359e+03 8.500264269062282e-16 5.497880045976048e-17
6.184424456837310e+03 7.773103428729392e-16 5.631576115461904e-17
6.185848637152138e+03 8.942609081536053e-16 5.788210447424735e-17
6.187273145434367e+03 8.083188562457934e-16 4.273667631075195e-17
6.188697981759507e+03 7.443768602832904e-16 4.072652329415505e-17
6.190123146203118e+03 7.932667801409250e-16 4.225399992207539e-17
6.191548638840746e+03 7.900798608060660e-16 4.411344308335391e-17
6.192974459747982e+03 7.477404358538311e-16 4.388276291212071e-17
6.194400609000409e+03 7.915238998985245e-16 4.408167776397424e-17
6.195827086673652e+03 8.176268090879999e-16 4.443270557713533e-17
6.197253892843330e+03 7.815161224648878e-16 4.257987325620304e-17
6.198681027585103e+03 8.330087709976933e-16 4.109526960509651e-17
6.200108490974623e+03 7.963489408136262e-16 4.011297003302529e-17
6.201536283087586e+03 7.529618116276409e-16 3.919795259637232e-17
6.202964403999678e+03 7.379101594180163e-16 3.961783328667634e-17
6.204392853786632e+03 7.542416743031646e-16 4.012477999247986e-17
6.205821632524167e+03 7.605528579196939e-16 3.927252754292621e-17
6.207250740288051e+03 8.566584420601946e-16 4.427427280464179e-17
6.208680177154047e+03 8.463178734615846e-16 4.746624064105269e-17
6.210109943197933e+03 7.662698766567729e-16 4.561403465269775e-17
6.211540038495529e+03 7.640151446857001e-16 4.363847215168588e-17
6.212970463122645e+03 7.970476308782742e-16 4.371488302133198e-17
6.214401217155131e+03 8.002072652903321e-16 4.354298386388732e-17
6.215832300668834e+03 7.862440283819682e-16 4.309837401169989e-17
6.217263713739640e+03 7.645898959321600e-16 4.103898015389802e-17
6.218695456443428e+03 7.487383766473279e-16 3.883433509070886e-17
6.220127528856121e+03 7.523185845811958e-16 3.788696005265263e-17
6.221559931053634e+03 7.132711299617957e-16 3.850008401299858e-17
6.222992663111921e+03 7.708986965084681e-16 3.995106040667319e-17
6.224425725106935e+03 7.193124095110932e-16 3.738434230736236e-17
6.225859117114666e+03 7.923250969427058e-16 3.774696365707005e-17
6.227292839211100e+03 7.960124289524613e-16 3.786750770536656e-17
6.228726891472262e+03 7.967518921316916e-16 3.996266606378731e-17
6.230161273974173e+03 7.706369016371207e-16 4.424814244890359e-17
6.231595986792895e+03 7.227577310747571e-16 4.585896509787695e-17
6.233031030004481e+03 7.726878121263225e-16 4.417183731236402e-17
6.234466403685031e+03 7.905293836933861e-16 3.971774188816566e-17
6.235902107910631e+03 7.628365829241642e-16 3.759917464528231e-17
6.237338142757415e+03 7.797956180345256e-16 3.794451611443391e-17
6.238774508301508e+03 7.635167836008319e-16 3.854376669792253e-17
6.240211204619077e+03 7.444142488624213e-16 3.906068312336984e-17
6.241648231786286e+03 7.162676762003636e-16 3.800060458629603e-17
6.243085589879320e+03 7.287671149941581e-16 3.615426283490247e-17
6.244523278974400e+03 7.155475635004796e-16 3.495816043117613e-17
6.245961299147735e+03 7.462043551497548e-16 3.634144161376000e-17
6.247399650475582e+03 7.620172205323601e-16 3.764276899066599e-17
6.248838333034189e+03 7.599048211614462e-16 3.748595412006603e-17
6.250277346899847e+03 7.066702963743726e-16 4.017928403505427e-17
6.251716692148834e+03 8.130723889449986e-16 4.053270195763700e-17
6.253156368857479e+03 7.904562415330727e-16 3.888182046139726e-17
6.254596377102099e+03 7.377168652571036e-16 3.760994446342019e-17
6.256036716959054e+03 7.657264034095369e-16 3.774225247266614e-17
6.257477388504695e+03 7.558425569768468e-16 3.819514886712251e-17
6.258918391815420e+03 7.381321975084571e-16 3.973389299285775e-17
6.260359726967617e+03 7.259139777669510e-16 4.194813567049155e-17
6.261801394037714e+03 6.674362118473780e-16 4.183964190252777e-17
6.263243393102138e+03 7.205592580667657e-16 4.000906906038758e-17
6.264685724237353e+03 6.841400839985173e-16 3.619356133854461e-17
6.266128387519815e+03 7.735769918133765e-16 3.923590410428432e-17
6.267571383026028e+03 7.011052579768468e-16 3.631827800685819e-17
6.269014710832493e+03 7.543239719052581e-16 3.734110500025923e-17
6.270458371015723e+03 7.864570547710548e-16 6.907130468421002e-17
6.271902363652277e+03 1.260385765441138e-15 1.689562301389368e-16
6.273346688818698e+03 1.208685332905963e-15 2.030523170081194e-16
6.274791346591576e+03 8.879154573293394e-16 1.824999099111574e-16
6.276236337047494e+03 7.499483076666052e-16 1.217636050541780e-16
6.277681660263075e+03 7.461807372738411e-16 5.853234972029091e-17
6.279127316314937e+03 7.318577476595243e-16 4.699789774927209e-17
6.280573305279739e+03 7.185053467273201e-16 4.747046935315835e-17
6.282019627234134e+03 7.439176354176490e-16 4.423859494006775e-17
6.283466282254815e+03 6.220954494024818e-16 3.627137017767059e-17
6.284913270418473e+03 7.049620818159415e-16 3.497651761633964e-17
6.286360591801836e+03 7.463727814532321e-16 3.722190300016758e-17
6.287808246481627e+03 7.337076424275743e-16 3.727610910918183e-17
6.289256234534613e+03 7.071772569685840e-16 3.629361967349209e-17
6.290704556037552e+03 7.381197708132811e-16 3.635954251280187e-17
6.292153211067245e+03 7.115709160879168e-16 3.717827758945516e-17
6.293602199700485e+03 7.392969015855500e-16 3.863054021913721e-17
6.295051522014108e+03 7.316834875180119e-16 3.851558016292473e-17
6.296501178084951e+03 7.302965699683249e-16 3.871393446640067e-17
6.297951167989866e+03 8.559325226857384e-16 4.169653064233895e-17
6.299401491805743e+03 1.160897235821985e-15 4.632539882317102e-17
6.300852149609464e+03 1.373961560331530e-15 4.897780337336049e-17
6.302303141477953e+03 1.165893712807699e-15 4.780334151147061e-17
6.303754467488128e+03 8.311136362648194e-16 4.519092158073571e-17
6.305206127716951e+03 7.463904053741271e-16 4.212398850461641e-17
6.306658122241373e+03 6.666431223071720e-16 3.711908468694402e-17
6.308110451138392e+03 7.326523927532463e-16 3.640644481143030e-17
6.309563114484994e+03 7.775905471986919e-16 3.743943792664610e-17
6.311016112358211e+03 1.098186175566042e-15 4.301083944634238e-17
6.312469444835067e+03 1.230325078623465e-15 4.437275536229118e-17
6.313923111992630e+03 1.155913134619266e-15 4.329379427871880e-17
6.315377113907957e+03 8.916095970073120e-16 4.030595852135303e-17
6.316831450658153e+03 7.021054707480998e-16 3.856931654280698e-17
6.318286122320312e+03 7.104215901986883e-16 3.947126219163886e-17
6.319741128971569e+03 7.049652327522855e-16 4.071123299850858e-17
6.321196470689059e+03 6.605324862523192e-16 4.149085406504432e-17
6.322652147549951e+03 6.817149952569383e-16 4.100122979765300e-17
6.324108159631421e+03 7.262810721211207e-16 3.878075946231430e-17
6.325564507010656e+03 7.098035478098671e-16 3.627565690550762e-17
6.327021189764878e+03 7.090344577567851e-16 3.621832358012441e-17
6.328478207971325e+03 7.899089506445020e-16 3.903736427609711e-17
6.329935561707239e+03 6.727338047319807e-16 3.964024314991684e-17
6.331393251049883e+03 6.274609448118280e-16 3.844244546943304e-17
6.332851276076553e+03 6.558377409942842e-16 3.661973969508369e-17
6.334309636864542e+03 7.343877573504946e-16 5.259775849602606e-17
6.335768333491181e+03 9.611396949959353e-16 8.334384509438388e-17
6.337227366033796e+03 6.505038127209421e-16 1.041488705011370e-16
6.338686734569757e+03 8.412813499368993e-16 7.836156699748458e-17
6.340146439176427e+03 8.034482876638138e-16 4.560458754669583e-17
6.341606479931207e+03 7.025922127756205e-16 3.897719952475172e-17
6.343066856911497e+03 7.253762048415789e-16 3.814644777534834e-17
6.344527570194737e+03 7.349806919428938e-16 3.639160528331507e-17
6.345988619858359e+03 7.336819175563480e-16 3.498011712531382e-17
6.347450005979839e+03 7.443015056894005e-16 3.488607083502548e-17
6.348911728636647e+03 7.220478996245276e-16 3.571480250620679e-17
6.350373787906294e+03 6.918814170981991e-16 3.827863181302385e-17
6.351836183866283e+03 7.255645148944626e-16 3.950810479257509e-17
6.353298916594164e+03 6.645177480073580e-16 3.600265214026698e-17
6.354761986167474e+03 7.101224669891036e-16 3.501234815913126e-17
6.356225392663799e+03 6.819714015390443e-16 3.464229862798745e-17
6.357689136160717e+03 7.050152464403106e-16 3.650671119271094e-17
6.359153216735832e+03 7.187885296555886e-16 3.611094296598221e-17
6.360617634466778e+03 7.624098894980854e-16 3.658921686942013e-17
6.362082389431187e+03 7.291231026129344e-16 4.736395574855884e-17
6.363547481706729e+03 8.642442693568551e-16 4.981198996732942e-17
6.365012911371070e+03 9.309193940590196e-16 3.876482477872876e-17
6.366478678501918e+03 7.944594624849374e-16 3.551610272776213e-17
6.367944783176973e+03 6.607551294030019e-16 3.352026216766670e-17
6.369411225473981e+03 7.174241284137405e-16 3.467597270598747e-17
6.370878005470678e+03 7.684375098538049e-16 3.545897456490083e-17
6.372345123244842e+03 6.989260191599732e-16 3.476619861392294e-17
6.373812578874247e+03 7.353294883601525e-16 3.531277288085206e-17
6.375280372436710e+03 7.226347621597906e-16 3.570006597967841e-17
6.376748504010037e+03 6.788801944678841e-16 3.487018034056359e-17
6.378216973672080e+03 6.562105753384177e-16 3.350123087347351e-17
6.379685781500684e+03 7.036249081471795e-16 3.400969447936290e-17
6.381154927573735e+03 6.949185276644121e-16 3.395436907370147e-17
6.382624411969115e+03 7.448625726680400e-16 3.489296063086380e-17
6.384094234764744e+03 6.502295600718947e-16 3.351698281755918e-17
6.385564396038547e+03 7.123828061034497e-16 3.497988306230265e-17
6.387034895868464e+03 7.051828277505965e-16 3.514346043771392e-17
6.388505734332470e+03 6.810910366373986e-16 3.424139268518062e-17
6.389976911508536e+03 7.155151751704321e-16 3.455527624085922e-17
6.391448427474676e+03 7.277517525141113e-16 3.493031474264585e-17
6.392920282308894e+03 6.994035651887178e-16 3.404140714725117e-17
6.394392476089240e+03 6.855734723654765e-16 3.317211886768919e-17
6.395865008893754e+03 6.870847293325096e-16 3.391387926369470e-17
6.397337880800522e+03 6.693091925635748e-16 3.432535315713102e-17
6.398811091887621e+03 6.494313737144025e-16 3.490571485993845e-17
6.400284642233174e+03 6.567426778077913e-16 3.441822277188569e-17
6.401758531915291e+03 6.589993713835916e-16 3.359575895879289e-17
6.403232761012131e+03 6.389407181888636e-16 3.265842538442104e-17
6.404707329601844e+03 7.189816446774119e-16 3.432513092713607e-17
6.406182237762620e+03 6.387427208806866e-16 3.293818315752590e-17
6.407657485572648e+03 6.913100337401816e-16 3.343181981782770e-17
6.409133073110154e+03 6.642378139416396e-16 3.198827093304850e-17
6.410609000453360e+03 6.871707212895450e-16 3.212124953665049e-17
6.412085267680533e+03 7.630040334228670e-16 3.277512151485678e-17
6.413561874869933e+03 7.188141655485697e-16 3.303055367871787e-17
6.415038822099845e+03 6.676548239235335e-16 3.287501894936728e-17
6.416516109448587e+03 6.603827235049414e-16 3.342787235192994e-17
6.417993736994470e+03 6.686731163690268e-16 3.368894319881784e-17
6.419471704815850e+03 6.793448471701006e-16 3.332576853231772e-17
6.420950012991074e+03 6.534165247089602e-16 3.267544628391820e-17
6.422428661598533e+03 6.657918432192418e-16 3.214685163660669e-17
6.423907650716611e+03 7.195552549715762e-16 3.313419481012244e-17
6.425386980423737e+03 7.042204215338451e-16 3.357201542634920e-17
6.426866650798326e+03 7.002955249356751e-16 3.345933307255666e-17
6.428346661918847e+03 6.424956238969658e-16 3.245479527446017e-17
6.429827013863753e+03 6.643110741351382e-16 3.328445589391232e-17
6.431307706711543e+03 6.680018545037124e-16 3.394156886792821e-17
6.432788740540709e+03 6.646899708699747e-16 3.359063654786531e-17
6.434270115429790e+03 6.573357393043139e-16 3.322768674510752e-17
6.435751831457310e+03 6.812905007255600e-16 3.509315333966871e-17
6.437233888701843e+03 6.846713074666567e-16 3.656152586763063e-17
6.438716287241953e+03 6.697878919297392e-16 3.686098612814416e-17
6.440199027156248e+03 6.601537512384494e-16 3.535633697068497e-17
6.441682108523330e+03 6.604569722866495e-16 3.548819699482638e-17
6.443165531421841e+03 6.766066293440344e-16 3.611867852754927e-17
6.444649295930418e+03 6.818912966127950e-16 3.541967189570870e-17
6.446133402127742e+03 6.322684561343803e-16 3.307066968802038e-17
6.447617850092493e+03 6.168752618749023e-16 3.184833238880045e-17
6.449102639903369e+03 6.837610036021652e-16 3.301235078104330e-17
6.450587771639103e+03 6.319959645268296e-16 3.329857838200315e-17
6.452073245378423e+03 6.666876335731424e-16 3.356219896325103e-17
6.453559061200101e+03 6.698732396907495e-16 4.099011800910764e-17
6.455045219182900e+03 6.996562728113948e-16 4.257309668943305e-17
6.456531719405627e+03 6.525987584900537e-16 4.200664076903465e-17
6.458018561947082e+03 6.639422065185351e-16 4.177058882348051e-17
6.459505746886111e+03 6.791441442329216e-16 3.287907588437589e-17
6.460993274301546e+03 6.844750940773371e-16 3.266391901382867e-17
6.462481144272270e+03 6.432677087505170e-16 3.257803122926803e-17
6.463969356877155e+03 6.304626175413379e-16 3.269975011400879e-17
6.465457912195117e+03 6.761024173928785e-16 3.455883627750051e-17
6.466946810305066e+03 6.481821510792853e-16 3.481335970226532e-17
6.468436051285952e+03 6.506779415420113e-16 3.598898445571390e-17
6.469925635216722e+03 7.076808253207853e-16 3.919908601369728e-17
6.471415562176366e+03 6.958464013861468e-16 4.124897129929032e-17
6.472905832243864e+03 6.823435986569828e-16 3.899922867814488e-17
6.474396445498242e+03 7.192093581047268e-16 3.690175471981871e-17
6.475887402018525e+03 6.868284157769228e-16 3.629987888985665e-17
6.477378701883754e+03 6.925421553412053e-16 3.743227526641116e-17
6.478870345173010e+03 7.363674594187577e-16 3.688812517752875e-17
6.480362331965365e+03 6.383714761494387e-16 3.358302665295682e-17
6.481854662339938e+03 6.943634093867759e-16 3.390273539273978e-17
6.483347336375834e+03 6.589135512749292e-16 3.329245304508489e-17
6.484840354152208e+03 7.071434334685775e-16 3.349331122055698e-17
6.486333715748206e+03 6.260427566424935e-16 3.234830318636736e-17
6.487827421243017e+03 6.549426708254001e-16 3.258052653498552e-17
6.489321470715821e+03 6.249342753248351e-16 3.167153172577848e-17
6.490815864245847e+03 6.740100996790793e-16 3.224945573483430e-17
6.492310601912312e+03 6.407643190824482e-16 3.740658731859150e-17
6.493805683794476e+03 6.553384765465513e-16 3.906718328108522e-17
6.495301109971597e+03 6.281982065529945e-16 3.858107286948296e-17
6.496796880522973e+03 5.811583592835800e-16 3.280751001258317e-17
6.498292995527895e+03 6.069005713900993e-16 3.295838167783659e-17
6.499789455065699e+03 6.184421337164794e-16 3.314432243017076e-17
6.501286259215712e+03 6.154334382009340e-16 3.368081087874133e-17
6.502783408057306e+03 6.079855824022441e-16 3.458016481655727e-17
6.504280901669853e+03 6.691387955251512e-16 3.763599124567017e-17
6.505778740132740e+03 5.887492397273405e-16 3.929875763881301e-17
6.507276923525396e+03 6.528659366941083e-16 3.777886955613530e-17
6.508775451927239e+03 6.338611831521887e-16 3.336732122872044e-17
6.510274325417732e+03 6.540008277297096e-16 3.204671705121249e-17
6.511773544076333e+03 6.567301637839317e-16 3.200217334229452e-17
6.513273107982540e+03 6.339895931894567e-16 3.232544291870461e-17
6.514773017215845e+03 6.643089106681780e-16 3.322715123123081e-17
6.516273271855786e+03 6.235432215874604e-16 3.346064458485257e-17
6.517773871981893e+03 6.394833213757306e-16 3.355511090088060e-17
6.519274817673736e+03 6.864780691559391e-16 3.349480531392286e-17
6.520776109010882e+03 6.624736567542098e-16 3.259000550416399e-17
6.522277746072943e+03 6.318571069063533e-16 3.229636161019096e-17
6.523779728939519e+03 6.577420979979132e-16 3.419771838882284e-17
6.525282057690257e+03 6.416983422070220e-16 3.717313440946290e-17
6.526784732404796e+03 6.016392917561305e-16 3.772356036218846e-17
6.528287753162820e+03 6.454046537203620e-16 3.580378175159329e-17
6.529791120044003e+03 6.528848844294739e-16 3.309126633627830e-17
6.531294833128067e+03 5.943062801859824e-16 3.160890393923799e-17
6.532798892494729e+03 6.296705188914898e-16 3.308869541182123e-17
6.534303298223728e+03 6.036468697119448e-16 3.893232509541907e-17
6.535808050394831e+03 6.089476146244216e-16 4.091327513750017e-17
6.537313149087826e+03 7.141255331285233e-16 3.731735924752632e-17
6.538818594382506e+03 6.008832926716703e-16 3.229742878834010e-17
6.540324386358679e+03 6.126398550525347e-16 3.267517624114886e-17
6.541830525096194e+03 6.381469312359635e-16 3.286590531027188e-17
6.543337010674895e+03 6.336550343226650e-16 3.216382656121139e-17
6.544843843174664e+03 6.492354678058713e-16 3.284494622176341e-17
6.546351022675382e+03 7.433458248442640e-16 3.510909081615602e-17
6.547858549256967e+03 8.600515400597941e-16 3.870130980557335e-17
6.549366422999336e+03 8.781411760003455e-16 4.101812550535518e-17
6.550874643982450e+03 7.185853215402167e-16 4.052944045374578e-17
6.552383212286256e+03 6.427251086080181e-16 3.660315181927796e-17
6.553892127990752e+03 6.549226443907157e-16 3.338441467620068e-17
6.555401391175926e+03 6.357302900185437e-16 3.265848297719103e-17
6.556911001921811e+03 8.135566248479909e-16 3.387921627030441e-17
6.558420960308431e+03 6.278185897948175e-16 4.969281532619181e-17
6.559931266415856e+03 8.808228275206251e-15 1.106449550469376e-16
6.561441920324148e+03 4.288782317657952e-14 6.782842406934327e-16
6.562952922113414e+03 8.286625121122621e-14 1.410896623444537e-15
6.564464271863751e+03 7.352860610043030e-14 1.172218777977131e-15
6.565975969655304e+03 2.961747861469959e-14 4.633020148681981e-16
6.567488015568214e+03 3.918990780925308e-15 1.010417094911602e-16
6.569000409682641e+03 8.114305222012670e-16 3.626076431853469e-17
6.570513152078786e+03 6.864916468780368e-16 3.289968126515155e-17
6.572026242836840e+03 6.699834295303628e-16 3.134964177014934e-17
6.573539682037035e+03 6.799787922871132e-16 3.128323927641946e-17
6.575053469759601e+03 6.735096205012877e-16 3.279790413543865e-17
6.576567606084812e+03 7.252181244719509e-16 3.399941516607946e-17
6.578082091092931e+03 6.714334961291106e-16 3.161441830596294e-17
6.579596924864269e+03 6.230800777393487e-16 3.040532294744481e-17
6.581112107479126e+03 8.271898126457330e-16 3.372287838694138e-17
6.582627639017850e+03 1.213476089203166e-15 4.043053307537875e-17
6.584143519560779e+03 1.423668103290485e-15 4.352721213842404e-17
6.585659749188298e+03 1.200943162401052e-15 3.914802865276365e-17
6.587176327980781e+03 7.830116786591345e-16 3.368135419048838e-17
6.588693256018650e+03 6.068015898758522e-16 3.116937960337453e-17
6.590210533382316e+03 6.026013633886946e-16 3.084309595640008e-17
6.591728160152239e+03 5.838501768369298e-16 2.998963066865188e-17
6.593246136408867e+03 5.979895438271035e-16 2.994306949768223e-17
6.594764462232695e+03 6.246072492312630e-16 3.047404216187599e-17
6.596283137704218e+03 6.449138179436242e-16 3.002667860189937e-17
6.597802162903947e+03 5.989964497607295e-16 2.904208782786432e-17
6.599321537912432e+03 6.135063759320133e-16 2.914616403285324e-17
6.600841262810216e+03 6.145695804625940e-16 2.916847678790761e-17
6.602361337677886e+03 5.424758661958930e-16 2.764217297461003e-17
6.603881762596023e+03 5.860153105663544e-16 2.836600702042088e-17
6.605402537645249e+03 6.337694307521699e-16 3.059955709698161e-17
6.606923662906183e+03 6.622010970446669e-16 3.175202795740448e-17
6.608445138459487e+03 6.232366988172727e-16 3.035197854409863e-17
6.609966964385812e+03 5.817508696606942e-16 2.850934069676894e-17
6.611489140765860e+03 6.170352047924920e-16 2.817821142938172e-17
6.613011667680320e+03 6.160174208481823e-16 2.799277286082467e-17
6.614534545209929e+03 5.972084319898645e-16 2.798021472582962e-17
6.616057773435416e+03 6.347251804914871e-16 2.843915438251141e-17
6.617581352437553e+03 6.378248337877007e-16 2.853928932925655e-17
6.619105282297104e+03 5.844795282948476e-16 2.815165642968376e-17
6.620629563094883e+03 6.100810595382963e-16 2.902213263718570e-17
6.622154194911689e+03 6.660207513375380e-16 2.967314688075222e-17
6.623679177828372e+03 6.289250105497522e-16 2.879781852378687e-17
6.625204511925778e+03 5.937684508939479e-16 2.761550115663756e-17
6.626730197284772e+03 5.571301420182452e-16 2.709534157672248e-17
6.628256233986256e+03 6.224468182288524e-16 2.831074298535488e-17
6.629782622111129e+03 6.292615478641229e-16 2.978450767662812e-17
6.631309361740328e+03 5.694032197472022e-16 2.989815860481278e-17
6.632836452954789e+03 5.915779782499249e-16 2.974548432562071e-17
6.634363895835487e+03 6.191586535349714e-16 2.832924599922352e-17
6.635891690463396e+03 6.229956723475410e-16 2.798174920918577e-17
6.637419836919528e+03 5.804029820581713e-16 2.799981531628977e-17
6.638948335284892e+03 6.565588848706462e-16 2.932955373764119e-17
6.640477185640541e+03 5.749525790823509e-16 2.858861339219448e-17
6.642006388067519e+03 6.353968125881184e-16 2.927800776743986e-17
6.643535942646916e+03 6.323584889994387e-16 2.907637338054380e-17
6.645065849459815e+03 5.884606088643400e-16 2.831936137648595e-17
6.646596108587343e+03 5.952271980013379e-16 2.760292792199104e-17
6.648126720110619e+03 6.063214730847337e-16 2.773947882264020e-17
6.649657684110809e+03 5.736809411294450e-16 2.811279958118397e-17
6.651189000669068e+03 5.751181478013301e-16 2.860640299570909e-17
6.652720669866600e+03 5.932290430108269e-16 2.777490391261360e-17
6.654252691784598e+03 5.841531316830798e-16 2.702862874548738e-17
6.655785066504302e+03 6.070056769867720e-16 2.770305781616855e-17
6.657317794106943e+03 5.988787239665146e-16 2.886861703034766e-17
6.658850874673799e+03 6.065174595555904e-16 3.007417119883454e-17
6.660384308286146e+03 6.089622584575005e-16 2.928880426154814e-17
6.661918095025277e+03 6.293386138796724e-16 2.862075900031586e-17
6.663452234972526e+03 6.163339120419255e-16 2.814343816894805e-17
6.664986728209217e+03 6.142569367947853e-16 2.818135849257949e-17
6.666521574816724e+03 6.685787966115547e-16 2.910125806496720e-17
6.668056774876404e+03 6.298697462658305e-16 2.977739503617583e-17
6.669592328469671e+03 6.675289692746001e-16 3.070192325095538e-17
6.671128235677922e+03 6.837034552893410e-16 3.039266995598639e-17
6.672664496582603e+03 6.380534921038539e-16 2.909309329083410e-17
6.674201111265151e+03 6.453866535357933e-16 2.913409305284624e-17
6.675738079807051e+03 7.878839895966024e-16 3.213814539259241e-17
6.677275402289775e+03 1.207467867795240e-15 3.856135842796212e-17
6.678813078794848e+03 1.415869853034393e-15 4.230338055813765e-17
6.680351109403779e+03 1.106864170834335e-15 3.731425756299711e-17
6.681889494198128e+03 7.316132970137455e-16 3.097573995863264e-17
6.683428233259445e+03 5.738848276841433e-16 2.768169067636375e-17
6.684967326669325e+03 5.979022474189725e-16 2.765398738223367e-17
6.686506774509356e+03 6.154653079471586e-16 2.876431802007060e-17
6.688046576861172e+03 5.937851034084495e-16 2.856825198795001e-17
6.689586733806404e+03 6.156052065134035e-16 2.870964039857897e-17
6.691127245426705e+03 6.031575234792555e-16 2.838024699254235e-17
6.692668111803762e+03 5.695537774190553e-16 2.748325107289546e-17
6.694209333019259e+03 5.546134085182166e-16 2.717113673661733e-17
6.695750909154921e+03 6.042289113581004e-16 2.825639128127354e-17
6.697292840292471e+03 5.354467658146045e-16 2.778106267140625e-17
6.698835126513670e+03 5.545074644802629e-16 2.829576140301444e-17
6.700377767900277e+03 6.047897312077546e-16 2.876058018667207e-17
6.701920764534095e+03 5.703793635650920e-16 2.790400268064262e-17
6.703464116496917e+03 5.869409505431929e-16 2.750725632761887e-17
6.705007823870586e+03 5.668419930701617e-16 2.702625991380868e-17
6.706551886736933e+03 5.767237537813221e-16 2.794646107603602e-17
6.708096305177836e+03 5.838250593638009e-16 2.784878687809569e-17
6.709641079275164e+03 5.482510298352203e-16 2.712557217340586e-17
6.711186209110835e+03 5.531914773873018e-16 2.788321207655570e-17
6.712731694766755e+03 5.903634694594447e-16 2.996898970470746e-17
6.714277536324878e+03 1.131964755277879e-15 3.855735733071696e-17
6.715823733867151e+03 2.450598450496357e-15 5.626428487944257e-17
6.717370287475563e+03 2.970946564677111e-15 6.715791293340213e-17
6.718917197232106e+03 2.022869516420401e-15 5.071554479038539e-17
6.720464463218786e+03 9.397101376297422e-16 3.369979327855266e-17
6.722012085517647e+03 6.100441058935830e-16 2.859590344413308e-17
6.723560064210748e+03 6.020149197113646e-16 2.762734388121340e-17
6.725108399380154e+03 5.609819441023050e-16 2.729454551188937e-17
6.726657091107951e+03 5.402003952155160e-16 2.786123372405612e-17
6.728206139476261e+03 8.084916471920768e-16 3.165708412592404e-17
6.729755544567200e+03 1.590066418211688e-15 4.393614609032600e-17
6.731305306462929e+03 2.199398704338374e-15 5.479732154793066e-17
6.732855425245602e+03 1.875353449293839e-15 4.834643825968726e-17
6.734405900997418e+03 9.428147624636023e-16 3.431045951452398e-17
6.735956733800568e+03 5.770682742496188e-16 2.767698013808378e-17
6.737507923737289e+03 5.507233784292487e-16 2.670301979278691e-17
6.739059470889811e+03 5.798871162947666e-16 2.744615006480335e-17
6.740611375340407e+03 5.619134177339284e-16 2.778331664795970e-17
6.742163637171346e+03 5.834300388153405e-16 2.739420706482203e-17
6.743716256464938e+03 5.768823659361314e-16 2.677917479778281e-17
6.745269233303491e+03 5.196484986186672e-16 2.603867032411839e-17
6.746822567769354e+03 5.668040853283057e-16 2.785341493595761e-17
6.748376259944877e+03 5.670866884676326e-16 2.825420054895169e-17
6.749930309912428e+03 5.356978954414058e-16 2.740269054034998e-17
6.751484717754408e+03 5.491857759969263e-16 2.747535650155481e-17
6.753039483553238e+03 5.598184693238843e-16 2.839839725771820e-17
6.754594607391341e+03 5.986369743234106e-16 2.844619063959298e-17
6.756150089351164e+03 5.804647602660555e-16 2.790820426884207e-17
6.757705929515188e+03 5.642654098809923e-16 2.742057401396261e-17
6.759262127965891e+03 5.815177461394389e-16 2.769999578435929e-17
6.760818684785792e+03 5.960134482625951e-16 2.772037696102149e-17
6.762375600057407e+03 5.738981222282212e-16 2.726239117022854e-17
6.763932873863294e+03 5.706214294129207e-16 2.688066096212969e-17
6.765490506286005e+03 5.692981343522476e-16 2.666435281052150e-17
6.767048497408138e+03 5.440044225920338e-16 2.600836797037700e-17
6.768606847312283e+03 5.173618868842487e-16 2.591498468849344e-17
6.770165556081074e+03 5.302520713028300e-16 2.654495753045622e-17
6.771724623797139e+03 5.788381600263161e-16 2.764532677036245e-17
6.773284050543153e+03 5.223325890724636e-16 2.680638272862795e-17
6.774843836401781e+03 5.467825183270658e-16 2.654300672278855e-17
6.776403981455735e+03 5.274843365586496e-16 2.635183379800930e-17
6.777964485787724e+03 5.343594819642425e-16 2.642432050131201e-17
6.779525349480479e+03 5.144539984682738e-16 2.587658646648520e-17
6.781086572616763e+03 5.297575336013287e-16 2.677587830778730e-17
6.782648155279356e+03 5.267634690549132e-16 2.702655505954047e-17
6.784210097551045e+03 5.488106687407707e-16 2.745553966266284e-17
6.785772399514634e+03 5.188607468375708e-16 2.687426726438362e-17
6.787335061252973e+03 5.580619405617740e-16 2.757473975056900e-17
6.788898082848894e+03 5.619382958809796e-16 2.783894489481222e-17
6.790461464385284e+03 5.282803551495153e-16 2.763631972549061e-17
6.792025205945016e+03 5.386282759848258e-16 2.702923832099018e-17
6.793589307611012e+03 5.586845235509407e-16 2.620433666581015e-17
6.795153769466186e+03 5.013699035596506e-16 2.558092022256004e-17
6.796718591593499e+03 4.899717665045617e-16 2.691894711789333e-17
6.798283774075900e+03 6.038711863261398e-16 3.168690378984618e-17
6.799849316996389e+03 5.528711626424471e-16 3.624546385618525e-17
6.801415220437955e+03 5.285536954754707e-16 3.577605289178764e-17
6.802981484483635e+03 5.100218531395954e-16 3.446277663942841e-17
6.804548109216455e+03 5.767172692845375e-16 3.688602333011170e-17
6.806115094719494e+03 5.538008720521825e-16 3.558731104483755e-17
6.807682441075813e+03 4.601937396427597e-16 2.924579268798918e-17
6.809250148368527e+03 4.946820326851528e-16 2.694887050154807e-17
6.810818216680742e+03 5.310663335915134e-16 2.731287498778994e-17
6.812386646095607e+03 5.355595691190342e-16 2.780175603778381e-17
6.813955436696273e+03 5.388023098644226e-16 2.834745688067744e-17
6.815524588565908e+03 5.404568756085470e-16 2.854497696044214e-17
6.817094101787720e+03 5.323796782051696e-16 2.745973327224772e-17
6.818663976444911e+03 5.104947433191006e-16 2.558699587201804e-17
6.820234212620727e+03 5.662354832673378e-16 2.559810571650152e-17
6.821804810398407e+03 5.228960440792967e-16 2.526475950761450e-17
6.823375769861234e+03 5.179554483973135e-16 2.507703908079919e-17
6.824947091092489e+03 5.470527515226501e-16 2.601686917546857e-17
6.826518774175493e+03 4.975639025675145e-16 2.538527624182364e-17
6.828090819193560e+03 5.717336834068374e-16 2.670628005247811e-17
6.829663226230055e+03 5.274945930398249e-16 2.624384708090179e-17
6.831235995368330e+03 5.181754558591317e-16 2.689103773936693e-17
6.832809126691785e+03 5.342626878216117e-16 3.277950828490807e-17
6.834382620283813e+03 5.490127304488768e-16 4.183047935893833e-17
6.835956476227852e+03 4.409130606955423e-16 4.380674160345183e-17
6.837530694607334e+03 5.658248983196013e-16 3.505496337089598e-17
6.839105275505734e+03 5.382501904228581e-16 3.088059247782189e-17
6.840680219006525e+03 5.030818364934631e-16 3.241229731948564e-17
6.842255525193217e+03 5.054931884760675e-16 3.467888150645521e-17
6.843831194149328e+03 5.006981256521023e-16 3.155462392254720e-17
6.845407225958389e+03 5.230895887123016e-16 2.931297135841409e-17
6.846983620703969e+03 5.638415951497373e-16 2.858313370753121e-17
6.848560378469653e+03 5.360380129140213e-16 2.817185043084126e-17
6.850137499339033e+03 5.085931733944819e-16 2.807379548274127e-17
6.851714983395716e+03 4.920100969646981e-16 2.778841245157782e-17
6.853292830723356e+03 5.119562339786204e-16 2.760551191212399e-17
6.854871041405593e+03 5.219529772005647e-16 2.883829415718549e-17
6.856449615526119e+03 5.011274756045676e-16 2.997422302531179e-17
6.858028553168610e+03 5.499557151911569e-16 3.162784404528508e-17
6.859607854416796e+03 5.549531779153025e-16 3.262999720986077e-17
6.861187519354396e+03 5.049529721479570e-16 3.150675405455373e-17
6.862767548065177e+03 5.400145622236933e-16 3.030327041387819e-17
6.864347940632895e+03 5.423341779046930e-16 2.856574015110694e-17
6.865928697141356e+03 5.278850412629009e-16 2.711295166558089e-17
6.867509817674354e+03 4.576432788295613e-16 2.578057736399034e-17
6.869091302315735e+03 5.126441245255672e-16 2.785998597052291e-17
6.870673151149333e+03 5.597304169201236e-16 3.177165744408767e-17
6.872255364259027e+03 5.029236688096981e-16 3.180037950624353e-17
6.873837941728702e+03 5.628648379081633e-16 2.916100101262766e-17
6.875420883642256e+03 5.216025865862982e-16 2.664576108955421e-17
6.877004190083620e+03 5.095829913695027e-16 2.560496004128916e-17
6.878587861136749e+03 5.049068699010148e-16 2.532662706879913e-17
6.880171896885599e+03 5.706740847873227e-16 2.690208608050991e-17
6.881756297414147e+03 5.120089518498918e-16 2.876323978540680e-17
6.883341062806412e+03 4.850638342349233e-16 3.201689782059479e-17
6.884926193146401e+03 4.956342733873067e-16 3.132264296453297e-17
6.886511688518170e+03 5.307885369056542e-16 2.758624731356920e-17
6.888097549005766e+03 5.121404664721159e-16 2.559398125116635e-17
6.889683774693285e+03 5.055700985860260e-16 2.525306336106673e-17
6.891270365664813e+03 4.973536581017472e-16 2.741692425697613e-17
6.892857322004483e+03 5.848666313807558e-16 3.360995845198884e-17
6.894444643796419e+03 5.189771805533949e-16 3.429311318976038e-17
6.896032331124793e+03 5.190543159572469e-16 3.019191667547905e-17
6.897620384073771e+03 5.067095693640957e-16 2.607730184562804e-17
6.899208802727562e+03 4.812240061481217e-16 2.584269081709412e-17
6.900797587170368e+03 4.916499794197645e-16 2.608417611424347e-17
6.902386737486441e+03 4.805340539225260e-16 2.497309879260620e-17
6.903976253760020e+03 4.921885573315734e-16 2.519349236804182e-17
6.905566136075394e+03 5.299069895813607e-16 2.609431664522022e-17
6.907156384516843e+03 5.380350868653338e-16 2.696649646988410e-17
6.908746999168695e+03 5.452566039856287e-16 2.870708378929048e-17
6.910337980115274e+03 5.108117116541256e-16 3.027030789945136e-17
6.911929327440927e+03 4.908805954323274e-16 2.979476867945379e-17
6.913521041230040e+03 5.085603281255721e-16 2.812670618348451e-17
6.915113121566988e+03 5.060416240524252e-16 2.729052262583872e-17
6.916705568536197e+03 5.008283135291722e-16 2.771230584824971e-17
6.918298382222083e+03 4.705097405615291e-16 3.029576544458354e-17
6.919891562709108e+03 4.813585650629524e-16 3.516765729776840e-17
6.921485110081728e+03 4.531657023272060e-16 3.167500543838844e-17
6.923079024424444e+03 4.518822664340166e-16 2.629305900008864e-17
6.924673305821752e+03 5.014730324447345e-16 2.529601155513923e-17
6.926267954358191e+03 5.123900418416492e-16 2.647697639268442e-17
6.927862970118294e+03 5.033353259111640e-16 2.788488885799794e-17
6.929458353186643e+03 4.843287809240682e-16 2.691804620106245e-17
6.931054103647806e+03 4.920024333289429e-16 2.632825598491481e-17
6.932650221586406e+03 4.874655607506616e-16 2.616045923514548e-17
6.934246707087052e+03 5.328364731258420e-16 2.680983375361211e-17
6.935843560234400e+03 4.905241122522112e-16 2.620276020562714e-17
6.937440781113102e+03 4.891893820646469e-16 2.676803851839439e-17
6.939038369807855e+03 4.883052660933930e-16 2.760423340850131e-17
6.940636326403353e+03 4.646064788015447e-16 2.738383733303378e-17
6.942234650984312e+03 4.696847595373421e-16 2.660913258999201e-17
6.943833343635481e+03 4.896818426254362e-16 2.607919488100574e-17
6.945432404441626e+03 4.958474743774792e-16 2.586993120121299e-17
6.947031833487524e+03 4.932954545149061e-16 2.734473981216338e-17
6.948631630857965e+03 4.751060299538193e-16 2.943737264704666e-17
6.950231796637783e+03 4.883212894835550e-16 3.155417904574553e-17
6.951832330911805e+03 4.837787429397835e-16 2.970570343117800e-17
6.953433233764904e+03 4.901660508433147e-16 2.727555501977576e-17
6.955034505281941e+03 4.917033243737843e-16 2.554216871454772e-17
6.956636145547830e+03 4.707235021130798e-16 2.483551280463622e-17
6.958238154647474e+03 4.805678321555532e-16 2.557380022134780e-17
6.959840532665823e+03 4.984287124662390e-16 2.632559066735872e-17
6.961443279687823e+03 5.058997517048875e-16 2.615533890940397e-17
6.963046395798459e+03 4.848187510124425e-16 2.536442513097024e-17
6.964649881082714e+03 5.152718220150716e-16 2.616387985460230e-17
6.966253735625621e+03 5.032025283224551e-16 2.609342961766435e-17
6.967857959512196e+03 4.460073712555474e-16 2.474877457709953e-17
6.969462552827510e+03 4.363020013818513e-16 2.413604120243375e-17
6.971067515656628e+03 4.747897001082331e-16 2.486359541063813e-17
6.972672848084638e+03 4.924196333517560e-16 2.635464263245337e-17
6.974278550196659e+03 4.871797169999157e-16 2.792538734154589e-17
6.975884622077832e+03 4.816176826435302e-16 2.786042701430783e-17
6.977491063813302e+03 4.715236543685867e-16 2.688426315032224e-17
6.979097875488234e+03 5.031209139900773e-16 2.689526965351261e-17
6.980705057187832e+03 5.244946512924893e-16 2.779453749177769e-17
6.982312608997294e+03 4.732125261804014e-16 2.719697142113556e-17
6.983920531001865e+03 4.519439628412097e-16 2.647893364704007e-17
6.985528823286782e+03 4.692012132938375e-16 2.534747821786503e-17
6.987137485937327e+03 4.637943288279287e-16 2.489063715414059e-17
6.988746519038778e+03 4.864625856877395e-16 2.481018721441173e-17
6.990355922676457e+03 5.059161260283895e-16 2.545052669932257e-17
6.991965696935679e+03 5.091995074708561e-16 2.563367270357787e-17
6.993575841901808e+03 4.696243250498071e-16 2.479879064574993e-17
6.995186357660195e+03 4.904638046196986e-16 2.453518464350841e-17
6.996797244296246e+03 4.411835204095054e-16 2.364538662919978e-17
6.998408501895351e+03 5.045886037179225e-16 2.435186885856376e-17
7.000020130542954e+03 4.747235368318078e-16 2.530615275697727e-17
7.001632130324493e+03 4.568648256506729e-16 2.730851702537831e-17
7.003244501325428e+03 4.890500546302061e-16 2.782683021737521e-17
7.004857243631253e+03 5.214176860472702e-16 2.561029296479851e-17
7.006470357327481e+03 4.949939136197538e-16 2.424460651764340e-17
7.008083842499629e+03 5.370376605182859e-16 2.721487319520474e-17
7.009697699233237e+03 4.861290113146065e-16 2.509453529656708e-17
7.011311927613884e+03 5.239268061529881e-16 2.564891674113658e-17
7.012926527727140e+03 4.735807894045251e-16 2.491269218700075e-17
7.014541499658623e+03 4.530089043185873e-16 2.426612465298845e-17
7.016156843493945e+03 4.661579183927135e-16 2.476044720719616e-17
7.017772559318762e+03 4.981390937957523e-16 2.668084608494353e-17
7.019388647218724e+03 4.407235050566659e-16 2.642100792714101e-17
7.021005107279529e+03 4.590953222352956e-16 2.567584137959713e-17
7.022621939586866e+03 4.679650801043907e-16 2.486083642615043e-17
7.024239144226472e+03 4.592827219539319e-16 2.422319682395863e-17
7.025856721284074e+03 4.591627398589518e-16 2.452238156802663e-17
7.027474670845450e+03 4.748482038988012e-16 2.543612209004564e-17
7.029092992996367e+03 4.492636340274889e-16 2.574667360930159e-17
7.030711687822642e+03 4.514179542774990e-16 2.581377828675210e-17
7.032330755410081e+03 4.645676634066311e-16 2.515587658394587e-17
7.033950195844541e+03 5.054690257951736e-16 2.614449171738492e-17
7.035570009211867e+03 5.228566615878262e-16 2.620316865278038e-17
7.037190195597957e+03 4.828695504340644e-16 2.540480847112408e-17
7.038810755088701e+03 4.387546148579194e-16 2.418891052381412e-17
7.040431687770013e+03 4.562838747180835e-16 2.391334774210223e-17
7.042052993727850e+03 4.538499264584313e-16 2.364352162523080e-17
7.043674673048156e+03 4.604232019966682e-16 2.348595192653184e-17
7.045296725816925e+03 4.811991400670982e-16 2.410408899979269e-17
7.046919152120143e+03 4.832429540785925e-16 2.522151626982302e-17
7.048541952043843e+03 4.354463933403499e-16 2.602841521751577e-17
7.050165125674049e+03 4.298812670942783e-16 2.491330626801612e-17
7.051788673096837e+03 4.426341992370168e-16 2.348107369088714e-17
7.053412594398269e+03 4.516627010931132e-16 2.311025396598208e-17
7.055036889664459e+03 4.614961407171618e-16 2.318559263431599e-17
7.056661558981510e+03 4.309076772251019e-16 2.332828768892328e-17
7.058286602435577e+03 4.299913016193212e-16 2.419952207138890e-17
7.059912020112803e+03 4.684433744135822e-16 2.512541194022695e-17
7.061537812099378e+03 4.761685409576113e-16 2.487333140722392e-17
7.063163978481489e+03 5.995919743903316e-16 2.672931414907482e-17
7.064790519345366e+03 8.719223302557421e-16 3.148699635597180e-17
7.066417434777231e+03 9.546843979786502e-16 3.243024942692007e-17
7.068044724863359e+03 7.020271055742229e-16 2.709724877604194e-17
7.069672389690018e+03 4.565885424556406e-16 2.337349889360034e-17
7.071300429343499e+03 4.654327431588036e-16 2.289567576923761e-17
7.072928843910124e+03 4.174274077430807e-16 2.233950035206566e-17
7.074557633476239e+03 4.670527260776992e-16 2.275426402160647e-17
7.076186798128194e+03 4.246329681140778e-16 2.185996504154853e-17
7.077816337952357e+03 4.505835792274782e-16 2.194237143714279e-17
7.079446253035139e+03 4.297341936478798e-16 2.198835657192786e-17
7.081076543462944e+03 4.307677876218862e-16 2.177224659972441e-17
7.082707209322220e+03 4.424011512204263e-16 2.170493185568724e-17
7.084338250699411e+03 4.318143267814414e-16 2.151908299815389e-17
7.085969667681006e+03 4.582499053736062e-16 2.179482236113984e-17
7.087601460353487e+03 4.423358249856525e-16 2.165940740233727e-17
7.089233628803386e+03 4.475075937740970e-16 2.208378169135462e-17
7.090866173117222e+03 4.432567172195866e-16 2.218270674287840e-17
7.092499093381568e+03 4.148215206912980e-16 2.206802752535131e-17
7.094132389682983e+03 4.592786689630064e-16 2.270194364193188e-17
7.095766062108078e+03 4.652645542059748e-16 2.223543477400980e-17
7.097400110743454e+03 4.216639321378646e-16 2.163856701526405e-17
7.099034535675762e+03 4.311001894858517e-16 2.228432098673261e-17
7.100669336991650e+03 4.800839641493668e-16 2.321068414023014e-17
7.102304514777785e+03 4.427644764158059e-16 2.214360393944966e-17
7.103940069120870e+03 4.519876317285946e-16 2.225148808782550e-17
7.105576000107629e+03 4.297040868323823e-16 2.144440110964675e-17
7.107212307824789e+03 4.478856273735156e-16 2.173516919822181e-17
7.108848992359099e+03 4.392184881240038e-16 2.166935617146554e-17
7.110486053797347e+03 4.573030372824471e-16 2.241213749487972e-17
7.112123492226317e+03 4.364698821030121e-16 2.278724522193758e-17
7.113761307732835e+03 4.127235769794936e-16 2.304205262704755e-17
7.115399500403725e+03 4.463867870851236e-16 2.391936049980412e-17
7.117038070325855e+03 4.341054450824372e-16 2.340870482892949e-17
7.118677017586087e+03 4.269089780956306e-16 2.253411942850435e-17
7.120316342271330e+03 4.400853652854458e-16 2.228626496501733e-17
7.121956044468485e+03 4.137611197374989e-16 2.179445983217087e-17
7.123596124264502e+03 4.623690458771323e-16 2.498899648943966e-17
7.125236581746321e+03 4.569379134351655e-16 2.627708832680623e-17
7.126877417000934e+03 4.031383438427486e-16 2.749446009852168e-17
7.128518630115319e+03 4.575694880239045e-16 2.473610771749923e-17
7.130160221176508e+03 3.936900185506902e-16 2.377549433812080e-17
7.131802190271522e+03 4.279145341894303e-16 2.312007350247192e-17
7.133444537487430e+03 6.245197350745834e-16 2.651200000332531e-17
7.135087262911294e+03 1.299812943996524e-15 3.702325051419280e-17
7.136730366630224e+03 1.715431205711701e-15 4.544125540121375e-17
7.138373848731327e+03 1.141063107896974e-15 3.555699104170654e-17
7.140017709301733e+03 5.478017185294576e-16 2.570659389140348e-17
7.141661948428613e+03 4.474049950768177e-16 2.394229728039615e-17
7.143306566199126e+03 3.946361417647900e-16 2.307693976249495e-17
7.144951562700484e+03 4.665998504914767e-16 2.431708993538939e-17
7.146596938019889e+03 4.560667635854846e-16 2.525770546675131e-17
7.148242692244589e+03 4.308306579421329e-16 2.415195041162321e-17
7.149888825461830e+03 3.983860608055711e-16 2.337150145708459e-17
7.151535337758899e+03 4.204337591425871e-16 2.387300161776057e-17
7.153182229223080e+03 4.134902575142526e-16 2.378497607513080e-17
7.154829499941704e+03 4.254516887437411e-16 2.409570291097938e-17
7.156477150002092e+03 4.284267613694075e-16 2.376857252172822e-17
7.158125179491615e+03 4.357912162709494e-16 2.309934794347279e-17
7.159773588497637e+03 4.135038540301398e-16 2.259654388019538e-17
7.161422377107569e+03 4.389052413904717e-16 2.337518602615379e-17
7.163071545408811e+03 4.208498947931892e-16 2.368500010882302e-17
7.164721093488818e+03 4.416171552494803e-16 2.432576111073178e-17
7.166371021435032e+03 4.398438143806240e-16 2.399949956673945e-17
7.168021329334945e+03 4.046172514527620e-16 2.344851732956325e-17
7.169672017276046e+03 4.468379442058884e-16 2.434849403436613e-17
7.171323085345847e+03 4.505048704469860e-16 2.518227200913452e-17
7.172974533631894e+03 4.541852409142854e-16 2.503014693617582e-17
7.174626362221750e+03 4.450352027150004e-16 2.412269315907843e-17
7.176278571202987e+03 4.551678062355689e-16 2.343500444273691e-17
7.177931160663197e+03 4.635717757469063e-16 2.310667199975801e-17
7.179584130690013e+03 4.134666913949343e-16 2.248799761982230e-17
7.181237481371058e+03 4.001565451301094e-16 2.202475240477790e-17
7.182891212794007e+03 4.435797418587509e-16 2.214506202314264e-17
7.184545325046523e+03 4.287251667350862e-16 2.207118047191604e-17
7.186199818216322e+03 4.195208039174415e-16 2.232719965320419e-17
7.187854692391106e+03 4.385794137178640e-16 2.294190503158440e-17
7.189509947658632e+03 4.125610219635450e-16 2.306915706492769e-17
7.191165584106644e+03 4.144312839903319e-16 2.324204086909838e-17
7.192821601822939e+03 4.411117936276417e-16 2.341217576112884e-17
7.194478000895299e+03 4.333880824210065e-16 2.293123669276001e-17
7.196134781411562e+03 4.011621398051762e-16 2.272385924298216e-17
7.197791943459552e+03 3.864152916276016e-16 2.313797280180196e-17
7.199449487127148e+03 3.693197150161690e-16 2.289015350296605e-17
7.201107412502221e+03 4.016058719577044e-16 2.349593152874239e-17
7.202765719672668e+03 4.534899250487521e-16 2.551085126069395e-17
7.204424408726413e+03 4.053184440211757e-16 2.613627400302403e-17
7.206083479751412e+03 4.264765842251009e-16 2.842819104677521e-17
7.207742932835615e+03 4.485513006181703e-16 3.561843054409637e-17
7.209402768066998e+03 3.902696841349293e-16 4.334187079896518e-17
7.211062985533580e+03 3.841956957160653e-16 4.596518911803200e-17
7.212723585323368e+03 4.444371840454159e-16 4.369730783809244e-17
7.214384567524421e+03 4.087958255521821e-16 4.445159766514413e-17
7.216045932224787e+03 3.029503064069637e-16 3.970026884822874e-17
7.217707679512565e+03 3.998430528450415e-16 3.010584340111405e-17
7.219369809475846e+03 3.668884529720192e-16 2.558871605902532e-17
7.221032322202765e+03 3.979988943698980e-16 2.679444037166520e-17
7.222695217781456e+03 4.197050859653345e-16 2.867536900598392e-17
7.224358496300098e+03 3.884728029373127e-16 2.726324999306280e-17
7.226022157846859e+03 4.278282173115094e-16 2.623795343887967e-17
7.227686202509963e+03 4.280154169113754e-16 2.683833981640086e-17
7.229350630377618e+03 3.825663828851197e-16 2.517922070822948e-17
7.231015441538088e+03 3.655544193802510e-16 2.336801221257392e-17
7.232680636079630e+03 3.823409654896053e-16 2.399151358908311e-17
7.234346214090525e+03 4.040598524048820e-16 2.521669644601611e-17
7.236012175659086e+03 4.347262867147616e-16 2.603787556075799e-17
7.237678520873649e+03 4.322412488277843e-16 2.624677234884681e-17
7.239345249822556e+03 4.330153886681910e-16 2.536006037816404e-17
7.241012362594165e+03 3.868859801826910e-16 2.470028140899908e-17
7.242679859276881e+03 3.811206312015699e-16 2.912298936064494e-17
7.244347739959097e+03 4.655852191125852e-16 5.336186382909641e-17
7.246016004729258e+03 4.253655309553783e-16 6.270546012327043e-17
7.247684653675800e+03 3.875616899532427e-16 4.222362050720580e-17
7.249353686887207e+03 3.940618623273092e-16 3.038797708458259e-17
7.251023104451954e+03 4.141298206852281e-16 2.906236379063608e-17
7.252692906458567e+03 4.855027594549795e-16 3.397538641473455e-17
7.254363092995563e+03 3.901198073542196e-16 3.654386754563108e-17
7.256033664151506e+03 4.750810331030680e-16 3.194061737976667e-17
7.257704620014957e+03 4.054372390771875e-16 2.566896933433893e-17
7.259375960674521e+03 3.691214828307446e-16 2.358953121605772e-17
7.261047686218795e+03 4.078234352254261e-16 2.459293254217698e-17
7.262719796736429e+03 3.804564779434696e-16 2.495266283954627e-17
7.264392292316062e+03 4.318750554892030e-16 2.615740076392866e-17
7.266065173046380e+03 3.771767896950709e-16 2.627832978610087e-17
7.267738439016065e+03 3.649843361685397e-16 2.544948489738283e-17
7.269412090313846e+03 3.733865658260617e-16 2.479088327174603e-17
7.271086127028451e+03 3.937717084820377e-16 2.663155906613019e-17
7.272760549248629e+03 4.347931422411741e-16 3.134445775852894e-17
7.274435357063162e+03 3.822494322540688e-16 3.044428117153227e-17
7.276110550560855e+03 4.186113758420616e-16 2.632589434106171e-17
7.277786129830518e+03 4.191146246305752e-16 2.397089807577597e-17
7.279462094960980e+03 4.504430684058631e-16 2.489641511345513e-17
7.281138446041115e+03 5.054321556034064e-16 2.794001674472958e-17
7.282815183159785e+03 5.524898848086950e-16 3.445571715318732e-17
7.284492306405906e+03 5.602044502761065e-16 5.508293493991541e-17
7.286169815868380e+03 3.344012978560427e-16 5.777991923690716e-17
7.287847711636164e+03 4.624686261632781e-16 3.633118569757754e-17
7.289525993798201e+03 3.230908866586591e-16 2.399827417202553e-17
7.291204662443489e+03 3.644872325301787e-16 2.206885956197570e-17
7.292883717661013e+03 3.706379945441094e-16 2.168990771707529e-17
7.294563159539811e+03 3.975445177655459e-16 2.306188382695276e-17
7.296242988168910e+03 4.010980404670767e-16 2.774280201754527e-17
7.297923203637386e+03 4.793598717245437e-16 3.549100073069263e-17
7.299603806034310e+03 3.958236101447462e-16 3.240689584670611e-17
7.301284795448797e+03 4.031250075369205e-16 2.668121749237168e-17
7.302966171969969e+03 4.078854886882823e-16 2.422274486499164e-17
7.304647935686959e+03 3.969989659301397e-16 2.299027294201480e-17
7.306330086688942e+03 4.276095649784823e-16 2.608827325985027e-17
7.308012625065112e+03 4.923446408782660e-16 4.057089658179064e-17
7.309695550904667e+03 5.124848870849374e-16 4.918413620579828e-17
7.311378864296825e+03 3.554324922718169e-16 4.258398147405924e-17
7.313062565330851e+03 4.001996438227263e-16 3.027169835504221e-17
7.314746654095997e+03 3.679537457871889e-16 2.282786255037086e-17
7.316431130681566e+03 3.888265649173217e-16 2.316752698384649e-17
7.318115995176854e+03 5.148695749630671e-16 2.579606096256100e-17
7.319801247671206e+03 6.530974031756133e-16 2.925186359704115e-17
7.321486888253954e+03 6.819448567078994e-16 2.905166523962691e-17
7.323172917014487e+03 4.515598769561819e-16 2.459537544609427e-17
7.324859334042182e+03 3.764756194204089e-16 2.483634032798098e-17
7.326546139426463e+03 4.121413469974843e-16 3.145122620138296e-17
7.328233333256750e+03 4.849260355294688e-16 3.288342111797142e-17
7.329920915622512e+03 5.868809644657023e-16 2.996721953510177e-17
7.331608886613207e+03 6.158278373811984e-16 2.847309071337367e-17
7.333297246318342e+03 4.960043433913977e-16 2.668574045193139e-17
7.334985994827428e+03 3.893395188547111e-16 2.781733496546260e-17
7.336675132229992e+03 4.265738424096769e-16 3.919626272835199e-17
7.338364658615598e+03 4.692495682278608e-16 4.560229393390715e-17
7.340054574073831e+03 3.705517092731160e-16 3.528162021887746e-17
7.341744878694280e+03 3.815657305388117e-16 2.638880924999481e-17
7.343435572566556e+03 3.392004554481258e-16 2.199144834024385e-17
7.345126655780314e+03 3.602296938793034e-16 2.123191010474454e-17
7.346818128425197e+03 3.852473742518857e-16 2.135807119941379e-17
7.348509990590900e+03 3.994325233191941e-16 2.160137253042863e-17
7.350202242367110e+03 3.801614904751857e-16 2.208647285775318e-17
7.351894883843564e+03 3.987661733055527e-16 2.336681432024222e-17
7.353587915109987e+03 4.056574857310268e-16 2.330150068409771e-17
7.355281336256158e+03 3.989410266132517e-16 2.226419718652146e-17
7.356975147371846e+03 3.818544606176258e-16 2.276328402195584e-17
7.358669348546869e+03 4.024204158022129e-16 2.563433799982527e-17
7.360363939871037e+03 3.841752211268524e-16 2.842559935849621e-17
7.362058921434213e+03 3.615506154696352e-16 2.755761142905772e-17
7.363754293326244e+03 3.765555169085434e-16 2.492172918893408e-17
7.365450055637034e+03 3.806646801696011e-16 2.256934005964593e-17
7.367146208456476e+03 3.500235418338677e-16 2.190415314978562e-17
7.368842751874514e+03 3.740404166041808e-16 2.588248647362466e-17
7.370539685981080e+03 3.963989310123677e-16 3.450609488493658e-17
7.372237010866159e+03 3.371593459901192e-16 2.990059937544432e-17
7.373934726619735e+03 3.613152409821687e-16 2.314640418462400e-17
7.375632833331811e+03 3.951343433002054e-16 2.165456938021754e-17
7.377331331092434e+03 3.676061449593046e-16 2.182198274158422e-17
7.379030219991641e+03 3.475103558809335e-16 2.136510298316058e-17
7.380729500119523e+03 3.789730332059524e-16 2.189202496205960e-17
7.382429171566156e+03 3.746605119876762e-16 2.194774191944366e-17
7.384129234421670e+03 3.794329173003525e-16 2.170977817216647e-17
7.385829688776188e+03 3.831169238834741e-16 2.107474009497506e-17
7.387530534719879e+03 3.455474439829479e-16 2.034952108352789e-17
7.389231772342907e+03 3.841881915119248e-16 2.150488966475676e-17
7.390933401735483e+03 4.310596082779258e-16 2.303530838707548e-17
7.392635422987812e+03 4.131955787029341e-16 2.163904294985684e-17
7.394337836190149e+03 3.774969668790256e-16 2.056831972512909e-17
7.396040641432736e+03 3.900099305690158e-16 2.176983357448367e-17
7.397743838805874e+03 3.621615563411387e-16 2.856122764584978e-17
7.399447428399845e+03 3.587197000803198e-16 2.919391936479365e-17
7.401151410304989e+03 3.752646198040577e-16 2.243227260735272e-17
7.402855784611635e+03 3.325064726946042e-16 2.089537750462152e-17
7.404560551410161e+03 3.633284808543764e-16 2.275053876881960e-17
7.406265710790943e+03 3.667691587594039e-16 2.666286224299260e-17
7.407971262844382e+03 3.698843952631436e-16 2.828704747485949e-17
7.409677207660912e+03 3.362912494184277e-16 2.456330328136060e-17
7.411383545330986e+03 3.501901977065662e-16 2.141588813347631e-17
7.413090275945067e+03 3.710135238148262e-16 2.098975344114778e-17
7.414797399593635e+03 3.598569710434374e-16 2.062362624485169e-17
7.416504916367215e+03 3.606907620450486e-16 2.157916140254851e-17
7.418212826356324e+03 3.530704634791889e-16 2.070921568110948e-17
7.419921129651527e+03 3.632589830572980e-16 1.973842379383092e-17
7.421629826343383e+03 3.936596436943609e-16 2.024045547973666e-17
7.423338916522500e+03 3.942004334831683e-16 2.110789256721215e-17
7.425048400279476e+03 3.857662961144485e-16 2.186069588552692e-17
7.426758277704963e+03 3.735596924117511e-16 2.154490016628642e-17
7.428468548889601e+03 3.482694343142747e-16 2.125074016266307e-17
7.430179213924081e+03 3.440304864035812e-16 2.139840548568777e-17
7.431890272899088e+03 3.338233431700551e-16 2.147755934724035e-17
7.433601725905352e+03 3.467311591771789e-16 2.166650800146641e-17
7.435313573033602e+03 3.076674946156228e-16 2.116067445302899e-17
7.437025814374610e+03 3.427454546529507e-16 2.117494011915535e-17
7.438738450019151e+03 3.436760529939196e-16 2.188286742448536e-17
7.440451480058020e+03 3.845048334653489e-16 2.436411732755274e-17
7.442164904582046e+03 3.173610166112107e-16 2.418546212110889e-17
7.443878723682084e+03 4.030282591923721e-16 2.394251619100055e-17
7.445592937448987e+03 3.223172950311882e-16 2.145032658559961e-17
7.447307545973636e+03 3.930724262669667e-16 2.454271108307298e-17
7.449022549346952e+03 3.213702909296658e-16 2.620403105941077e-17
7.450737947659849e+03 3.484173646841140e-16 2.878089896563094e-17
7.452453741003289e+03 3.576733365606566e-16 2.843251619018469e-17
7.454169929468228e+03 3.450481997351755e-16 2.374832279463705e-17
7.455886513145670e+03 3.210392301894773e-16 1.993640923811435e-17
7.457603492126613e+03 3.527510031012394e-16 2.001931563030654e-17
7.459320866502104e+03 3.538339493276771e-16 2.005559818625594e-17
7.461038636363181e+03 3.807263498476724e-16 2.311066294125815e-17
7.462756801800932e+03 3.510911505249461e-16 2.343535700155140e-17
7.464475362906443e+03 3.873757030567019e-16 2.076740950443601e-17
7.466194319770839e+03 3.042737771981235e-16 1.852757515627665e-17
7.467913672485244e+03 3.552667197267435e-16 1.962353468679397e-17
7.469633421140833e+03 3.464929172011329e-16 2.016618448150620e-17
7.471353565828777e+03 3.967402119413163e-16 2.031792642351315e-17
7.473074106640270e+03 3.710633458118060e-16 1.959875025304673e-17
7.474795043666538e+03 3.580568740091900e-16 1.934167808558320e-17
7.476516376998834e+03 3.466598491372562e-16 1.928249629614144e-17
7.478238106728411e+03 3.422119988875031e-16 1.907152675930046e-17
7.479960232946548e+03 3.230452250060969e-16 1.879437532068983e-17
7.481682755744563e+03 3.370452406456686e-16 1.895187860883848e-17
7.483405675213770e+03 3.543805214729067e-16 2.036079092264189e-17
7.485128991445531e+03 3.547031593684636e-16 2.257803828120428e-17
7.486852704531198e+03 3.314630486048370e-16 2.266821380430093e-17
7.488576814562176e+03 3.561082994882173e-16 2.200375574392802e-17
7.490301321629861e+03 3.750088448155001e-16 2.679268849267227e-17
7.492026225825701e+03 4.086229261465451e-16 4.218639107077227e-17
7.493751527241130e+03 2.758761961860067e-16 3.868393035305611e-17
7.495477225967640e+03 3.578509549371194e-16 2.663846283610928e-17
7.497203322096710e+03 3.648055543400019e-16 2.244760454708379e-17
7.498929815719870e+03 3.637677410416716e-16 2.390779700492024e-17
7.500656706928642e+03 3.481515172639017e-16 2.340657888994009e-17
7.502383995814600e+03 3.726934575141011e-16 2.035992996540129e-17
7.504111682469307e+03 3.179719772591342e-16 1.950135133257913e-17
7.505839766984380e+03 3.105761821411287e-16 2.068879956431952e-17
7.507568249451422e+03 3.244915571167536e-16 2.264866417133282e-17
7.509297129962094e+03 3.449528796949668e-16 2.292040766357419e-17
7.511026408608051e+03 3.612812419819102e-16 2.101681501330657e-17
7.512756085480968e+03 3.324521668402296e-16 1.924456296430199e-17
7.514486160672560e+03 3.264184974523485e-16 1.929194734175961e-17
7.516216634274562e+03 3.511443187882957e-16 2.014049526812467e-17
7.517947506378713e+03 3.431219130100382e-16 2.008159521568258e-17
7.519678777076775e+03 3.555283768381306e-16 2.028755174340906e-17
7.521410446460553e+03 3.766963096603115e-16 2.023689148319262e-17
7.523142514621843e+03 3.630999827672278e-16 2.071284121884325e-17
7.524874981652495e+03 3.390672539184597e-16 2.212441426749656e-17
7.526607847644344e+03 3.365901319639065e-16 2.340107076043418e-17
7.528341112689282e+03 3.309161888198472e-16 2.282913280496707e-17
7.530074776879190e+03 3.418313627135322e-16 2.183003349535254e-17
7.531808840305998e+03 3.452704236165067e-16 2.051579730340054e-17
7.533543303061633e+03 3.596517531659342e-16 2.008943566750032e-17
7.535278165238066e+03 3.519933800025150e-16 2.106415409586954e-17
7.537013426927264e+03 3.687092288227882e-16 2.383279681792142e-17
7.538749088221244e+03 3.786059312819699e-16 2.830027559427929e-17
7.540485149212014e+03 3.701505659005552e-16 3.157342780901751e-17
7.542221609991632e+03 3.600159190907916e-16 2.730434352315719e-17
7.543958470652158e+03 3.606025041649925e-16 2.167094380349105e-17
7.545695731285669e+03 2.819214815845567e-16 1.966140269867326e-17
7.547433391984281e+03 3.310934238818446e-16 1.937581928488404e-17
7.549171452840132e+03 3.060803137195385e-16 1.912611797595978e-17
7.550909913945362e+03 3.572155115388526e-16 2.083202653368926e-17
7.552648775392137e+03 3.602854454826877e-16 2.403134620870056e-17
7.554388037272663e+03 3.035633720125166e-16 2.491584876860303e-17
7.556127699679142e+03 3.776621022078947e-16 2.522177794082919e-17
7.557867762703821e+03 3.627147083827460e-16 2.229507329387768e-17
7.559608226438942e+03 3.433274833145646e-16 2.240649560631825e-17
7.561349090976797e+03 2.771542532296928e-16 2.741789424493526e-17
7.563090356409672e+03 3.354053666697383e-16 3.336231525845713e-17
7.564832022829901e+03 3.062412884004939e-16 4.263764160679212e-17
7.566574090329810e+03 3.594116202319784e-16 5.148698240545274e-17
7.568316559001778e+03 3.844203981386811e-16 5.302203130340079e-17
7.570059428938172e+03 2.320523889720935e-16 4.493384475689127e-17
7.571802700231413e+03 3.644245669297300e-16 4.581505056459652e-17
7.573546372973912e+03 3.037901918728749e-16 4.852015428997257e-17
7.575290447258134e+03 3.835465382974813e-16 4.741763211374732e-17
7.577034923176538e+03 3.536413234848593e-16 4.352956736246990e-17
7.578779800821608e+03 3.809494189738948e-16 3.887955897585472e-17
7.580525080285861e+03 2.836769407071677e-16 3.402688702825230e-17
7.582270761661842e+03 3.345249312384990e-16 2.987940552897656e-17
7.584016845042093e+03 3.461335603913781e-16 2.788530313305602e-17
7.585763330519185e+03 3.402302579732637e-16 2.665133104562819e-17
7.587510218185728e+03 3.000646567187819e-16 2.574545900530660e-17
7.589257508134328e+03 3.633554889180976e-16 2.757549928841436e-17
7.591005200457636e+03 3.176828649120983e-16 2.853861296184373e-17
7.592753295248301e+03 3.151100797339479e-16 2.905975532081538e-17
7.594501792599018e+03 3.341474125251860e-16 3.366685760969623e-17
7.596250692602476e+03 3.420850631854045e-16 4.080569998578329e-17
7.597999995351416e+03 3.510175270024242e-16 3.893665256244632e-17
7.599749700938568e+03 3.268890232666201e-16 3.073489343532795e-17
7.601499809456715e+03 3.274452081994116e-16 2.741760478009219e-17
7.603250320998631e+03 3.338777048226288e-16 2.688984193405746e-17
7.605001235657142e+03 3.365560349683476e-16 2.638057107341804e-17
7.606752553525063e+03 3.030943575228511e-16 2.618754692437692e-17
7.608504274695264e+03 3.182230962207777e-16 2.766844855747188e-17
7.610256399260604e+03 3.506704117996111e-16 2.692199347800802e-17
7.612008927313993e+03 3.309409421927909e-16 2.593204317807940e-17
7.613761858948334e+03 3.405139390436937e-16 2.552884566804563e-17
7.615515194256579e+03 3.158405820876825e-16 2.517464886304438e-17
7.617268933331684e+03 3.040553727589501e-16 2.564394259514731e-17
7.619023076266620e+03 3.320278214864235e-16 2.417199119164120e-17
7.620777623154406e+03 3.394391811093160e-16 2.329698318270569e-17
7.622532574088051e+03 3.159219996441157e-16 2.368516924009384e-17
7.624287929160615e+03 3.060246381148928e-16 2.169638954620571e-17
7.626043688465152e+03 3.051297847695292e-16 2.082461266391715e-17
7.627799852094765e+03 3.496192810657755e-16 2.343501069832493e-17
7.629556420142547e+03 3.172558833328821e-16 2.463790708542067e-17
7.631313392701647e+03 3.403392653964146e-16 2.584928646710487e-17
7.633070769865201e+03 3.094749086698820e-16 2.246544045062825e-17
7.634828551726400e+03 2.828254472973275e-16 1.987667835003339e-17
7.636586738378424e+03 3.206354533383650e-16 1.977696086562985e-17
7.638345329914506e+03 2.965109911030212e-16 2.087104274678791e-17
7.640104326427867e+03 3.357133211692935e-16 2.168685375340842e-17
7.641863728011785e+03 3.116069213710052e-16 2.074162507147973e-17
7.643623534759527e+03 3.330417328984615e-16 2.005070307558837e-17
7.645383746764409e+03 3.289870856609094e-16 1.949357953248667e-17
7.647144364119742e+03 2.949868840897763e-16 1.878601523377713e-17
7.648905386918887e+03 3.270357370294871e-16 1.972160706187674e-17
7.650666815255203e+03 3.320295352463873e-16 2.137617692723065e-17
7.652428649222074e+03 3.399328549325441e-16 2.225075365390962e-17
7.654190888912915e+03 3.344606156381089e-16 2.262235173412309e-17
7.655953534421170e+03 2.995979564733119e-16 2.264941339635499e-17
7.657716585840280e+03 3.026095393614199e-16 2.198909691946343e-17
7.659480043263717e+03 3.225647589502441e-16 2.102410400436389e-17
7.661243906784990e+03 3.339983976255427e-16 2.140138695311710e-17
7.663008176497603e+03 3.160239160492837e-16 2.209961318929622e-17
7.664772852495112e+03 3.509517380178681e-16 2.182406092436063e-17
7.666537934871062e+03 3.479812857475018e-16 2.197592212408429e-17
7.668303423719051e+03 3.318012656728716e-16 2.270681148919042e-17
7.670069319132669e+03 3.470231864233578e-16 2.190937236897322e-17
7.671835621205556e+03 3.454131695181268e-16 1.981459862614618e-17
7.673602330031345e+03 3.098765207939283e-16 1.871313413418155e-17
7.675369445703722e+03 3.173782085057790e-16 1.975422483101823e-17
7.677136968316359e+03 2.997416241370031e-16 2.749771905078054e-17
7.678904897962986e+03 4.280469468781283e-16 3.838368364047073e-17
7.680673234737321e+03 2.652546043448461e-16 3.959842719302408e-17
7.682441978733134e+03 3.297487980954749e-16 3.947981751462755e-17
7.684211130044195e+03 3.783551572517615e-16 4.464718554412677e-17
7.685980688764295e+03 3.156321157003392e-16 3.572839733537470e-17
7.687750654987261e+03 3.283503716394503e-16 2.385587701926567e-17
7.689521028806945e+03 3.126571007424510e-16 2.365636194001998e-17
7.691291810317199e+03 3.492399119886513e-16 2.604296802794451e-17
7.693062999611903e+03 3.449228541808200e-16 2.526530615342792e-17
7.694834596784979e+03 3.367316089219747e-16 2.506704642517984e-17
7.696606601930339e+03 2.839788925069342e-16 2.108520766712656e-17
7.698379015141948e+03 3.072447362262929e-16 1.905518410475533e-17
7.700151836513762e+03 2.974728864230531e-16 1.907036040235512e-17
7.701925066139791e+03 2.964795205198714e-16 2.001086557103616e-17
7.703698704114035e+03 2.838841335260747e-16 2.101115873690327e-17
7.705472750530542e+03 3.252899100347983e-16 2.068081554374635e-17
7.707247205483358e+03 3.355343383326888e-16 1.967394238861376e-17
7.709022069066578e+03 3.196983872402518e-16 1.961035161007938e-17
7.710797341374287e+03 3.261443461526857e-16 1.957928080877005e-17
7.712573022500625e+03 3.331336038257660e-16 1.986732234953309e-17
7.714349112539720e+03 2.745008429682550e-16 2.270307588197242e-17
7.716125611585754e+03 3.954509836640354e-16 3.468020935362019e-17
7.717902519732908e+03 3.822249331914801e-16 4.839621987700461e-17
7.719679837075384e+03 2.697789484842591e-16 3.956697869824030e-17
7.721457563707422e+03 3.019786299698112e-16 2.475234924385685e-17
7.723235699723281e+03 2.902381211144127e-16 2.201649360131469e-17
7.725014245217230e+03 3.110190071220089e-16 2.692747256408620e-17
7.726793200283558e+03 4.194538058036564e-16 3.385630728548168e-17
7.728572565016597e+03 2.898121454510221e-16 2.931298278100531e-17
7.730352339510674e+03 2.542482057094785e-16 2.019018740068817e-17
7.732132523860164e+03 3.175463982989284e-16 1.947733142231515e-17
7.733913118159437e+03 2.873240534808408e-16 1.945597992781473e-17
7.735694122502913e+03 2.716993424746491e-16 1.979466246650531e-17
7.737475536985004e+03 3.013803058831770e-16 2.129107941350428e-17
7.739257361700173e+03 2.863901367413221e-16 2.460627496144309e-17
7.741039596742876e+03 3.629264917427288e-16 2.782764774858831e-17
7.742822242207621e+03 2.763031685238376e-16 2.396748886928904e-17
7.744605298188905e+03 2.935815059226318e-16 2.027356064895519e-17
7.746388764781283e+03 3.486747930656817e-16 2.437361890904222e-17
7.748172642079292e+03 2.836355248640304e-16 2.622773192148761e-17
7.749956930177531e+03 4.394905232374703e-16 2.511924872256389e-17
7.751741629170584e+03 5.364738433493857e-16 2.437251407052832e-17
7.753526739153089e+03 4.468014013540211e-16 2.341811045216772e-17
7.755312260219676e+03 3.151714995523735e-16 2.219531728839807e-17
7.757098192465028e+03 2.869832257173776e-16 2.349854128468353e-17
7.758884535983822e+03 3.351027607358341e-16 2.998967638243018e-17
7.760671290870765e+03 4.125411847951101e-16 4.435594430109012e-17
7.762458457220592e+03 2.389963374368335e-16 4.306782860965866e-17
7.764246035128069e+03 2.263974288723975e-16 2.592517011937863e-17
7.766034024687960e+03 3.189499034641740e-16 2.061546417550450e-17
7.767822425995058e+03 3.123461796747626e-16 1.956046276686015e-17
7.769611239144194e+03 3.066695294131808e-16 1.926189850660933e-17
7.771400464230196e+03 2.847680700941620e-16 1.920092402173610e-17
7.773190101347943e+03 2.888466129461624e-16 2.293802219612445e-17
7.774980150592302e+03 3.643740611627189e-16 3.148125118824431e-17
7.776770612058197e+03 2.605345878100289e-16 3.182113014618991e-17
7.778561485840540e+03 2.995966786826305e-16 2.281122296540556e-17
7.780352772034297e+03 2.847619973364186e-16 2.071874470467591e-17
7.782144470734425e+03 3.098165574046410e-16 2.335841732351319e-17
7.783936582035933e+03 3.014543112685914e-16 2.199788218409905e-17
7.785729106033822e+03 3.015213401145603e-16 2.665531464127177e-17
7.787522042823144e+03 3.503273500762302e-16 4.495576035500754e-17
7.789315392498945e+03 2.938200002159541e-16 4.170593743822201e-17
7.791109155156320e+03 3.281569101678835e-16 3.131763557051421e-17
7.792903330890368e+03 3.124493317211235e-16 2.106314976818301e-17
7.794697919796203e+03 2.976699117590070e-16 1.957804449371470e-17
7.796492921968981e+03 2.973020071116699e-16 1.945287012499513e-17
7.798288337503882e+03 3.041450429055964e-16 1.959479661757075e-17
7.800084166496084e+03 3.027851661916130e-16 1.976341197534697e-17
7.801880409040798e+03 2.847508539849405e-16 1.909235509675826e-17
7.803677065233269e+03 2.624437318759636e-16 1.947665531659032e-17
7.805474135168742e+03 3.219670803626747e-16 2.430127776450551e-17
7.807271618942510e+03 3.071025533351428e-16 3.318357756208565e-17
7.809069516649858e+03 2.732558375110610e-16 3.286463663897614e-17
7.810867828386125e+03 2.838611417638431e-16 2.353714295192447e-17
7.812666554246641e+03 2.430852532583126e-16 1.936916946596467e-17
7.814465694326786e+03 3.069840787971513e-16 2.047484486867994e-17
7.816265248721934e+03 2.800942644238043e-16 2.286208990704624e-17
7.818065217527512e+03 3.654964058115971e-16 3.538348236046007e-17
7.819865600838935e+03 3.255125595963320e-16 5.445776847524884e-17
7.821666398751675e+03 2.971710115268888e-16 4.318569210245891e-17
7.823467611361191e+03 3.402722013643083e-16 2.735276125462985e-17
7.825269238763000e+03 3.037306002039708e-16 2.766683000478523e-17
7.827071281052611e+03 3.188516194460514e-16 3.158625115162822e-17
7.828873738325561e+03 2.610864328839565e-16 2.911678416969736e-17
7.830676610677421e+03 2.706714704144589e-16 2.211662146131910e-17
7.832479898203787e+03 3.330290361728298e-16 2.199608672757375e-17
7.834283601000258e+03 3.256240038015423e-16 2.519812794118688e-17
7.836087719162458e+03 3.050087524535335e-16 3.042057534884133e-17
7.837892252786052e+03 2.848230297612919e-16 3.132520167917098e-17
7.839697201966704e+03 2.958444739934638e-16 2.563613415571591e-17
7.841502566800122e+03 2.610627702265502e-16 2.110898770650515e-17
7.843308347382011e+03 3.013807148794061e-16 2.307332615667272e-17
7.845114543808127e+03 3.288809639244823e-16 2.816676305369890e-17
7.846921156174215e+03 3.276021792673251e-16 2.844280313241752e-17
7.848728184576080e+03 3.076444191028337e-16 2.763418840236746e-17
7.850535629109508e+03 2.799295240361009e-16 2.676592701661932e-17
7.852343489870346e+03 2.720757610166256e-16 2.308538246684979e-17
7.854151766954431e+03 3.387212969892507e-16 2.509043217038554e-17
7.855960460457649e+03 2.888750641120171e-16 3.280911826132069e-17
7.857769570475879e+03 3.206299021324542e-16 3.760791191486897e-17
7.859579097105056e+03 2.558854048555872e-16 2.648748409579104e-17
7.861389040441102e+03 3.055479258967126e-16 2.208361204126841e-17
7.863199400579995e+03 2.435543735609131e-16 2.076960768608091e-17
7.865010177617703e+03 3.042885160505699e-16 2.128348237312446e-17
7.866821371650246e+03 2.673171312306294e-16 1.989774495687136e-17
7.868632982773645e+03 2.706109397795245e-16 1.985130589607087e-17
7.870445011083942e+03 2.719723331523166e-16 2.051719304082467e-17
7.872257456677223e+03 2.746334873330061e-16 2.009214423031016e-17
7.874070319649567e+03 2.538497375106433e-16 1.968453767878229e-17
7.875883600097107e+03 2.826075372629544e-16 2.179981240234133e-17
7.877697298115964e+03 3.182916441816063e-16 2.915838706265393e-17
7.879511413802316e+03 3.445240585215020e-16 4.946613553061717e-17
7.881325947252329e+03 2.612533373628616e-16 5.434779475205781e-17
7.883140898562222e+03 2.613820742402020e-16 2.973439009813908e-17
7.884956267828207e+03 3.306862895217869e-16 2.754993179150575e-17
7.886772055146550e+03 3.363453549679105e-16 4.059748367879765e-17
7.888588260613506e+03 2.988162527556348e-16 3.545165791590048e-17
7.890404884325383e+03 2.782118494142400e-16 2.531728165666398e-17
7.892221926378481e+03 2.577999849036358e-16 2.070126610620869e-17
7.894039386869154e+03 2.869064404152306e-16 2.155138397164100e-17
7.895857265893747e+03 3.328926876573424e-16 2.793326225868586e-17
7.897675563548657e+03 2.500681669344387e-16 3.283340756458042e-17
7.899494279930272e+03 3.234335401897573e-16 2.909308256135585e-17
7.901313415135034e+03 2.470433923547395e-16 2.188047538789298e-17
7.903132969259385e+03 3.016963257817222e-16 2.097527418732975e-17
7.904952942399787e+03 2.805211084786948e-16 1.980531332029115e-17
7.906773334652742e+03 2.584866554049855e-16 1.943207406048111e-17
7.908594146114773e+03 2.817166379132191e-16 2.027816274994982e-17
7.910415376882410e+03 3.011662429935536e-16 2.211873705618326e-17
7.912237027052203e+03 2.712842506187612e-16 2.339912750770144e-17
7.914059096720752e+03 2.962899580433771e-16 2.774795302530296e-17
7.915881585984645e+03 2.783268987716665e-16 2.989164885494172e-17
7.917704494940523e+03 2.584860179881832e-16 2.436672130626922e-17
7.919527823685021e+03 2.741183174570961e-16 2.033710734132833e-17
7.921351572314824e+03 2.870711365525849e-16 1.923810891540383e-17
7.923175740926610e+03 2.843536125002597e-16 1.884511400480705e-17
7.925000329617112e+03 2.839033583412043e-16 1.926843384979547e-17
7.926825338483050e+03 2.444821864724873e-16 2.149216920608750e-17
7.928650767621200e+03 3.141002917334948e-16 3.359173322066896e-17
7.930476617128329e+03 3.868847540733307e-16 5.631428779925500e-17
7.932302887101259e+03 3.008052215583536e-16 5.592958176876302e-17
7.934129577636800e+03 2.063021247032671e-16 3.175622204243512e-17
7.935956688831815e+03 2.879768779375728e-16 2.334004482282537e-17
7.937784220783171e+03 2.893505431046667e-16 2.122494407739983e-17
7.939612173587752e+03 2.913430840985160e-16 2.124602181959222e-17
7.941440547342483e+03 2.567478443775008e-16 2.179393240792973e-17
7.943269342144311e+03 2.670207156644716e-16 2.428513509554005e-17
7.945098558090187e+03 3.247965459708187e-16 3.486082122978284e-17
7.946928195277087e+03 2.730068929136833e-16 3.883485880050249e-17
7.948758253802033e+03 2.164697226360207e-16 2.627212789534744e-17
7.950588733762036e+03 2.726193337248887e-16 2.091875216657569e-17
7.952419635254163e+03 2.476454652127077e-16 1.968040299790690e-17
7.954250958375471e+03 2.699158341592464e-16 1.938659329302018e-17
7.956082703223069e+03 2.317873672424166e-16 2.258133290786836e-17
7.957914869894061e+03 3.204759173136398e-16 3.389840213043422e-17
7.959747458485600e+03 3.567202695521550e-16 5.043474103175890e-17
7.961580469094833e+03 2.475354160072394e-16 3.991153749154478e-17
7.963413901818960e+03 2.256992665981438e-16 2.114861400667648e-17
7.965247756755172e+03 2.368071821453826e-16 1.938068353316514e-17
7.967082034000714e+03 2.641935380981107e-16 1.996900215533603e-17
7.968916733652823e+03 2.375069791465296e-16 1.958905919548778e-17
7.970751855808787e+03 2.538640547278561e-16 1.972435955898771e-17
7.972587400565886e+03 2.257296932652741e-16 1.899104900821479e-17
7.974423368021457e+03 2.834069043561107e-16 2.005769443455667e-17
7.976259758272822e+03 2.477280775809320e-16 1.979451852394333e-17
7.978096571417364e+03 2.548425720397589e-16 2.258701098306394e-17
7.979933807552459e+03 3.001652767806516e-16 2.720889650032223e-17
7.981771466775506e+03 2.714091225195351e-16 2.607134753279810e-17
7.983609549183955e+03 2.829450209986846e-16 2.347365378587804e-17
7.985448054875242e+03 2.657396610352685e-16 2.186835733758728e-17
7.987286983946858e+03 2.190378870271832e-16 2.020882700967658e-17
7.989126336496285e+03 2.810613018049841e-16 2.412699171225686e-17
7.990966112621060e+03 3.211231562113360e-16 3.714398362737529e-17
7.992806312418710e+03 2.547892393669298e-16 4.055086742369953e-17
7.994646935986818e+03 2.796232436305126e-16 2.727964867774699e-17
7.996487983422954e+03 2.313163087512250e-16 2.168373307386356e-17
7.998329454824746e+03 2.473901115081535e-16 2.096123130075966e-17
8.000171350289808e+03 2.532048466929043e-16 2.042547867901999e-17
8.002013669915816e+03 2.731828055619935e-16 1.979664312390007e-17
8.003856413800428e+03 2.583031656767793e-16 1.888008327900530e-17
8.005699582041362e+03 2.893676279983227e-16 1.857096415365084e-17
8.007543174736325e+03 2.387519195514595e-16 1.835495665668784e-17
8.009387191983078e+03 2.481961424243995e-16 1.887423546664631e-17
8.011231633879373e+03 2.435379683028098e-16 1.902992932061654e-17
8.013076500523017e+03 2.644121510361461e-16 1.949132935860130e-17
8.014921792011814e+03 2.747075695114768e-16 2.129207765621419e-17
8.016767508443591e+03 2.856282986122990e-16 2.598027476835046e-17
8.018613649916217e+03 2.485099318642827e-16 2.668035632901165e-17
8.020460216527576e+03 2.684932902980715e-16 2.219921371924662e-17
8.022307208375569e+03 2.619711119886731e-16 1.865568287846180e-17
8.024154625558108e+03 2.425113541453249e-16 1.795905954640358e-17
8.026002468173159e+03 2.415986125137014e-16 2.265678631583319e-17
8.027850736318677e+03 2.398140976322632e-16 3.453972323587436e-17
8.029699430092673e+03 2.319234127465760e-16 3.440982141853991e-17
8.031548549593143e+03 2.277350042188223e-16 2.211723805163096e-17
8.033398094918146e+03 2.091617702130317e-16 1.909410354540814e-17
8.035248066165723e+03 2.515648888078809e-16 1.857558307311628e-17
8.037098463433976e+03 2.429239648774383e-16 1.854720227474164e-17
8.038949286820994e+03 2.568970230381861e-16 1.903373073898513e-17
8.040800536424922e+03 2.550062134937665e-16 1.943489206542931e-17
8.042652212343896e+03 2.508464659475866e-16 1.942715869817356e-17
8.044504314676106e+03 2.495289509981038e-16 1.945397174482669e-17
8.046356843519732e+03 2.870233035816718e-16 2.044235308876001e-17
8.048209798973009e+03 2.831106232983344e-16 1.990961207459770e-17
8.050063181134172e+03 2.606591483901076e-16 1.905463038274332e-17
8.051916990101476e+03 2.487880554919097e-16 1.884973346280980e-17
8.053771225973215e+03 2.366176921623305e-16 1.832247717958989e-17
8.055625888847710e+03 2.284022314823917e-16 1.781733955486740e-17
8.057480978823284e+03 2.824254000310206e-16 1.896768105924328e-17
8.059336495998284e+03 2.518141712330150e-16 2.048082057829787e-17
8.061192440471102e+03 2.230882713577128e-16 2.054358346949341e-17
8.063048812340124e+03 2.346265718808911e-16 1.831512008912266e-17
8.064905611703788e+03 2.470830859411307e-16 1.823011300970150e-17
8.066762838660525e+03 2.490310262663741e-16 2.112838519698197e-17
8.068620493308817e+03 2.521423462330960e-16 2.381775813242030e-17
8.070478575747142e+03 2.560931009161195e-16 2.262339555529461e-17
8.072337086074028e+03 2.482300533031197e-16 2.050942391448784e-17
8.074196024387995e+03 2.435435306651919e-16 1.917588977897772e-17
8.076055390787618e+03 2.460098345242619e-16 1.822910306091710e-17
8.077915185371463e+03 2.218673173602172e-16 1.742188727256886e-17
8.079775408238151e+03 2.518544522718573e-16 1.801529908305016e-17
8.081636059486292e+03 2.466343734566697e-16 1.788731214316972e-17
8.083497139214553e+03 2.495438664777394e-16 1.758913778692311e-17
8.085358647521597e+03 2.568607638684949e-16 1.767051361774533e-17
8.087220584506113e+03 2.385186345768319e-16 1.741709817883645e-17
8.089082950266827e+03 2.315885829394840e-16 1.810064734914679e-17
8.090945744902486e+03 2.238699826576116e-16 1.807655495392089e-17
8.092808968511846e+03 2.250297628375505e-16 1.784568646242207e-17
8.094672621193686e+03 2.444724666954822e-16 1.808865466348190e-17
8.096536703046831e+03 2.199663129998491e-16 1.814008258557517e-17
8.098401214170096e+03 2.420605145224105e-16 1.862578042850829e-17
8.100266154662353e+03 2.566979578240327e-16 1.902884803474030e-17
8.102131524622460e+03 2.430390198163902e-16 1.941675566261269e-17
8.103997324149337e+03 2.498037704493467e-16 2.191885053588929e-17
8.105863553341888e+03 2.591413933362919e-16 2.371193710041116e-17
8.107730212299077e+03 2.319733262473371e-16 2.142029583903014e-17
8.109597301119853e+03 2.721733391136447e-16 2.015223680553452e-17
8.111464819903225e+03 2.588826655856122e-16 2.083870319250544e-17
8.113332768748192e+03 2.606137639298885e-16 2.162890005820987e-17
8.115201147753805e+03 2.532434454849613e-16 2.017471373484714e-17
8.117069957019108e+03 1.931043388956072e-16 1.895768726584831e-17
8.118939196643200e+03 2.207165210598129e-16 1.904586169173716e-17
8.120808866725170e+03 2.522134171309095e-16 1.912388884451253e-17
8.122678967364162e+03 2.417064555707674e-16 1.841969709941311e-17
8.124549498659309e+03 2.478766747500787e-16 1.864203390002292e-17
8.126420460709804e+03 2.128425460492887e-16 1.933133816067765e-17
8.128291853614833e+03 2.046872121173617e-16 2.120823606675476e-17
8.130163677473608e+03 2.432479298384586e-16 2.186935125090686e-17
8.132035932385388e+03 2.452046312556772e-16 2.100164680394185e-17
8.133908618449420e+03 2.237666921159830e-16 2.027145450757392e-17
8.135781735765011e+03 2.274453525743683e-16 1.996077539457921e-17
8.137655284431453e+03 2.334648999220259e-16 1.906775394898429e-17
8.139529264548097e+03 2.478479747722680e-16 1.957805385175374e-17
8.141403676214281e+03 2.579044013352251e-16 2.817599018259581e-17
8.143278519529405e+03 2.453332893327767e-16 2.950359303210676e-17
8.145153794592853e+03 2.700749483180295e-16 2.211780483946376e-17
8.147029501504066e+03 2.699361594582451e-16 2.175095290079377e-17
8.148905640362475e+03 2.486751586096411e-16 2.203825110441364e-17
8.150782211267569e+03 2.278520411544925e-16 2.270249351134797e-17
8.152659214318825e+03 2.575549038548714e-16 2.344832983895017e-17
8.154536649615775e+03 2.313268516563317e-16 2.360773748771518e-17
8.156414517257943e+03 2.679867804375275e-16 2.402450540430815e-17
8.158292817344910e+03 2.554324226521747e-16 2.427151534263645e-17
8.160171549976241e+03 2.444809789748937e-16 2.491738686470530e-17
8.162050715251566e+03 2.418736107393137e-16 2.620643107061042e-17
8.163930313270504e+03 1.935902552602381e-16 2.436019989966081e-17
8.165810344132702e+03 2.048326967670245e-16 2.157186419473758e-17
8.167690807937847e+03 2.797786336172324e-16 2.201345831198232e-17
8.169571704785649e+03 2.391988286558730e-16 2.048437870684814e-17
8.171453034775818e+03 2.372295917726335e-16 2.019172906257060e-17
8.173334798008096e+03 2.637995549786406e-16 1.997387998991035e-17
8.175216994582266e+03 2.279221711963665e-16 2.432551141559968e-17
8.177099624598106e+03 1.976048398978695e-16 2.357504958717209e-17
8.178982688155447e+03 2.547396307742378e-16 2.150148820695686e-17
8.180866185354110e+03 2.681545832462632e-16 2.126159069253810e-17
8.182750116293973e+03 2.583838706259069e-16 2.070285253263605e-17
8.184634481074902e+03 2.470226373257576e-16 1.936200799365685e-17
8.186519279796824e+03 2.697252531994447e-16 1.898584571947836e-17
8.188404512559649e+03 2.141974411116541e-16 1.907649250538975e-17
8.190290179463349e+03 2.276786705244199e-16 1.994626071548471e-17
8.192176280607884e+03 2.274661265035805e-16 2.162617436431021e-17
8.194062816093268e+03 2.161006722492754e-16 2.289852268688653e-17
8.195949786019508e+03 2.027898743419512e-16 2.107752093766798e-17
8.197837190486664e+03 2.139383592607037e-16 1.981750649743861e-17
8.199725029594796e+03 2.216347784153796e-16 1.940132737898327e-17
8.201613303443988e+03 2.667990349219289e-16 2.013109842674090e-17
8.203502012134366e+03 2.619951554294116e-16 2.034561558745480e-17
8.205391155766069e+03 2.423148195345344e-16 2.006277190670189e-17
8.207280734439253e+03 2.394982709312319e-16 2.012070463292751e-17
8.209170748254093e+03 2.145284011599335e-16 1.925201313620145e-17
8.211061197310813e+03 2.491502776097589e-16 1.948646733597050e-17
8.212952081709625e+03 2.352434151154259e-16 1.905915116450418e-17
8.214843401550799e+03 2.323104554258049e-16 1.926233772479773e-17
8.216735156934592e+03 2.669814582236330e-16 2.034538578193183e-17
8.218627347961323e+03 2.498294712787633e-16 2.032531070796443e-17
8.220519974731294e+03 2.232229854742267e-16 2.815462702541103e-17
8.222413037344872e+03 1.834832491527673e-16 2.973095659255691e-17
8.224306535902400e+03 2.493111220315511e-16 1.973309594799673e-17
8.226200470504293e+03 2.385661571763792e-16 1.918612681483912e-17
8.228094841250948e+03 2.368815843369764e-16 1.850664967809315e-17
8.229989648242818e+03 2.132171710294469e-16 1.792000420808191e-17
8.231884891580346e+03 2.440260877983908e-16 1.856234807696608e-17
8.233780571364035e+03 2.228754550942022e-16 1.892655063061938e-17
8.235676687694373e+03 2.343111631975661e-16 1.940891996802340e-17
8.237573240671907e+03 2.323869218325784e-16 1.948388144839792e-17
8.239470230397177e+03 2.387735848100357e-16 2.015882637883918e-17
8.241367656970773e+03 2.187167642369718e-16 2.382589208950587e-17
8.243265520493289e+03 2.174027100328914e-16 3.033031868448815e-17
8.245163821065335e+03 2.569566886019424e-16 3.658006154678782e-17
8.247062558787575e+03 2.729028922215144e-16 4.002048421283796e-17
8.248961733760665e+03 1.963072525686956e-16 3.169365854256954e-17
8.250861346085312e+03 2.443345410592059e-16 3.025361043954882e-17
8.252761395862211e+03 2.636207383206892e-16 3.787514449969950e-17
8.254661883192124e+03 3.061683928811289e-16 3.908176770930856e-17
8.256562808175791e+03 2.044940549489265e-16 2.459131800488276e-17
8.258464170914016e+03 1.766693330030097e-16 2.120834691343992e-17
8.260365971507592e+03 2.692540043250626e-16 2.826677990720089e-17
8.262268210057364e+03 2.552450525307765e-16 4.499451233833361e-17
8.264170886664173e+03 2.695728080125223e-16 4.697082293418522e-17
8.266074001428911e+03 2.790985372459281e-16 3.383204442024130e-17
8.267977554452465e+03 1.934669179279791e-16 2.372659843902233e-17
8.269881545835775e+03 2.354610430444056e-16 2.212756081340892e-17
8.271785975679772e+03 2.069064828038322e-16 2.309652798979863e-17
8.273690844085442e+03 2.307548470279795e-16 2.962574455590788e-17
8.275596151153766e+03 2.202437720973559e-16 3.527926212185500e-17
8.277501896985776e+03 2.343627988439515e-16 2.766387037198709e-17
8.279408081682504e+03 2.202947767106316e-16 1.939852830957702e-17
8.281314705345007e+03 1.988572415816433e-16 1.876047031484906e-17
8.283221768074378e+03 2.380789375679494e-16 2.087419924853562e-17
8.285129269971740e+03 2.120184955947601e-16 2.122623938136662e-17
8.287037211138215e+03 2.377792341774488e-16 2.193257960963273e-17
8.288945591674954e+03 2.362127427035535e-16 2.091435460105734e-17
8.290854411683151e+03 2.344923365946374e-16 2.027198681707790e-17
8.292763671263996e+03 2.269112980318391e-16 2.011256401748733e-17
8.294673370518731e+03 2.187133984067694e-16 1.978497426007630e-17
8.296583509548593e+03 2.291601306224379e-16 1.925860798534162e-17
8.298494088454865e+03 1.743367239680133e-16 1.866003950047584e-17
8.300405107338836e+03 2.424725737065951e-16 2.073905548988499e-17
8.302316566301837e+03 2.346499301537386e-16 2.018922913692435e-17
8.304228465445198e+03 2.308679500729337e-16 2.165692744914066e-17
8.306140804870300e+03 2.033062276457814e-16 3.175695396446182e-17
8.308053584678519e+03 2.919808928101143e-16 7.835078467838426e-17
8.309966804971284e+03 1.798432818298339e-16 8.957888270039250e-17
8.311880465850016e+03 1.804952815832172e-16 4.724511771203859e-17
8.313794567416191e+03 1.761312306661320e-16 2.899924543167729e-17
8.315709109771284e+03 3.038056212852341e-16 3.310201330358587e-17
8.317624093016797e+03 2.175271758110225e-16 4.925751555192892e-17
8.319539517254263e+03 1.533522247425610e-16 3.478080523486311e-17
8.321455382585253e+03 2.581626307174044e-16 2.240420536448883e-17
8.323371689111327e+03 2.189909051802533e-16 2.177605038624056e-17
8.325288436934081e+03 2.341481852314560e-16 2.214778893024137e-17
8.327205626155157e+03 1.902103497668574e-16 2.295242132890982e-17
8.329123256876184e+03 2.750434903163862e-16 3.124603059654813e-17
8.331041329198850e+03 2.004582607117500e-16 3.113575947578767e-17
8.332959843224831e+03 1.828425725729230e-16 2.341675414301592e-17
8.334878799055863e+03 2.363973763779778e-16 2.018962886247959e-17
8.336798196793672e+03 1.983796810130538e-16 1.887839836819253e-17
8.338718036540036e+03 1.782079798458103e-16 1.795444631733217e-17
8.340638318396728e+03 2.122778547824401e-16 1.959124663979645e-17
8.342559042465577e+03 1.980232699880081e-16 2.077995303203262e-17
8.344480208848398e+03 1.997096226051761e-16 2.464074625671276e-17
8.346401817647067e+03 3.124493311118897e-16 3.408817744826648e-17
8.348323868963451e+03 2.550294191970703e-16 3.273103306489473e-17
8.350246362899474e+03 2.109280294535748e-16 2.332293583656711e-17
8.352169299557048e+03 2.269859866647999e-16 2.021015530831597e-17
8.354092679038124e+03 2.094360017446322e-16 2.152176250177514e-17
8.356016501444685e+03 2.084225284464720e-16 2.213036698933583e-17
8.357940766878735e+03 2.271149012495504e-16 2.208651265020494e-17
8.359865475442291e+03 1.852062705219907e-16 2.982659234011826e-17
8.361790627237391e+03 3.462083914589295e-16 5.994064658713958e-17
8.363716222366122e+03 3.436729870599527e-16 9.788482266385228e-17
8.365642260930557e+03 3.792283054540188e-16 6.188909591502020e-17
8.367568743032833e+03 1.436811635633398e-16 2.358702251727193e-17
8.369495668775071e+03 2.208819843581110e-16 1.921522342158703e-17
8.371423038259451e+03 1.847642249678588e-16 2.032061793581509e-17
8.373350851588144e+03 1.567109644862681e-16 2.035416871110239e-17
8.375279108863378e+03 2.204974452681546e-16 2.287491319839782e-17
8.377207810187372e+03 2.596956624291965e-16 2.835985184367508e-17
8.379136955662399e+03 1.591455336767811e-16 4.158086690753677e-17
8.381066545390722e+03 1.939643353755180e-16 4.130380239951095e-17
8.382996579474666e+03 1.626425059506138e-16 2.345175802311548e-17
8.384927058016538e+03 1.762253411841452e-16 1.972385657169269e-17
8.386857981118712e+03 2.017155453258474e-16 1.945026149396954e-17
8.388789348883543e+03 1.830236385589839e-16 1.996925236474325e-17
8.390721161413448e+03 2.068256278525156e-16 2.720894773413144e-17
8.392653418810836e+03 2.533718472053308e-16 4.477184757692104e-17
8.394586121178167e+03 2.913403159043975e-16 6.366256576329409e-17
8.396519268617900e+03 8.673016956140073e-17 5.282763079852979e-17
8.398452861232525e+03 1.747594957540572e-16 2.630774281541163e-17
8.400386899124574e+03 2.100563773969574e-16 2.080063713778833e-17
8.402321382396571e+03 2.386850851472181e-16 1.995393240848814e-17
8.404256311151097e+03 2.271973570614922e-16 1.997278267553533e-17
8.406191685490721e+03 2.109039229334293e-16 2.014533829380873e-17
8.408127505518076e+03 1.978009520117113e-16 1.997564843923345e-17
8.410063771335777e+03 2.094191437388093e-16 1.976143441010379e-17
8.412000483046500e+03 2.142008101157889e-16 2.235348879057908e-17
8.413937640752913e+03 2.349268007950203e-16 2.726241875377497e-17
8.415875244557734e+03 3.013669098522035e-16 3.552904850348736e-17
8.417813294563681e+03 1.984299317343910e-16 3.268315913393829e-17
8.419751790873523e+03 1.961061420026692e-16 2.498876911554569e-17
8.421690733590020e+03 1.844452886136554e-16 2.014644327231723e-17
8.423630122815988e+03 1.925282878726097e-16 2.096317138824675e-17
8.425569958654236e+03 1.925576781696712e-16 2.451711439453972e-17
8.427510241207628e+03 2.637894274692804e-16 4.057770184384518e-17
8.429450970579022e+03 3.325670933356599e-16 5.960112746844367e-17
8.431392146871327e+03 1.312045022197989e-16 5.497597552249894e-17
8.433333770187455e+03 1.142103948925436e-16 3.035564516927191e-17
8.435275840630342e+03 2.431860869316555e-16 2.119488577468349e-17
8.437218358302958e+03 2.394822848205062e-16 2.030465738579934e-17
8.439161323308306e+03 2.312175806298820e-16 2.199206326955509e-17
8.441104735749394e+03 2.314848867987574e-16 2.211762291189064e-17
8.443048595729244e+03 1.514854730885105e-16 1.955822032518348e-17
8.444992903350940e+03 1.978600459641461e-16 1.928088297918710e-17
8.446937658717548e+03 2.133718496766203e-16 1.925213982739270e-17
8.448882861932196e+03 2.474641147348554e-16 1.975501023059947e-17
8.450828513097997e+03 2.015254170576477e-16 1.902275689424369e-17
8.452774612318126e+03 1.830331843293079e-16 1.876500330617539e-17
8.454721159695748e+03 1.909332600974367e-16 2.041474506881765e-17
8.456668155334079e+03 2.054088933027874e-16 2.839131631258216e-17
8.458615599336334e+03 1.764659182800828e-16 3.425913021647156e-17
8.460563491805779e+03 1.886698326752974e-16 2.565577461321528e-17
8.462511832845676e+03 2.237363839758403e-16 2.061115238440813e-17
8.464460622559336e+03 1.601156962469337e-16 2.017133642608847e-17
8.466409861050068e+03 2.030247050387034e-16 2.757707351125103e-17
8.468359548421235e+03 4.056042051015464e-16 3.967654067206371e-17
8.470309684776197e+03 1.746347783537265e-16 3.354979448704158e-17
8.472260270218343e+03 1.654445848496545e-16 2.413492441888924e-17
8.474211304851098e+03 1.875273758564938e-16 2.077644864371937e-17
8.476162788777914e+03 1.510847005732000e-16 1.967301558634924e-17
8.478114722102246e+03 1.610961580090366e-16 1.931735204726033e-17
8.480067104927575e+03 2.178414281399788e-16 1.967163663364647e-17
8.482019937357432e+03 1.767420827786969e-16 1.923423168607894e-17
8.483973219495339e+03 1.848469456248057e-16 1.968818072008195e-17
8.485926951444872e+03 2.020082523872519e-16 1.958395876858310e-17
8.487881133309598e+03 1.841430428112862e-16 1.857286506949908e-17
8.489835765193144e+03 1.832644846313975e-16 1.829064005611698e-17
8.491790847199125e+03 2.214678442449690e-16 1.923594241175850e-17
8.493746379431215e+03 1.972077012241233e-16 1.965312068267995e-17
8.495702361993081e+03 1.507090331316342e-16 2.028979785747376e-17
8.497658794988436e+03 1.688228724108274e-16 2.119933899075870e-17
8.499615678520997e+03 1.881793087682419e-16 2.206307518844155e-17
8.501573012694533e+03 2.465954834177239e-16 2.492990840402723e-17
8.503530797612799e+03 2.930995117642570e-16 2.651855742638736e-17
8.505489033379616e+03 2.291759196975621e-16 2.318710630429644e-17
8.507447720098788e+03 1.693466484904233e-16 2.087091483163532e-17
8.509406857874179e+03 1.827288580368018e-16 2.164700098682879e-17
8.511366446809647e+03 2.163049749940479e-16 2.545223964972405e-17
8.513326487009101e+03 2.024603041293826e-16 2.809531115333853e-17
8.515286978576454e+03 1.609668564736821e-16 2.444637843975349e-17
8.517247921615641e+03 1.859439177779041e-16 2.106277713551289e-17
8.519209316230643e+03 2.021456085163772e-16 2.013446217349403e-17
8.521171162525437e+03 1.614143253736596e-16 1.998093518714216e-17
8.523133460604055e+03 2.178468265250225e-16 2.113191556281723e-17
8.525096210570517e+03 1.892407972744694e-16 2.039873928978119e-17
8.527059412528906e+03 1.856387276107411e-16 1.991119491998083e-17
8.529023066583290e+03 1.785444642671134e-16 1.908798167017571e-17
8.530987172837797e+03 1.459066591112010e-16 1.844643613480869e-17
8.532951731396544e+03 1.732201458243764e-16 1.937069442392753e-17
8.534916742363710e+03 1.651838278442022e-16 2.028075311006747e-17
8.536882205843458e+03 1.955992733331168e-16 2.146049772222691e-17
8.538848121940013e+03 1.572541696375387e-16 2.091202667136185e-17
8.540814490757590e+03 1.553105795670157e-16 2.008011314255787e-17
8.542781312400457e+03 1.605501064766945e-16 1.924863327827378e-17
8.544748586972881e+03 2.140384446107700e-16 1.960332591775256e-17
8.546716314579178e+03 2.503055846698119e-16 2.000444361310722e-17
8.548684495323660e+03 1.713213675988620e-16 1.953210358987884e-17
8.550653129310693e+03 1.816350883094654e-16 2.128047952816239e-17
8.552622216644646e+03 1.956127577889017e-16 2.184849006287371e-17
8.554591757429907e+03 1.828675052264973e-16 2.017770776161028e-17
8.556561751770911e+03 1.630620016001910e-16 1.907446132079771e-17
8.558532199772109e+03 1.841505705967373e-16 2.227012904659442e-17
8.560503101537966e+03 1.792240887348060e-16 2.442473485051137e-17
8.562474457172972e+03 1.604528891064062e-16 2.264145398819667e-17
8.564446266781657e+03 1.977382709435163e-16 2.021089877166762e-17
8.566418530468549e+03 1.391786569059853e-16 2.483272356699919e-17
8.568391248338237e+03 1.611594580597235e-16 2.616105901753762e-17
8.570364420495291e+03 1.720085507017984e-16 2.795220514782424e-17
8.572338047044344e+03 2.093026585858619e-16 2.283304709559436e-17
8.574312128090020e+03 1.867735690021270e-16 2.409271921330450e-17
8.576286663737001e+03 1.584609349210394e-16 2.363026561470881e-17
8.578261654089953e+03 1.803692891739408e-16 2.420396951645012e-17
8.580237099253609e+03 2.001530543641359e-16 2.580238253811330e-17
8.582212999332687e+03 2.270968246548992e-16 2.874924923125023e-17
8.584189354431965e+03 2.133549936214419e-16 3.035330634449505e-17
8.586166164656210e+03 2.438026753009895e-16 3.226177395167641e-17
8.588143430110247e+03 1.961163983644848e-16 3.350038149652693e-17
8.590121150898900e+03 2.050099289415527e-16 3.667762011559132e-17
8.592099327127016e+03 2.367851775758826e-16 3.854508250381993e-17
8.594077958899488e+03 1.620411547321287e-16 3.686533507800379e-17
8.596057046321228e+03 2.163758754194922e-16 3.605531267355850e-17
8.598036589497153e+03 2.508624723028924e-16 3.546784549664527e-17
8.600016588532213e+03 2.988750522457296e-16 3.364451412306304e-17
8.601997043531401e+03 2.595736638696695e-16 3.443806921169720e-17
8.603977954599701e+03 1.609492251343650e-16 3.529452637820429e-17
8.605959321842156e+03 1.884214011277930e-16 2.741999758997778e-17
8.607941145363799e+03 1.484982759243314e-16 2.355186345543351e-17
8.609923425269721e+03 1.712138964959423e-16 2.614943242709424e-17
8.611906161665005e+03 1.737696404087418e-16 3.201185517286109e-17
8.613889354654788e+03 1.679797094495680e-16 3.754370378922537e-17
8.615873004344201e+03 2.091182125907445e-16 4.028933645795665e-17
8.617857110838435e+03 4.728291398219121e-17 3.824277120513391e-17
8.619841674242665e+03 2.356103640470176e-16 3.476281291191039e-17
8.621826694662128e+03 1.642480503845542e-16 3.482220493298161e-17
8.623812172202051e+03 2.391292492103634e-16 3.576373365148362e-17
8.625798106967721e+03 1.341209665019166e-16 3.498742160447182e-17
8.627784499064417e+03 2.379993219241768e-16 3.942676108710070e-17
8.629771348597451e+03 1.515969496610826e-16 3.493112578408849e-17
8.631758655672171e+03 1.943630512466284e-16 3.075446151285444e-17
8.633746420393951e+03 2.080234366752125e-16 3.118671964482844e-17
8.635734642868170e+03 1.969194623990917e-16 2.851777974407034e-17
8.637723323200236e+03 1.862120901966323e-16 2.786911890317891e-17
8.639712461495601e+03 1.905396669806320e-16 3.016967382955375e-17
8.641702057859713e+03 1.225619640618637e-16 2.752594057422399e-17
8.643692112398072e+03 2.174626256246201e-16 2.698617334497057e-17
8.645682625216174e+03 1.430833079389365e-16 2.629736579795330e-17
8.647673596419570e+03 1.317206455158176e-16 2.467670278387263e-17
8.649665026113804e+03 2.049768038529034e-16 2.628816143827788e-17
8.651656914404473e+03 2.392616261902680e-16 2.699471358441131e-17
8.653649261397171e+03 2.057045384857977e-16 2.462336813118854e-17
8.655642067197545e+03 1.393594847737522e-16 2.311589989042780e-17
8.657635331911237e+03 1.809135551014586e-16 2.191387802088729e-17
8.659629055643944e+03 1.622103247655182e-16 2.137975903172769e-17
8.661623238501354e+03 1.471683787299768e-16 2.206884913005596e-17
8.663617880589210e+03 2.197221451397501e-16 2.388015510688433e-17
8.665612982013257e+03 2.672965736136900e-16 2.386812780926371e-17
8.667608542879283e+03 2.343563998231970e-16 2.308689592835899e-17
8.669604563293076e+03 1.475276359946096e-16 2.270221228645969e-17
8.671601043360481e+03 2.062809127862927e-16 2.358687769006754e-17
8.673597983187339e+03 1.565923675241099e-16 2.207443893676755e-17
8.675595382879517e+03 1.866465690592997e-16 2.212729276533136e-17
8.677593242542936e+03 1.787486541202222e-16 2.172180008000782e-17
8.679591562283498e+03 1.656148447567496e-16 2.082475143690015e-17
8.681590342207173e+03 1.908229872824324e-16 2.093943700974576e-17
8.683589582419916e+03 1.870125750975651e-16 2.113016483037325e-17
8.685589283027741e+03 1.553984707024790e-16 2.090533217294500e-17
8.687589444136653e+03 1.515364836047405e-16 2.176318033465041e-17
8.689590065852719e+03 2.400374298408921e-16 2.423332382192332e-17
8.691591148281987e+03 1.949440186237231e-16 2.346281336120698e-17
8.693592691530574e+03 1.835382003748028e-16 2.216851777318794e-17
8.695594695704580e+03 1.605953530171036e-16 2.084107780604684e-17
8.697597160910167e+03 1.887008372716978e-16 2.127200666975216e-17
8.699600087253490e+03 1.432658705620216e-16 2.158479428761259e-17
8.701603474840753e+03 2.047028788842978e-16 2.327413260340949e-17
8.703607323778162e+03 2.207481261998038e-16 2.297078919619091e-17
8.705611634171972e+03 2.017271756577635e-16 2.255655706298609e-17
8.707616406128434e+03 1.740303353669910e-16 2.184681442472032e-17
8.709621639753859e+03 2.177980174115109e-16 2.207876495316604e-17
8.711627335154548e+03 1.969888528097736e-16 2.232976395653809e-17
8.713633492436838e+03 1.723899311302929e-16 2.305572671121300e-17
8.715640111707098e+03 2.147214836653506e-16 2.405561969177183e-17
8.717647193071729e+03 1.392102252179158e-16 2.293279866635487e-17
8.719654736637131e+03 2.039328403076813e-16 2.691196349111416e-17
8.721662742509738e+03 1.983420738355873e-16 3.384534824227338e-17
8.723671210796028e+03 2.089372579493948e-16 4.420961261032125e-17
8.725680141602470e+03 2.074367780573446e-16 4.453263013303365e-17
8.727689535035592e+03 -2.036965613716980e-17 4.838265900092833e-17
8.729699391201915e+03 3.025027787355604e-16 5.665248022925022e-17
8.731709710208017e+03 8.758717320347084e-17 5.846302740753444e-17
8.733720492160463e+03 2.574986971035815e-16 3.855985622322244e-17
8.735731737165883e+03 1.212979463393140e-16 2.584345905627201e-17
8.737743445330891e+03 1.282510835035741e-16 3.267222643047887e-17
8.739755616762164e+03 2.803412377195035e-16 5.477537480913578e-17
8.741768251566369e+03 1.642225613622950e-16 6.255568093462447e-17
8.743781349850229e+03 1.815184732986626e-16 3.708059441987475e-17
8.745794911720463e+03 1.696214709334590e-16 2.262375428231466e-17
8.747808937283840e+03 2.078896726521843e-16 2.196356528609172e-17
8.749823426647137e+03 2.747815191089590e-16 2.622656668839909e-17
8.751838379917152e+03 2.643690899836271e-16 3.173466526155720e-17
8.753853797200722e+03 2.213921255339540e-16 3.890698175714492e-17
8.755869678604711e+03 1.522458768832915e-16 3.490896194187506e-17
8.757886024235991e+03 1.482807031891647e-16 2.566948045055129e-17
8.759902834201457e+03 1.797777105850856e-16 2.206529829551732e-17
8.761920108608061e+03 1.565097558432257e-16 2.098134286244607e-17
8.763937847562731e+03 1.692164864296919e-16 2.147217419054212e-17
8.765956051172469e+03 1.954846532791848e-16 2.200029308396337e-17
8.767974719544256e+03 1.930935817536940e-16 2.215843958598374e-17
8.769993852785141e+03 1.402283159126155e-16 2.235390572069926e-17
8.772013451002160e+03 1.331296717931381e-16 2.358757060799111e-17
8.774033514302402e+03 1.847027525347988e-16 2.450255421968945e-17
8.776054042792955e+03 1.740307152904915e-16 2.408173231092230e-17
8.778075036580964e+03 1.894201222298046e-16 2.449104427538048e-17
8.780096495773560e+03 1.629620208368700e-16 2.291507865220201e-17
8.782118420477935e+03 1.551756538163246e-16 2.159382665322341e-17
8.784140810801277e+03 1.667907138121186e-16 2.236846107302158e-17
8.786163666850824e+03 2.774166479797941e-18 2.963492831737798e-17
8.788186988733809e+03 4.197478053261677e-16 6.094605162478834e-17
8.790210776557526e+03 2.386097429393248e-16 1.099131795272395e-16
8.792235030429256e+03 1.628217170732960e-16 8.563556651453034e-17
8.794259750456338e+03 1.308599204081969e-16 3.339219756441411e-17
8.796284936746113e+03 1.587200319470134e-16 3.442209998218094e-17
8.798310589405948e+03 2.234491077280469e-16 5.766312227150326e-17
8.800336708543256e+03 1.761855455846905e-16 6.191056422657995e-17
8.802363294265444e+03 1.670771307800122e-16 3.773494819795611e-17
8.804390346679975e+03 1.533852544719490e-16 2.582220878053075e-17
8.806417865894306e+03 1.363280768416133e-16 2.416148510421298e-17
8.808445852015948e+03 1.607637586405660e-16 2.532491566985026e-17
8.810474305152407e+03 1.524793187541518e-16 2.989321532520958e-17
8.812503225411250e+03 2.470831684801055e-16 3.676007981216083e-17
8.814532612900028e+03 1.955007498004646e-16 2.919773251520909e-17
8.816562467726353e+03 1.502562918449152e-16 2.298796392056225e-17
8.818592789997832e+03 1.959485593173548e-16 2.407989213851824e-17
8.820623579822126e+03 1.295567948336244e-16 2.382129561756406e-17
8.822654837306889e+03 1.506645603639529e-16 2.314177532542969e-17
8.824686562559831e+03 1.766825552731461e-16 2.384630941333175e-17
8.826718755688657e+03 1.657087945834217e-16 2.994536504214027e-17
8.828751416801131e+03 2.877339207878217e-16 4.449472868961420e-17
8.830784546004999e+03 2.596908394350779e-16 5.508324387345098e-17
8.832818143408080e+03 1.782315748062244e-16 3.870622948571080e-17
8.834852209118180e+03 1.917436440691764e-16 2.398213376274413e-17
8.836886743243136e+03 1.279985297171956e-16 2.159574456852591e-17
8.838921745890824e+03 1.790524125054978e-16 2.264448711855834e-17
8.840957217169149e+03 1.489115835677430e-16 2.382921672956214e-17
8.842993157186020e+03 2.211274399608390e-16 2.705608420804980e-17
8.845029566049372e+03 1.009534722408049e-18 4.157968035722187e-17
8.847066443867190e+03 5.765136836625968e-16 9.018586746713938e-17
8.849103790747447e+03 2.026292476652802e-16 1.124570834413293e-16
8.851141606798186e+03 8.615618985846757e-17 5.036306963718503e-17
8.853179892127426e+03 1.580873165008516e-16 2.876453542697098e-17
8.855218646843252e+03 1.278126174229723e-16 2.390241259750888e-17
8.857257871053744e+03 1.484533204215627e-16 2.409506898545068e-17
8.859297564867034e+03 1.668388194430889e-16 2.476501636417846e-17
8.861337728391247e+03 2.660665418117346e-16 2.556639605475339e-17
8.863378361734571e+03 3.428247488085547e-16 3.740859650845493e-17
8.865419465005174e+03 3.704287400237079e-16 6.109762026931114e-17
8.867461038311298e+03 1.779456825867286e-16 5.177610338571707e-17
8.869503081761164e+03 1.270910290952957e-16 3.059947007065419e-17
8.871545595463058e+03 1.518598612090653e-16 2.424839510532535e-17
8.873588579525260e+03 1.414010512083924e-16 2.264793908073906e-17
8.875632034056080e+03 1.589901680011653e-16 2.635149663276652e-17
8.877675959163873e+03 1.315139297619079e-16 3.412225082622673e-17
8.879720354957008e+03 1.330909890336291e-16 5.415056121771162e-17
8.881765221543870e+03 3.737992692689853e-16 9.677095265087343e-17
8.883810559032871e+03 4.390229624924059e-17 9.212065075109916e-17
8.885856367532464e+03 1.393525888655601e-16 4.587840819640616e-17
8.887902647151104e+03 1.553627936532397e-16 3.031937244542308e-17
8.889949397997294e+03 1.058449410728991e-16 2.344835963096218e-17
8.891996620179540e+03 1.712098727034953e-16 2.447681901086692e-17
8.894044313806395e+03 1.471597416695101e-16 2.388947058773074e-17
8.896092478986411e+03 1.647160563466027e-16 2.426836720224728e-17
8.898141115828199e+03 1.752002393791149e-16 2.419420794108066e-17
8.900190224440352e+03 1.429696300517331e-16 2.281499183080845e-17
8.902239804931536e+03 8.265824035314524e-17 2.386621724423506e-17
8.904289857410398e+03 2.703536319010372e-16 3.719952018891810e-17
8.906340381985645e+03 9.293851743652932e-17 4.122266824404053e-17
8.908391378765979e+03 1.666553633004408e-16 3.320437421663365e-17
8.910442847860157e+03 1.299690021141642e-16 2.656979673202949e-17
8.912494789376939e+03 1.816349735336829e-16 2.394620207275240e-17
8.914547203425105e+03 1.487596588107229e-16 2.346846039668650e-17
8.916600090113485e+03 7.008830772947628e-17 3.569963080657258e-17
8.918653449550928e+03 3.633946103493687e-16 8.232720773624776e-17
8.920707281846289e+03 1.320907834006422e-16 1.122605180461296e-16
8.922761587108458e+03 1.929211901619553e-16 5.907293943427622e-17
8.924816365446364e+03 1.201556686265435e-16 3.044703382041017e-17
8.926871616968932e+03 1.461111667853881e-16 2.484714254002737e-17
8.928927341785151e+03 1.898011079789248e-16 2.382415737940629e-17
8.930983540003990e+03 1.797475782788421e-16 2.462613459772796e-17
8.933040211734489e+03 1.409019464410636e-16 2.620117466831557e-17
8.935097357085673e+03 1.472113686578985e-16 2.716839311363615e-17
8.937154976166625e+03 1.852967142487666e-16 2.598786231838115e-17
8.939213069086420e+03 1.423108426765139e-16 2.576916857886323e-17
8.941271635954197e+03 1.745100307445356e-16 2.851678717752923e-17
8.943330676879077e+03 1.723413224810547e-16 3.088129067318018e-17
8.945390191970249e+03 1.446839215714530e-16 2.712178748887823e-17
8.947450181336888e+03 1.515044918194283e-16 2.879435905784752e-17
8.949510645088230e+03 2.517543369342043e-16 4.306873382401196e-17
8.951571583333500e+03 2.594146656783859e-16 5.123879116869816e-17
8.953632996181987e+03 1.937011450470423e-16 3.927485577755012e-17
8.955694883742965e+03 1.704739942263235e-16 2.821702680913585e-17
8.957757246125773e+03 1.430312527761525e-16 2.382650324095328e-17
8.959820083439745e+03 1.047225023363182e-16 2.592447989613552e-17
8.961883395794241e+03 1.574336687492253e-16 4.653637004714190e-17
8.963947183298675e+03 2.462723160389082e-16 6.291470737318718e-17
8.966011446062448e+03 1.716895685783545e-16 4.612472233429977e-17
8.968076184195023e+03 1.600814542270274e-16 2.950643821502336e-17
8.970141397805854e+03 1.610580354666485e-16 2.610917282871345e-17
8.972207087004454e+03 1.611572740256332e-16 2.415726034735592e-17
8.974273251900324e+03 1.315148372996785e-16 2.432071463176256e-17
8.976339892603030e+03 1.386914347027689e-16 2.515647120265101e-17
8.978407009222123e+03 1.839726419315753e-16 2.753585508541229e-17
8.980474601867218e+03 1.168320855839549e-16 2.460371654715183e-17
8.982542670647919e+03 1.658719867939529e-16 2.384070862175172e-17
8.984611215673893e+03 1.543167444216078e-16 2.365182631255434e-17
8.986680237054794e+03 1.495867480471686e-16 2.487587068221948e-17
8.988749734900333e+03 2.106209376236362e-16 2.674189021586543e-17
8.990819709320218e+03 1.461217264528849e-16 2.574720342220887e-17
8.992890160424215e+03 1.394689658084178e-16 2.443468911483272e-17
8.994961088322078e+03 1.796817040330819e-16 2.315604840726826e-17
8.997032493123625e+03 1.403124536795977e-16 2.463464006923243e-17
8.999104374938670e+03 2.384734035245401e-16 3.312705023264612e-17
9.001176733877051e+03 1.760197446612498e-16 3.294713855700619e-17
9.003249570048654e+03 1.898062806737510e-16 2.701482238637754e-17
9.005322883563387e+03 1.662688973770869e-16 2.457387152150526e-17
9.007396674531166e+03 1.210584962866736e-16 2.557768824334181e-17
9.009470943061933e+03 1.827729450323086e-16 3.415011538194534e-17
9.011545689265680e+03 2.166912630636846e-16 4.121590001958925e-17
9.013620913252391e+03 2.558666618820829e-16 3.542019372111822e-17
9.015696615132110e+03 3.009526752770615e-16 2.923288724349417e-17
9.017772795014871e+03 3.291569282952036e-16 2.709332853732190e-17
9.019849453010767e+03 1.902191544090716e-16 2.414606384138096e-17
9.021926589229886e+03 1.297241775941354e-16 2.426122268550648e-17
9.024004203782370e+03 1.729256493462008e-16 2.754549488646465e-17
9.026082296778357e+03 1.562327120653112e-16 2.972326240605944e-17
9.028160868328041e+03 1.592967628561150e-16 3.019264575761359e-17
9.030239918541607e+03 1.582386613789396e-16 3.074277232140114e-17
9.032319447529306e+03 1.887815271107235e-16 3.089302576463180e-17
9.034399455401372e+03 1.549953844727086e-16 2.834363964508295e-17
9.036479942268101e+03 1.440504639117293e-16 2.579324097655948e-17
9.038560908239795e+03 1.860719844135677e-16 2.508615766394280e-17
9.040642353426769e+03 1.907331774547268e-16 2.692051265260404e-17
9.042724277939391e+03 1.443191759067309e-16 3.128522101335009e-17
9.044806681888054e+03 1.268441274205246e-16 2.778902412631852e-17
9.046889565383153e+03 1.494730692327337e-16 2.475770443985774e-17
9.048972928535111e+03 1.457857622369028e-16 2.641715414870136e-17
9.051056771454407e+03 1.404520492895098e-16 2.659551892501736e-17
9.053141094251501e+03 1.542453363494605e-16 2.986323577585975e-17
9.055225897036926e+03 1.467580155356674e-16 2.822550363474715e-17
9.057311179921193e+03 7.505786708235091e-17 2.431757361582381e-17
9.059396943014883e+03 1.830018623788199e-16 2.487726734833683e-17
9.061483186428559e+03 1.236980040600190e-16 2.872562007701218e-17
9.063569910272852e+03 1.966410385282221e-16 3.517746324283318e-17
9.065657114658381e+03 2.524105410323114e-16 3.693603393619543e-17
9.067744799695825e+03 9.391418423680963e-16 4.514061959821437e-17
9.069832965495852e+03 1.486864653311896e-15 5.291691198170640e-17
9.071921612169193e+03 8.507657373421787e-16 3.847875273504277e-17
9.074010739826568e+03 1.897175844420041e-16 2.364973801848338e-17
9.076100348578757e+03 1.624277998012643e-16 2.282522506837194e-17
9.078190438536531e+03 1.309261384566319e-16 2.386720438665227e-17
9.080281009810724e+03 1.339788441281436e-16 2.628196913101211e-17
9.082372062512159e+03 1.841783629950442e-16 2.624256627576524e-17
9.084463596751717e+03 1.794968679906982e-16 2.497997561965437e-17
9.086555612640281e+03 1.516182642661974e-16 2.362717093492433e-17
9.088648110288757e+03 1.666958833464442e-16 2.392358916436661e-17
9.090741089808111e+03 1.972888933532227e-16 2.682630353550803e-17
9.092834551309283e+03 1.565205052170148e-16 2.807355018957553e-17
9.094928494903294e+03 1.331087725690776e-16 2.818478075114426e-17
9.097022920701136e+03 1.549598099743033e-16 3.222302327058087e-17
9.099117828813876e+03 1.849919116246494e-16 3.197910584690055e-17
9.101213219352567e+03 1.480816007981532e-16 2.744723497678311e-17
9.103309092428322e+03 9.842110448298085e-17 2.538978801030773e-17
9.105405448152240e+03 1.562364496524270e-16 2.587056401083976e-17
9.107502286635490e+03 1.585374814626945e-16 2.495240170787223e-17
9.109599607989225e+03 1.512278985592264e-16 2.391720269835859e-17
9.111697412324660e+03 1.134403406755450e-16 2.603199673966605e-17
9.113795699753002e+03 1.447516244968065e-16 3.147576618423912e-17
9.115894470385516e+03 1.586142114381021e-16 3.296414202701079e-17
9.117993724333459e+03 8.445642164625517e-17 2.902545669456232e-17
9.120093461708153e+03 1.357426320499177e-16 2.877975292958426e-17
9.122193682620900e+03 1.579709464001149e-16 3.022000778868100e-17
9.124294387183074e+03 1.219638011254173e-16 2.733623584737956e-17
9.126395575506041e+03 1.398954823603359e-16 2.456057856840873e-17
9.128497247701200e+03 1.267673313185077e-16 2.470281105816000e-17
9.130599403879978e+03 1.801823379522575e-16 2.633815825306335e-17
9.132702044153850e+03 1.652223826500241e-16 2.605142115814087e-17
9.134805168634277e+03 1.454158836712743e-16 2.829363064450794e-17
9.136908777432762e+03 1.404630018228443e-16 2.954698620213127e-17
9.139012870660850e+03 1.614194295130844e-16 2.778045005844798e-17
9.141117448430085e+03 1.860358019004593e-16 2.707330839960179e-17
9.143222510852062e+03 1.643576366340368e-16 2.616526516943740e-17
9.145328058038373e+03 1.406012228547194e-16 2.678777185461947e-17
9.147434090100673e+03 1.547674910697998e-16 2.637131690420821e-17
9.149540607150600e+03 1.149657125426106e-16 2.479008915784982e-17
9.151647609299858e+03 1.542932671676256e-16 2.539930958244741e-17
9.153755096660143e+03 1.662153044868678e-16 2.675929106713040e-17
9.155863069343206e+03 1.276161227248044e-16 2.604013252233484e-17
9.157971527460793e+03 1.031029794873321e-16 2.498277434034355e-17
9.160080471124711e+03 1.030719983558634e-16 0.000000000000000e+00
9.162189900446756e+03 1.030411011106341e-16 0.000000000000000e+00
9.164299815538785e+03 1.030102963983288e-16 0.000000000000000e+00
9.166410216512655e+03 1.029795670773280e-16 0.000000000000000e+00
9.168521103480247e+03 1.029489217970839e-16 0.000000000000000e+00
9.170632476553490e+03 1.029183606092748e-16 0.000000000000000e+00
9.172744335844334e+03 1.028878921506362e-16 0.000000000000000e+00
9.174856681464738e+03 1.028574993005304e-16 0.000000000000000e+00
9.176969513526688e+03 1.028269333026233e-16 0.000000000000000e+00
9.179082832142223e+03 1.027967090768782e-16 0.000000000000000e+00
9.181196637423371e+03 1.027665692030964e-16 0.000000000000000e+00
